storage_location,quantity,notes,reorder_quantity,item_type,associated_pricing_item_ids,expiry_date,item_name,location_id,low_stock_threshold,unit,cost_per_unit,supplier,item_condition,sku,status,id,created_date,updated_date,created_by_id,created_by,is_sample
"Lab Drawer #1","4","","","Product","[]","2025-11-30","Radiesse","69593d53c98b3add2b7ee76e","4","syringes","","","unopened","","active","696fccbef1999ff096a216e6","2026-01-20T18:43:10.325000","2026-02-02T04:24:22.901000","695939a556b8082002a35a69","renukajackson1@gmail.com","false"
"Lab Drawer #1","3","","","Supply","[]","2026-07-31","Kysse","69593d53c98b3add2b7ee76e","2","syringe","","Galderma","unopened","","active","696fcb9cd26052efff4c5bee","2026-01-20T18:38:20.149000","2026-01-20T18:42:01.453000","695939a556b8082002a35a69","renukajackson1@gmail.com","false"
"Fridge","1","","","Supply","[]","","Semaglutide","69593d53c98b3add2b7ee770","1","vials","","RX Compound","opened","","active","696fc68ff63a3a396ced793c","2026-01-20T18:16:47.776000","2026-01-20T18:16:47.776000","695939a556b8082002a35a69","renukajackson1@gmail.com","false"
"Fillers","2","","","Medication","","2026-08-31","Defyne","69593d53c98b3add2b7ee76e","10","syringes","","","unopened","","active","69690b3c2acef97513bc2981","2026-01-15T15:43:56.091000","2026-01-15T15:43:56.091000","695939a556b8082002a35a69","renukajackson1@gmail.com","false"
"Backstock Vitamins","1","","","Medication","","","L-Carnitine","69593d53c98b3add2b7ee76e","10","units","","","unopened","","active","69690b3c2acef97513bc2985","2026-01-15T15:43:56.091000","2026-01-15T15:43:56.091000","695939a556b8082002a35a69","renukajackson1@gmail.com","false"
"Lab","2","","","Supply","","","Aquaphor","69593d53c98b3add2b7ee76e","10","bottles","","","unopened","","active","69690b3c2acef97513bc29a6","2026-01-15T15:43:56.091000","2026-01-15T15:43:56.091000","695939a556b8082002a35a69","renukajackson1@gmail.com","false"
"Fillers","3","","","Medication","","2026-04-30","Defyne","69593d53c98b3add2b7ee76e","10","syringes","","","unopened","","active","69690b3c2acef97513bc297f","2026-01-15T15:43:56.091000","2026-01-15T15:43:56.091000","695939a556b8082002a35a69","renukajackson1@gmail.com","false"
"Room 7","5","","","Supply","","","Face Masks","69593d53c98b3add2b7ee76e","10","bags","","","unopened","","active","69690b3c2acef97513bc29b3","2026-01-15T15:43:56.091000","2026-01-15T15:43:56.091000","695939a556b8082002a35a69","renukajackson1@gmail.com","false"
"Cabinet","1","","","Medication","","","Prednisone","69593d53c98b3add2b7ee76e","10","bottles","","","unopened","","active","69690b3c2acef97513bc297c","2026-01-15T15:43:56.091000","2026-01-15T15:43:56.091000","695939a556b8082002a35a69","renukajackson1@gmail.com","false"
"Room 7","10","","","Supply","","","Eye Masks","69593d53c98b3add2b7ee76e","10","masks","","","unopened","","active","69690b3c2acef97513bc29b2","2026-01-15T15:43:56.091000","2026-01-15T15:43:56.091000","695939a556b8082002a35a69","renukajackson1@gmail.com","false"
"Backstock Vitamins","1","","","Medication","","","Calcium","69593d53c98b3add2b7ee76e","10","units","","","unopened","","active","69690b3c2acef97513bc2999","2026-01-15T15:43:56.091000","2026-01-15T15:43:56.091000","695939a556b8082002a35a69","renukajackson1@gmail.com","false"
"Backstock Vitamins","1","","","Medication","","","Amino Blend","69593d53c98b3add2b7ee76e","10","units","","","unopened","","active","69690b3c2acef97513bc2989","2026-01-15T15:43:56.091000","2026-01-15T15:43:56.091000","695939a556b8082002a35a69","renukajackson1@gmail.com","false"
"Backstock Vitamins","1","","","Medication","","2026-03-12","Lipo/Mino","69593d53c98b3add2b7ee76e","10","units","","","unopened","","active","69690b3c2acef97513bc2991","2026-01-15T15:43:56.091000","2026-01-19T21:57:29.062000","695939a556b8082002a35a69","renukajackson1@gmail.com","false"
"Room 6","1","","","Product","","","G-Peel 50","69593d53c98b3add2b7ee76e","10","dropper bottles","","","unopened","","active","69690b3c2acef97513bc29a8","2026-01-15T15:43:56.091000","2026-01-15T15:43:56.091000","695939a556b8082002a35a69","renukajackson1@gmail.com","false"
"Room 6","1","","","Product","","","G-Peel 30","69593d53c98b3add2b7ee76e","10","units","","","unopened","","active","69690b3c2acef97513bc29ab","2026-01-15T15:43:56.091000","2026-01-15T15:43:56.091000","695939a556b8082002a35a69","renukajackson1@gmail.com","false"
"Backstock Vitamins","2","","","Medication","","","B12","69593d53c98b3add2b7ee76e","10","units","","","unopened","","active","69690b3c2acef97513bc298d","2026-01-15T15:43:56.091000","2026-01-19T21:57:29.232000","695939a556b8082002a35a69","renukajackson1@gmail.com","false"
"Room 6","1","","","Product","","","P-Peel 20","69593d53c98b3add2b7ee76e","10","units","","","unopened","","active","69690b3c2acef97513bc29ad","2026-01-15T15:43:56.091000","2026-01-15T15:43:56.091000","695939a556b8082002a35a69","renukajackson1@gmail.com","false"
"Lab","1","","","Medication","","2022-10-31","Nitrofurantoin","69593d53c98b3add2b7ee76e","10","bottles","","","opened","","active","69690b3c2acef97513bc299c","2026-01-15T15:43:56.091000","2026-01-15T15:43:56.091000","695939a556b8082002a35a69","renukajackson1@gmail.com","false"
"Fillers","4","","","Medication","","2026-10-31","Contour","69593d53c98b3add2b7ee76e","10","syringes","","","unopened","","active","69690b3c2acef97513bc297d","2026-01-15T15:43:56.091000","2026-01-20T18:32:55.474000","695939a556b8082002a35a69","renukajackson1@gmail.com","false"
"Room 7","4","","","Supply","","","Exact (Micro-needling) heads","69593d53c98b3add2b7ee76e","10","heads","","","unopened","","active","69690b3c2acef97513bc29b1","2026-01-15T15:43:56.091000","2026-01-15T15:43:56.091000","695939a556b8082002a35a69","renukajackson1@gmail.com","false"
"Backstock Vitamins","0","","","Medication","","","Biotin","69593d53c98b3add2b7ee76e","10","units","","","unopened","","active","69690b3c2acef97513bc2992","2026-01-15T15:43:56.091000","2026-01-19T21:57:29.047000","695939a556b8082002a35a69","renukajackson1@gmail.com","false"
"Lab","2","","","Supply","","2026-11-30","DermaPak Kits","69593d53c98b3add2b7ee76e","10","kits","","","unopened","","active","69690b3c2acef97513bc299d","2026-01-15T15:43:56.091000","2026-01-15T15:43:56.091000","695939a556b8082002a35a69","renukajackson1@gmail.com","false"
"Room 6","1","","","Product","","","P-Peel 40","69593d53c98b3add2b7ee76e","10","units","","","unopened","","active","69690b3c2acef97513bc29ae","2026-01-15T15:43:56.091000","2026-01-15T15:43:56.091000","695939a556b8082002a35a69","renukajackson1@gmail.com","false"
"Lab","2","","","Supply","","","Rubbing Alcohol","69593d53c98b3add2b7ee76e","10","bottles","","","unopened","","active","69690b3c2acef97513bc29a2","2026-01-15T15:43:56.091000","2026-01-15T15:43:56.091000","695939a556b8082002a35a69","renukajackson1@gmail.com","false"
"Lab","2","","","Supply","","","Hydrogen Peroxide","69593d53c98b3add2b7ee76e","10","bottles","","","unopened","","active","69690b3c2acef97513bc29a3","2026-01-15T15:43:56.091000","2026-01-15T15:43:56.091000","695939a556b8082002a35a69","renukajackson1@gmail.com","false"
"Backstock Vitamins","1","","","Medication","","","Biotin","69593d53c98b3add2b7ee76e","10","units","","","opened","","active","69690b3c2acef97513bc2993","2026-01-15T15:43:56.091000","2026-01-15T15:43:56.091000","695939a556b8082002a35a69","renukajackson1@gmail.com","false"
"Lab","4","","","Medication","","2026-08-31","Zofran Injection","69593d53c98b3add2b7ee76e","10","vials","","","unopened","","active","69690b3c2acef97513bc299f","2026-01-15T15:43:56.091000","2026-01-15T15:43:56.091000","695939a556b8082002a35a69","renukajackson1@gmail.com","false"
"Backstock Vitamins","1","","","Medication","","","Amino Blend","69593d53c98b3add2b7ee76e","10","units","","","opened","","active","69690b3c2acef97513bc298a","2026-01-15T15:43:56.091000","2026-01-15T15:43:56.091000","695939a556b8082002a35a69","renukajackson1@gmail.com","false"
"Room 7","2","","","Supply","","","Deep (Micro-needling) heads","69593d53c98b3add2b7ee76e","10","heads","","","unopened","","active","69690b3c2acef97513bc29b0","2026-01-15T15:43:56.091000","2026-01-15T15:43:56.091000","695939a556b8082002a35a69","renukajackson1@gmail.com","false"
"Fillers","2","","","Medication","","2027-07-31","Lyft","69593d53c98b3add2b7ee76e","10","syringes","","","unopened","","active","69690b3c2acef97513bc297e","2026-01-15T15:43:56.091000","2026-01-15T15:43:56.091000","695939a556b8082002a35a69","renukajackson1@gmail.com","false"
"Backstock Vitamins","1","","","Medication","","2024-07-20","Mineral Blend","69593d53c98b3add2b7ee76e","10","units","","","opened","","active","69690b3c2acef97513bc2988","2026-01-15T15:43:56.091000","2026-01-19T21:57:29.111000","695939a556b8082002a35a69","renukajackson1@gmail.com","false"
"Room 6","1","","","Product","","","S-Peel 20","69593d53c98b3add2b7ee76e","10","dropper bottles","","","unopened","","active","69690b3c2acef97513bc29aa","2026-01-15T15:43:56.091000","2026-01-15T15:43:56.091000","695939a556b8082002a35a69","renukajackson1@gmail.com","false"
"Backstock Vitamins","0","","","Medication","","","Magnesium Chloride","69593d53c98b3add2b7ee76e","10","units","","","unopened","","active","69690b3c2acef97513bc2994","2026-01-15T15:43:56.091000","2026-01-19T21:57:29.243000","695939a556b8082002a35a69","renukajackson1@gmail.com","false"
"Room 6","1","","","Product","","","J-Peel Delicate","69593d53c98b3add2b7ee76e","10","dropper bottles","","","unopened","","active","69690b3c2acef97513bc29a9","2026-01-15T15:43:56.091000","2026-01-15T15:43:56.091000","695939a556b8082002a35a69","renukajackson1@gmail.com","false"
"Lab","1","","","Medication","","2025-05-31","Ibuprofen","69593d53c98b3add2b7ee76e","10","bottles","","","opened","","active","69690b3c2acef97513bc299b","2026-01-15T15:43:56.091000","2026-01-15T15:43:56.091000","695939a556b8082002a35a69","renukajackson1@gmail.com","false"
"Cabinet","2","","","Medication","","","Anastrozole","69593d53c98b3add2b7ee76e","10","bottles","","","unopened","","active","69690b3c2acef97513bc297b","2026-01-15T15:43:56.091000","2026-01-15T15:43:56.091000","695939a556b8082002a35a69","renukajackson1@gmail.com","false"
"Cabinet","1","","","Medication","","","Valacyclovir","69593d53c98b3add2b7ee76e","10","bottles","","","unopened","","active","69690b3c2acef97513bc297a","2026-01-15T15:43:56.091000","2026-01-15T15:43:56.091000","695939a556b8082002a35a69","renukajackson1@gmail.com","false"
"Lab","6","","","Supply","","","Triple Antibiotic Cream","69593d53c98b3add2b7ee76e","10","tubes","","","unopened","","active","69690b3c2acef97513bc299e","2026-01-15T15:43:56.091000","2026-01-15T15:43:56.091000","695939a556b8082002a35a69","renukajackson1@gmail.com","false"
"Backstock Vitamins","1","","","Medication","","","Zinc","69593d53c98b3add2b7ee76e","10","units","","","unopened","","active","69690b3c2acef97513bc2997","2026-01-15T15:43:56.091000","2026-01-15T15:43:56.091000","695939a556b8082002a35a69","renukajackson1@gmail.com","false"
"Backstock Vitamins","1","","","Medication","","","Vita Complex","69593d53c98b3add2b7ee76e","10","units","","","opened","","active","69690b3c2acef97513bc2990","2026-01-15T15:43:56.091000","2026-01-15T15:43:56.091000","695939a556b8082002a35a69","renukajackson1@gmail.com","false"
"Room 6","1","","","Product","","","G-Peel 50","69593d53c98b3add2b7ee76e","10","units","","","unopened","","active","69690b3c2acef97513bc29ac","2026-01-15T15:43:56.091000","2026-01-15T15:43:56.091000","695939a556b8082002a35a69","renukajackson1@gmail.com","false"
"Lab","1","","","Medication","","2026-08-31","ANA","69593d53c98b3add2b7ee76e","10","bottles","","","unopened","","active","69690b3c2acef97513bc29a1","2026-01-15T15:43:56.091000","2026-01-15T15:43:56.091000","695939a556b8082002a35a69","renukajackson1@gmail.com","false"
"Lab","1","","","Medication","","2027-09-30","Zofran","69593d53c98b3add2b7ee76e","10","boxes","","","unopened","","active","69690b3c2acef97513bc29a0","2026-01-15T15:43:56.091000","2026-01-15T15:43:56.091000","695939a556b8082002a35a69","renukajackson1@gmail.com","false"
"Lab Drawer #1","2","","","Supply","[]","2028-03-31","Sculptra","69593d53c98b3add2b7ee76e","1","vials","","","unopened","","active","69690b3c2acef97513bc2984","2026-01-15T15:43:56.091000","2026-01-20T18:34:19.477000","695939a556b8082002a35a69","renukajackson1@gmail.com","false"
"Backstock Vitamins","0","","","Medication","","","Zinc","69593d53c98b3add2b7ee76e","10","units","","","opened","","active","69690b3c2acef97513bc2998","2026-01-15T15:43:56.091000","2026-01-19T21:57:29.943000","695939a556b8082002a35a69","renukajackson1@gmail.com","false"
"Backstock Vitamins","1","","","Medication","","2025-12-27","Vit D3","69593d53c98b3add2b7ee76e","10","units","","","unopened","","active","69690b3c2acef97513bc2995","2026-01-15T15:43:56.091000","2026-01-19T21:57:29.037000","695939a556b8082002a35a69","renukajackson1@gmail.com","false"
"Lab Drawer #1","1","","","Medication","[]","2027-04-30","Sculptra","69593d53c98b3add2b7ee76e","1","vials","","","unopened","","active","69690b3c2acef97513bc2983","2026-01-15T15:43:56.091000","2026-01-20T18:36:00.475000","695939a556b8082002a35a69","renukajackson1@gmail.com","false"
"Lab","1","","","Medication","","2027-05-31","Keflex","69593d53c98b3add2b7ee76e","10","bottles","","","opened","","active","69690b3c2acef97513bc299a","2026-01-15T15:43:56.091000","2026-01-15T15:43:56.091000","695939a556b8082002a35a69","renukajackson1@gmail.com","false"
"Lab","1","","","Supply","","2027-01-31","Sodium Chloride 0.9%","69593d53c98b3add2b7ee76e","10","bottles","","","unopened","","active","69690b3c2acef97513bc29a4","2026-01-15T15:43:56.091000","2026-01-15T15:43:56.091000","695939a556b8082002a35a69","renukajackson1@gmail.com","false"
"Fillers","1","","","Medication","","2026-07-31","Defyne","69593d53c98b3add2b7ee76e","10","syringes","","","unopened","","active","69690b3c2acef97513bc2980","2026-01-15T15:43:56.091000","2026-01-15T15:43:56.091000","695939a556b8082002a35a69","renukajackson1@gmail.com","false"
"Lab","1","","","Supply","","2027-03-31","Sodium Chloride 0.9%","69593d53c98b3add2b7ee76e","10","bottles","","","unopened","","active","69690b3c2acef97513bc29a5","2026-01-15T15:43:56.091000","2026-01-15T15:43:56.091000","695939a556b8082002a35a69","renukajackson1@gmail.com","false"
"Backstock Vitamins","1","","","Medication","","","B12","69593d53c98b3add2b7ee76e","10","units","","","opened","","active","69690b3c2acef97513bc298e","2026-01-15T15:43:56.091000","2026-01-15T15:43:56.091000","695939a556b8082002a35a69","renukajackson1@gmail.com","false"
"Backstock Vitamins","0","","","Medication","","","Lipo-Stat Blend","69593d53c98b3add2b7ee76e","10","units","","","unopened","","active","69690b3c2acef97513bc298b","2026-01-15T15:43:56.091000","2026-01-19T21:57:29.058000","695939a556b8082002a35a69","renukajackson1@gmail.com","false"
"Fillers","1","","","Medication","","2025-12-31","Kybella","69593d53c98b3add2b7ee76e","10","units","","","unopened","","active","69690b3c2acef97513bc2982","2026-01-15T15:43:56.091000","2026-01-15T15:43:56.091000","695939a556b8082002a35a69","renukajackson1@gmail.com","false"
"Backstock Vitamins","1","","","Medication","","2025-05-08","Vita Complex","69593d53c98b3add2b7ee76e","10","units","","","unopened","","active","69690b3c2acef97513bc298f","2026-01-15T15:43:56.091000","2026-01-19T21:57:29.054000","695939a556b8082002a35a69","renukajackson1@gmail.com","false"
"Backstock Vitamins","1","","","Medication","","","Vit D3","69593d53c98b3add2b7ee76e","10","units","","","opened","","active","69690b3c2acef97513bc2996","2026-01-15T15:43:56.091000","2026-01-15T15:43:56.091000","695939a556b8082002a35a69","renukajackson1@gmail.com","false"
"Backstock Vitamins","1","","","Medication","","","L-Carnitine","69593d53c98b3add2b7ee76e","10","units","","","opened","","active","69690b3c2acef97513bc2986","2026-01-15T15:43:56.091000","2026-01-15T15:43:56.091000","695939a556b8082002a35a69","renukajackson1@gmail.com","false"
"Backstock Vitamins","0","","","Medication","","","Mineral Blend","69593d53c98b3add2b7ee76e","10","units","","","unopened","","active","69690b3c2acef97513bc2987","2026-01-15T15:43:56.091000","2026-01-19T21:57:29.091000","695939a556b8082002a35a69","renukajackson1@gmail.com","false"
"Lab","1","","","Medication","","2027-04-30","Liletta","69593d53c98b3add2b7ee76e","10","units","","","unopened","","active","69690b3c2acef97513bc29a7","2026-01-15T15:43:56.091000","2026-01-15T15:43:56.091000","695939a556b8082002a35a69","renukajackson1@gmail.com","false"
"Backstock Vitamins","1","","","Medication","","2024-02-10","Taurine","69593d53c98b3add2b7ee76e","10","units","","","unopened","","active","69690b3c2acef97513bc298c","2026-01-15T15:43:56.091000","2026-01-19T21:57:29.064000","695939a556b8082002a35a69","renukajackson1@gmail.com","false"
"Room 7","3","","","Supply","","","Smart (Micro-needling) heads","69593d53c98b3add2b7ee76e","10","heads","","","unopened","","active","69690b3c2acef97513bc29af","2026-01-15T15:43:56.091000","2026-01-15T15:43:56.091000","695939a556b8082002a35a69","renukajackson1@gmail.com","false"
"Injectables","2","","","Medication","","","Botox","69593d53c98b3add2b7ee76e","10","units","","","unopened","","active","69690b3c2acef97513bc2972","2026-01-15T15:43:56.090000","2026-01-15T15:43:56.090000","695939a556b8082002a35a69","renukajackson1@gmail.com","false"
"Fridge","2","","","Medication","","","Preserved Ascorbic Acid","69593d53c98b3add2b7ee76e","10","units","","","opened","","active","69690b3c2acef97513bc2967","2026-01-15T15:43:56.090000","2026-01-15T15:43:56.090000","695939a556b8082002a35a69","renukajackson1@gmail.com","false"
"Fridge","1","","","Medication","","","NAD+","69593d53c98b3add2b7ee76e","10","units","","","opened","","active","69690b3c2acef97513bc296c","2026-01-15T15:43:56.090000","2026-01-15T15:43:56.090000","695939a556b8082002a35a69","renukajackson1@gmail.com","false"
"Injectables","2","","","Medication","","","Jeuveau","69593d53c98b3add2b7ee76e","10","units","","","opened","","active","69690b3c2acef97513bc296f","2026-01-15T15:43:56.090000","2026-01-15T15:43:56.090000","695939a556b8082002a35a69","renukajackson1@gmail.com","false"
"Cabinet","1","","","Medication","","","Ibuprofen","69593d53c98b3add2b7ee76e","10","bottles","","","unopened","","active","69690b3c2acef97513bc2975","2026-01-15T15:43:56.090000","2026-01-15T15:43:56.090000","695939a556b8082002a35a69","renukajackson1@gmail.com","false"
"Fridge","2","","","Medication","","","Trimix","69593d53c98b3add2b7ee76e","10","units","","","unopened","","active","69690b3c2acef97513bc2966","2026-01-15T15:43:56.090000","2026-01-15T15:43:56.090000","695939a556b8082002a35a69","renukajackson1@gmail.com","false"
"Cabinet","1","","","Medication","","","Zofran","69593d53c98b3add2b7ee76e","10","boxes","","","unopened","","active","69690b3c2acef97513bc2978","2026-01-15T15:43:56.090000","2026-01-15T15:43:56.090000","695939a556b8082002a35a69","renukajackson1@gmail.com","false"
"Vials","0","","","Medication","[]","","Testosterone 50mg/ml vial","69593d53c98b3add2b7ee76e","10","vials","","","unopened","","active","69690b3c2acef97513bc2965","2026-01-15T15:43:56.090000","2026-02-02T16:36:03.959000","695939a556b8082002a35a69","renukajackson1@gmail.com","false"
"Vials","1","","","Medication","","","Estradiol vials","69593d53c98b3add2b7ee76e","10","vials","","","unopened","","active","69690b3c2acef97513bc2964","2026-01-15T15:43:56.090000","2026-01-15T15:43:56.090000","695939a556b8082002a35a69","renukajackson1@gmail.com","false"
"Cabinet","1","","","Medication","","","Keflex","69593d53c98b3add2b7ee76e","10","bottles","","","unopened","","active","69690b3c2acef97513bc2976","2026-01-15T15:43:56.090000","2026-01-15T15:43:56.090000","695939a556b8082002a35a69","renukajackson1@gmail.com","false"
"Cabinet","2","","","Medication","","","MethylPrednisone","69593d53c98b3add2b7ee76e","10","packs","","","unopened","","active","69690b3c2acef97513bc2977","2026-01-15T15:43:56.090000","2026-01-15T15:43:56.090000","695939a556b8082002a35a69","renukajackson1@gmail.com","false"
"Fridge","4","","","Medication","[]","","Semaglutide vials","69593d53c98b3add2b7ee76f","10","vials","","","unopened","","active","69690b3c2acef97513bc2963","2026-01-15T15:43:56.090000","2026-01-19T04:38:11.094000","695939a556b8082002a35a69","renukajackson1@gmail.com","false"
"Injectables","3","","","Medication","","","Xeomin","69593d53c98b3add2b7ee76e","10","units","","","unopened","","active","69690b3c2acef97513bc2974","2026-01-15T15:43:56.090000","2026-01-15T15:43:56.090000","695939a556b8082002a35a69","renukajackson1@gmail.com","false"
"Injectables","1","","","Medication","","","Dysport","69593d53c98b3add2b7ee76e","10","units","","","unopened","","active","69690b3c2acef97513bc2970","2026-01-15T15:43:56.090000","2026-01-15T15:43:56.090000","695939a556b8082002a35a69","renukajackson1@gmail.com","false"
"Fridge","1","","","Medication","","","Myers Cocktail Mix","69593d53c98b3add2b7ee76e","10","units","","","unopened","","active","69690b3c2acef97513bc296b","2026-01-15T15:43:56.090000","2026-01-15T15:43:56.090000","695939a556b8082002a35a69","renukajackson1@gmail.com","false"
"Fridge","1","","","Medication","","","NAD+","69593d53c98b3add2b7ee76e","10","units","","","unopened","","active","69690b3c2acef97513bc296d","2026-01-15T15:43:56.090000","2026-01-15T15:43:56.090000","695939a556b8082002a35a69","renukajackson1@gmail.com","false"
"Injectables","1","","","Medication","","","Jeuveau","69593d53c98b3add2b7ee76e","10","units","","","unopened","","active","69690b3c2acef97513bc296e","2026-01-15T15:43:56.090000","2026-01-15T15:43:56.090000","695939a556b8082002a35a69","renukajackson1@gmail.com","false"
"Injectables","4","","","Medication","","","Dysport","69593d53c98b3add2b7ee76e","10","units","","","opened","","active","69690b3c2acef97513bc2971","2026-01-15T15:43:56.090000","2026-01-15T15:43:56.090000","695939a556b8082002a35a69","renukajackson1@gmail.com","false"
"Cabinet","1","","","Medication","","","Bromelain","69593d53c98b3add2b7ee76e","10","bottles","","","unopened","","active","69690b3c2acef97513bc2979","2026-01-15T15:43:56.090000","2026-01-15T15:43:56.090000","695939a556b8082002a35a69","renukajackson1@gmail.com","false"
"Fridge","1","","","Medication","","","Myers Cocktail Mix","69593d53c98b3add2b7ee76e","10","units","","","opened","","active","69690b3c2acef97513bc296a","2026-01-15T15:43:56.090000","2026-01-15T15:43:56.090000","695939a556b8082002a35a69","renukajackson1@gmail.com","false"
"Fridge","1","","","Medication","[]","","Semaglutide vials","69593d53c98b3add2b7ee76e","10","vials","","","opened","","active","69690b3c2acef97513bc2962","2026-01-15T15:43:56.090000","2026-01-19T04:44:46.740000","695939a556b8082002a35a69","renukajackson1@gmail.com","false"
"Fridge","1","","","Medication","","","Glutathione","69593d53c98b3add2b7ee76e","10","units","","","opened","","active","69690b3c2acef97513bc2968","2026-01-15T15:43:56.090000","2026-01-15T15:43:56.090000","695939a556b8082002a35a69","renukajackson1@gmail.com","false"
"Fridge","1","","","Medication","[]","","Tirzepatide vials","69593d53c98b3add2b7ee76e","10","vials","","","opened","","active","69690b3c2acef97513bc2961","2026-01-15T15:43:56.090000","2026-02-02T16:17:51.264000","695939a556b8082002a35a69","renukajackson1@gmail.com","false"
"Fridge","1","","","Medication","","","Glutathione","69593d53c98b3add2b7ee76e","10","units","","","unopened","","active","69690b3c2acef97513bc2969","2026-01-15T15:43:56.090000","2026-01-15T15:43:56.090000","695939a556b8082002a35a69","renukajackson1@gmail.com","false"
"Injectables","1","","","Medication","","","Botox","69593d53c98b3add2b7ee76e","10","units","","","opened","","active","69690b3c2acef97513bc2973","2026-01-15T15:43:56.090000","2026-01-15T15:43:56.090000","695939a556b8082002a35a69","renukajackson1@gmail.com","false"
"Big Lab (Bldg 400)","3","","","Supply","","","EyeWash/Flush","69593d53c98b3add2b7ee76f","10","bottles","","","unopened","","active","69690956821941c4e589e144","2026-01-15T15:35:50.581000","2026-01-15T15:35:50.581000","695939a556b8082002a35a69","renukajackson1@gmail.com","false"
"Big Lab (Bldg 400)","2","","","Supply","","","Bacteriostatic Water","69593d53c98b3add2b7ee76f","10","boxes","","","unopened","","active","69690956821941c4e589e140","2026-01-15T15:35:50.581000","2026-01-15T15:35:50.581000","695939a556b8082002a35a69","renukajackson1@gmail.com","false"
"Big Lab (Bldg 400)","1","","","Supply","","","Sterile Water","69593d53c98b3add2b7ee76f","10","boxes","","","opened","","active","69690956821941c4e589e142","2026-01-15T15:35:50.581000","2026-01-15T15:35:50.581000","695939a556b8082002a35a69","renukajackson1@gmail.com","false"
"Injectables","6","","","Medication","","","Daxxify","69593d53c98b3add2b7ee76f","10","units","","","unopened","","active","69690956821941c4e589e147","2026-01-15T15:35:50.581000","2026-01-15T15:35:50.581000","695939a556b8082002a35a69","renukajackson1@gmail.com","false"
"Big Lab (Bldg 400)","2","","","Supply","","","Sterile Water","69593d53c98b3add2b7ee76f","10","boxes","","","unopened","","active","69690956821941c4e589e143","2026-01-15T15:35:50.581000","2026-01-15T15:35:50.581000","695939a556b8082002a35a69","renukajackson1@gmail.com","false"
"Big Lab (Bldg 400)","11","","","Medication","","2027-09-30","Rocephin","69593d53c98b3add2b7ee76f","10","vials","","","opened","","active","69690956821941c4e589e146","2026-01-15T15:35:50.581000","2026-01-15T15:35:50.581000","695939a556b8082002a35a69","renukajackson1@gmail.com","false"
"Big Lab (Bldg 400)","9","","","Supply","","","Bacteriostatic Water","69593d53c98b3add2b7ee76f","10","vials","","","unopened","","active","69690956821941c4e589e13f","2026-01-15T15:35:50.581000","2026-01-15T15:35:50.581000","695939a556b8082002a35a69","renukajackson1@gmail.com","false"
"Big Lab (Bldg 400)","1","","","Medication","","","Lidocaine Hydrochloride","69593d53c98b3add2b7ee76f","10","boxes","","","opened","","active","69690956821941c4e589e141","2026-01-15T15:35:50.581000","2026-01-15T15:35:50.581000","695939a556b8082002a35a69","renukajackson1@gmail.com","false"
"Big Lab (Bldg 400)","1","","","Medication","","2027-10-31","Fluconazole","69593d53c98b3add2b7ee76f","10","boxes","","","unopened","","active","69690956821941c4e589e145","2026-01-15T15:35:50.581000","2026-01-15T15:35:50.581000","695939a556b8082002a35a69","renukajackson1@gmail.com","false"
"Black Cabinet","4","","","Medication","","","Triamcinolone Acetonide Injectable","69593d53c98b3add2b7ee76f","10","units","","","unopened","","active","69690956821941c4e589e0fd","2026-01-15T15:35:50.580000","2026-01-15T15:35:50.580000","695939a556b8082002a35a69","renukajackson1@gmail.com","false"
"Closet (right side)","7","","","Medication","","2025-09-30","Xeomin","69593d53c98b3add2b7ee76f","10","units","","","unopened","","active","69690956821941c4e589e121","2026-01-15T15:35:50.580000","2026-01-15T15:35:50.580000","695939a556b8082002a35a69","renukajackson1@gmail.com","false"
"Mini Fridge","1","","","Medication","","","Glutathione","69593d53c98b3add2b7ee76f","10","units","","","opened","","active","69690956821941c4e589e0f6","2026-01-15T15:35:50.580000","2026-01-15T15:35:50.580000","695939a556b8082002a35a69","renukajackson1@gmail.com","false"
"Closet (right side)","84","","","Medication","","2025-12-31","Xeomin","69593d53c98b3add2b7ee76f","10","units","","","unopened","","active","69690956821941c4e589e122","2026-01-15T15:35:50.580000","2026-01-15T15:35:50.580000","695939a556b8082002a35a69","renukajackson1@gmail.com","false"
"Closet (left side)","3","","","Medication","","2027-12-31","Bromelain","69593d53c98b3add2b7ee76f","10","bottles","","","unopened","","active","69690956821941c4e589e114","2026-01-15T15:35:50.580000","2026-01-15T15:35:50.580000","695939a556b8082002a35a69","renukajackson1@gmail.com","false"
"Kim's Fridge","2","","","Medication","","","BPC-157","69593d53c98b3add2b7ee76f","10","units","","","unopened","","active","69690956821941c4e589e0ea","2026-01-15T15:35:50.580000","2026-01-15T15:35:50.580000","695939a556b8082002a35a69","renukajackson1@gmail.com","false"
"Big Lab (Bldg 400)","1","","","Medication","","2025-11-30","ANA","69593d53c98b3add2b7ee76f","10","units","","","unopened","","active","69690956821941c4e589e133","2026-01-15T15:35:50.580000","2026-01-15T15:35:50.580000","695939a556b8082002a35a69","renukajackson1@gmail.com","false"
"Closet (right side)","6","","","Medication","","","Liletta IUD","69593d53c98b3add2b7ee76f","10","boxes","","","unopened","","active","69690956821941c4e589e130","2026-01-15T15:35:50.580000","2026-01-15T15:35:50.580000","695939a556b8082002a35a69","renukajackson1@gmail.com","false"
"Closet (right side)","12","2 syringes per set","","Medication","","2025-11-30","Radiesse","69593d53c98b3add2b7ee76f","10","sets","","","unopened","","active","69690956821941c4e589e125","2026-01-15T15:35:50.580000","2026-01-15T15:35:50.580000","695939a556b8082002a35a69","renukajackson1@gmail.com","false"
"Black Cabinet","50","Plenty in stock","","Supply","","","Numbing cream","69593d53c98b3add2b7ee76f","10","units","","","unopened","","active","69690956821941c4e589e0fb","2026-01-15T15:35:50.580000","2026-01-15T15:35:50.580000","695939a556b8082002a35a69","renukajackson1@gmail.com","false"
"Closet (left side)","10","","","Supply","","","Subnovii","69593d53c98b3add2b7ee76f","10","units","","","unopened","","active","69690956821941c4e589e11f","2026-01-15T15:35:50.580000","2026-01-15T15:35:50.580000","695939a556b8082002a35a69","renukajackson1@gmail.com","false"
"Closet (right side)","20","","","Medication","","2027-04-30","Defyne","69593d53c98b3add2b7ee76f","10","syringes","","","unopened","","active","69690956821941c4e589e120","2026-01-15T15:35:50.580000","2026-01-15T15:35:50.580000","695939a556b8082002a35a69","renukajackson1@gmail.com","false"
"Kim's Fridge","3","","","Medication","","","Glutathione","69593d53c98b3add2b7ee76f","10","units","","","unopened","","active","69690956821941c4e589e0e8","2026-01-15T15:35:50.580000","2026-01-15T15:35:50.580000","695939a556b8082002a35a69","renukajackson1@gmail.com","false"
"Closet (left side)","3","","","Supply","","","Deep (Micro-needling)","69593d53c98b3add2b7ee76f","10","units","","","unopened","","active","69690956821941c4e589e11d","2026-01-15T15:35:50.580000","2026-01-15T15:35:50.580000","695939a556b8082002a35a69","renukajackson1@gmail.com","false"
"Mini Fridge","1","","","Medication","","","Dysport","69593d53c98b3add2b7ee76f","10","units","","","opened","","active","69690956821941c4e589e0ec","2026-01-15T15:35:50.580000","2026-01-15T15:35:50.580000","695939a556b8082002a35a69","renukajackson1@gmail.com","false"
"Black Cabinet","1","","","Medication","","","Radiesse","69593d53c98b3add2b7ee76f","10","syringes","","","unopened","","active","69690956821941c4e589e103","2026-01-15T15:35:50.580000","2026-01-15T15:35:50.580000","695939a556b8082002a35a69","renukajackson1@gmail.com","false"
"Mini Fridge","1","","","Medication","","","Myers Mix","69593d53c98b3add2b7ee76f","10","units","","","opened","","active","69690956821941c4e589e0f7","2026-01-15T15:35:50.580000","2026-01-15T15:35:50.580000","695939a556b8082002a35a69","renukajackson1@gmail.com","false"
"Black Cabinet","1","","","Medication","","2026-10-26","Contour","69593d53c98b3add2b7ee76f","10","syringes","","","unopened","","active","69690956821941c4e589e100","2026-01-15T15:35:50.580000","2026-01-15T15:35:50.580000","695939a556b8082002a35a69","renukajackson1@gmail.com","false"
"Big Lab (Bldg 400)","1","","","Medication","","2027-07-31","Kenalog","69593d53c98b3add2b7ee76f","10","boxes","","","unopened","","active","69690956821941c4e589e137","2026-01-15T15:35:50.580000","2026-01-15T15:35:50.580000","695939a556b8082002a35a69","renukajackson1@gmail.com","false"
"Black Cabinet","2","","","Medication","","2026-02-26","Kysse","69593d53c98b3add2b7ee76f","10","syringes","","","unopened","","active","69690956821941c4e589e105","2026-01-15T15:35:50.580000","2026-01-15T15:35:50.580000","695939a556b8082002a35a69","renukajackson1@gmail.com","false"
"Mini Fridge","2","","","Medication","","","Botox","69593d53c98b3add2b7ee76f","10","units","","","unopened","","active","69690956821941c4e589e0eb","2026-01-15T15:35:50.580000","2026-01-15T15:35:50.580000","695939a556b8082002a35a69","renukajackson1@gmail.com","false"
"Closet (right side)","3","","","Medication","","2027-03-31","Daxxify","69593d53c98b3add2b7ee76f","10","units","","","unopened","","active","69690956821941c4e589e124","2026-01-15T15:35:50.580000","2026-01-15T15:35:50.580000","695939a556b8082002a35a69","renukajackson1@gmail.com","false"
"Closet (right side)","21","","","Medication","","2025-11-30","Lyft","69593d53c98b3add2b7ee76f","10","syringes","","","unopened","","active","69690956821941c4e589e126","2026-01-15T15:35:50.580000","2026-01-15T15:35:50.580000","695939a556b8082002a35a69","renukajackson1@gmail.com","false"
"Mini Fridge","1","","","Medication","","","Daxxify","69593d53c98b3add2b7ee76f","10","units","","","unopened","","active","69690956821941c4e589e0ee","2026-01-15T15:35:50.580000","2026-01-15T15:35:50.580000","695939a556b8082002a35a69","renukajackson1@gmail.com","false"
"Closet (left side)","3","","","Supply","","","Smart (Micro-needling)","69593d53c98b3add2b7ee76f","10","units","","","unopened","","active","69690956821941c4e589e11b","2026-01-15T15:35:50.580000","2026-01-15T15:35:50.580000","695939a556b8082002a35a69","renukajackson1@gmail.com","false"
"Kim's Fridge","2","","","Medication","","","Myers Cocktail","69593d53c98b3add2b7ee76f","10","units","","","unopened","","active","69690956821941c4e589e0e5","2026-01-15T15:35:50.580000","2026-01-15T15:35:50.580000","695939a556b8082002a35a69","renukajackson1@gmail.com","false"
"Closet (left side)","2","","","Supply","","","Diluent","69593d53c98b3add2b7ee76f","10","bottles","","","unopened","","active","69690956821941c4e589e119","2026-01-15T15:35:50.580000","2026-01-15T15:35:50.580000","695939a556b8082002a35a69","renukajackson1@gmail.com","false"
"Closet (left side)","3","","","Medication","","2026-01-31","Prednisone","69593d53c98b3add2b7ee76f","10","bottles","","","unopened","","active","69690956821941c4e589e117","2026-01-15T15:35:50.580000","2026-01-15T15:35:50.580000","695939a556b8082002a35a69","renukajackson1@gmail.com","false"
"Big Lab (Bldg 400)","2","","","Medication","","","AZO","69593d53c98b3add2b7ee76f","10","bottles","","","unopened","","active","69690956821941c4e589e138","2026-01-15T15:35:50.580000","2026-01-15T15:35:50.580000","695939a556b8082002a35a69","renukajackson1@gmail.com","false"
"Closet (right side)","2","","","Medication","","2026-10-31","Xeomin","69593d53c98b3add2b7ee76f","10","units","","","unopened","","active","69690956821941c4e589e123","2026-01-15T15:35:50.580000","2026-01-15T15:35:50.580000","695939a556b8082002a35a69","renukajackson1@gmail.com","false"
"Mini Fridge","3","","","Medication","[]","","Semaglutide","69593d53c98b3add2b7ee76f","10","vials","","","opened","","active","69690956821941c4e589e0f8","2026-01-15T15:35:50.580000","2026-01-19T04:38:11.094000","695939a556b8082002a35a69","renukajackson1@gmail.com","false"
"Closet (left side)","2","","","Supply","","","Exact (Micro-needling)","69593d53c98b3add2b7ee76f","10","units","","","unopened","","active","69690956821941c4e589e11c","2026-01-15T15:35:50.580000","2026-01-15T15:35:50.580000","695939a556b8082002a35a69","renukajackson1@gmail.com","false"
"Big Lab (Bldg 400)","7","","","Supply","","2026-11-30","DermaPak Kits","69593d53c98b3add2b7ee76f","10","kits","","","unopened","","active","69690956821941c4e589e13d","2026-01-15T15:35:50.580000","2026-01-15T15:35:50.580000","695939a556b8082002a35a69","renukajackson1@gmail.com","false"
"Black Cabinet","5","","","Medication","","","Defyne","69593d53c98b3add2b7ee76f","10","syringes","","","unopened","","active","69690956821941c4e589e102","2026-01-15T15:35:50.580000","2026-01-15T15:35:50.580000","695939a556b8082002a35a69","renukajackson1@gmail.com","false"
"Closet (left side)","1","","","Medication","","2027-06-30","Metoprolol Tartrate","69593d53c98b3add2b7ee76f","10","bottles","","","unopened","","active","69690956821941c4e589e11a","2026-01-15T15:35:50.580000","2026-01-15T15:35:50.580000","695939a556b8082002a35a69","renukajackson1@gmail.com","false"
"Black Cabinet","11","","","Medication","","","Testosterone Vials 200mg","69593d53c98b3add2b7ee76f","10","vials","","","unopened","","active","69690956821941c4e589e108","2026-01-15T15:35:50.580000","2026-01-15T15:35:50.580000","695939a556b8082002a35a69","renukajackson1@gmail.com","false"
"Big Lab (Bldg 400)","1","","","Medication","","","Zofran","69593d53c98b3add2b7ee76f","10","boxes","","","unopened","","active","69690956821941c4e589e13c","2026-01-15T15:35:50.580000","2026-01-15T15:35:50.580000","695939a556b8082002a35a69","renukajackson1@gmail.com","false"
"Black Cabinet","2","","","Supply","","","EZPRF blood concentrate","69593d53c98b3add2b7ee76f","10","units","","","unopened","","active","69690956821941c4e589e0fc","2026-01-15T15:35:50.580000","2026-01-15T15:35:50.580000","695939a556b8082002a35a69","renukajackson1@gmail.com","false"
"Closet (right side)","3","","","Supply","","","EZPRF (EZ2K)","69593d53c98b3add2b7ee76f","10","units","","","unopened","","active","69690956821941c4e589e12e","2026-01-15T15:35:50.580000","2026-01-15T15:35:50.580000","695939a556b8082002a35a69","renukajackson1@gmail.com","false"
"Closet (right side)","5","","","Medication","","2026-07-31","Kysse","69593d53c98b3add2b7ee76f","10","syringes","","","unopened","","active","69690956821941c4e589e129","2026-01-15T15:35:50.580000","2026-01-15T15:35:50.580000","695939a556b8082002a35a69","renukajackson1@gmail.com","false"
"Injectables","3","","","Medication","","","Botox","69593d53c98b3add2b7ee76f","10","units","","","unopened","","active","69690956821941c4e589e0fa","2026-01-15T15:35:50.580000","2026-01-15T15:35:50.580000","695939a556b8082002a35a69","renukajackson1@gmail.com","false"
"Big Lab (Bldg 400)","2","","","Medication","","","EPIPEN","69593d53c98b3add2b7ee76f","10","units","","","unopened","","active","69690956821941c4e589e13a","2026-01-15T15:35:50.580000","2026-01-15T15:35:50.580000","695939a556b8082002a35a69","renukajackson1@gmail.com","false"
"Big Lab (Bldg 400)","2","","","Supply","","","Bacteriostatic 0.9% Sodium","69593d53c98b3add2b7ee76f","10","boxes","","","opened","","active","69690956821941c4e589e13e","2026-01-15T15:35:50.580000","2026-01-15T15:35:50.580000","695939a556b8082002a35a69","renukajackson1@gmail.com","false"
"Black Cabinet","1","","","Medication","","","Estradiol Vials 10mg","69593d53c98b3add2b7ee76f","10","vials","","","unopened","","active","69690956821941c4e589e10c","2026-01-15T15:35:50.580000","2026-01-15T15:35:50.580000","695939a556b8082002a35a69","renukajackson1@gmail.com","false"
"Mini Fridge","48","","","Medication","","","Dysport","69593d53c98b3add2b7ee76f","10","units","","","unopened","","active","69690956821941c4e589e0ed","2026-01-15T15:35:50.580000","2026-01-15T15:35:50.580000","695939a556b8082002a35a69","renukajackson1@gmail.com","false"
"Big Lab (Bldg 400)","1","","","Medication","","2027-02-28","Valacyclovir","69593d53c98b3add2b7ee76f","10","bottles","","","unopened","","active","69690956821941c4e589e136","2026-01-15T15:35:50.580000","2026-01-15T15:35:50.580000","695939a556b8082002a35a69","renukajackson1@gmail.com","false"
"Mini Fridge","1","","","Medication","","","Jeuveau","69593d53c98b3add2b7ee76f","10","units","","","opened","","active","69690956821941c4e589e0f0","2026-01-15T15:35:50.580000","2026-01-15T15:35:50.580000","695939a556b8082002a35a69","renukajackson1@gmail.com","false"
"Black Cabinet","4","","","Medication","","","Estradiol Vials 20mg","69593d53c98b3add2b7ee76f","10","vials","","","unopened","","active","69690956821941c4e589e10d","2026-01-15T15:35:50.580000","2026-01-15T15:35:50.580000","695939a556b8082002a35a69","renukajackson1@gmail.com","false"
"Mini Fridge","2","","","Medication","","","NAD","69593d53c98b3add2b7ee76f","10","units","","","opened","","active","69690956821941c4e589e0f5","2026-01-15T15:35:50.580000","2026-01-15T15:35:50.580000","695939a556b8082002a35a69","renukajackson1@gmail.com","false"
"Closet (right side)","11","","","Medication","","2026-02-28","Kysse","69593d53c98b3add2b7ee76f","10","syringes","","","unopened","","active","69690956821941c4e589e128","2026-01-15T15:35:50.580000","2026-01-15T15:35:50.580000","695939a556b8082002a35a69","renukajackson1@gmail.com","false"
"Black Cabinet","2","","","Medication","","","Liletta IUD","69593d53c98b3add2b7ee76f","10","units","","","unopened","","active","69690956821941c4e589e107","2026-01-15T15:35:50.580000","2026-01-15T15:35:50.580000","695939a556b8082002a35a69","renukajackson1@gmail.com","false"
"Black Cabinet","1","","","Medication","","","Lyft","69593d53c98b3add2b7ee76f","10","syringes","","","unopened","","active","69690956821941c4e589e101","2026-01-15T15:35:50.580000","2026-01-15T15:35:50.580000","695939a556b8082002a35a69","renukajackson1@gmail.com","false"
"Black Cabinet","3","","","Medication","","2026-03-31","Contour","69593d53c98b3add2b7ee76f","10","syringes","","","unopened","","active","69690956821941c4e589e0ff","2026-01-15T15:35:50.580000","2026-01-15T15:35:50.580000","695939a556b8082002a35a69","renukajackson1@gmail.com","false"
"Black Cabinet","1","","","Medication","","","Testosterone Vials 50mg","69593d53c98b3add2b7ee76f","10","vials","","","unopened","","active","69690956821941c4e589e109","2026-01-15T15:35:50.580000","2026-01-15T15:35:50.580000","695939a556b8082002a35a69","renukajackson1@gmail.com","false"
"Closet (left side)","1","","","Medication","","","Claritin D","69593d53c98b3add2b7ee76f","10","packs","","","unopened","","active","69690956821941c4e589e112","2026-01-15T15:35:50.580000","2026-01-15T15:35:50.580000","695939a556b8082002a35a69","renukajackson1@gmail.com","false"
"Closet (left side)","3","","","Medication","","2027-02-28","Valacyclovir","69593d53c98b3add2b7ee76f","10","bottles","","","unopened","","active","69690956821941c4e589e115","2026-01-15T15:35:50.580000","2026-01-15T15:35:50.580000","695939a556b8082002a35a69","renukajackson1@gmail.com","false"
"Big Lab (Bldg 400)","1","","","Medication","","","Bromelain","69593d53c98b3add2b7ee76f","10","bottles","","","unopened","","active","69690956821941c4e589e132","2026-01-15T15:35:50.580000","2026-01-15T15:35:50.580000","695939a556b8082002a35a69","renukajackson1@gmail.com","false"
"Closet (left side)","4","","","Medication","","","Zofran","69593d53c98b3add2b7ee76f","10","boxes","","","unopened","","active","69690956821941c4e589e113","2026-01-15T15:35:50.580000","2026-01-15T15:35:50.580000","695939a556b8082002a35a69","renukajackson1@gmail.com","false"
"Kim's Fridge","1","","","Medication","","","Lipo-Mino","69593d53c98b3add2b7ee76f","10","units","","","unopened","","active","69690956821941c4e589e0e7","2026-01-15T15:35:50.580000","2026-01-15T15:35:50.580000","695939a556b8082002a35a69","renukajackson1@gmail.com","false"
"Closet (left side)","3","","","Medication","","","Ibuprofen","69593d53c98b3add2b7ee76f","10","bottles","","","unopened","","active","69690956821941c4e589e10e","2026-01-15T15:35:50.580000","2026-01-15T15:35:50.580000","695939a556b8082002a35a69","renukajackson1@gmail.com","false"
"Closet (left side)","2","","","Medication","","","Sermorelin Acetate","69593d53c98b3add2b7ee76f","10","bottles","","","unopened","","active","69690956821941c4e589e118","2026-01-15T15:35:50.580000","2026-01-15T15:35:50.580000","695939a556b8082002a35a69","renukajackson1@gmail.com","false"
"Big Lab (Bldg 400)","1","","","Medication","","","Zofran","69593d53c98b3add2b7ee76f","10","boxes","","","opened","","active","69690956821941c4e589e13b","2026-01-15T15:35:50.580000","2026-01-15T15:35:50.580000","695939a556b8082002a35a69","renukajackson1@gmail.com","false"
"Mini Fridge","1","","","Medication","","","Preserved Ascorbic Acid","69593d53c98b3add2b7ee76f","10","units","","","opened","","active","69690956821941c4e589e0f3","2026-01-15T15:35:50.580000","2026-01-15T15:35:50.580000","695939a556b8082002a35a69","renukajackson1@gmail.com","false"
"Closet (right side)","10","","","Medication","","2026-04-30","Contour","69593d53c98b3add2b7ee76f","10","syringes","","","unopened","","active","69690956821941c4e589e127","2026-01-15T15:35:50.580000","2026-01-15T15:35:50.580000","695939a556b8082002a35a69","renukajackson1@gmail.com","false"
"Kim's Fridge","4","","","Medication","","","NAD","69593d53c98b3add2b7ee76f","10","units","","","unopened","","active","69690956821941c4e589e0e6","2026-01-15T15:35:50.580000","2026-01-15T15:35:50.580000","695939a556b8082002a35a69","renukajackson1@gmail.com","false"
"Closet (right side)","11","","","Supply","","","EZPRF (EZ4K)","69593d53c98b3add2b7ee76f","10","sets","","","unopened","","active","69690956821941c4e589e12f","2026-01-15T15:35:50.580000","2026-01-15T15:35:50.580000","695939a556b8082002a35a69","renukajackson1@gmail.com","false"
"Black Cabinet","2","","","Medication","","","Estradiol Vials 5mg","69593d53c98b3add2b7ee76f","10","vials","","","unopened","","active","69690956821941c4e589e10b","2026-01-15T15:35:50.580000","2026-01-15T15:35:50.580000","695939a556b8082002a35a69","renukajackson1@gmail.com","false"
"Mini Fridge","5","","","Medication","","","Jeuveau","69593d53c98b3add2b7ee76f","10","units","","","unopened","","active","69690956821941c4e589e0f1","2026-01-15T15:35:50.580000","2026-01-15T15:35:50.580000","695939a556b8082002a35a69","renukajackson1@gmail.com","false"
"Closet (left side)","2","","","Supply","","","Masks","69593d53c98b3add2b7ee76f","10","bags","","","unopened","","active","69690956821941c4e589e11e","2026-01-15T15:35:50.580000","2026-01-15T15:35:50.580000","695939a556b8082002a35a69","renukajackson1@gmail.com","false"
"Closet (right side)","5","","","Medication","","","Sculptra","69593d53c98b3add2b7ee76f","10","boxes","","","unopened","","active","69690956821941c4e589e12b","2026-01-15T15:35:50.580000","2026-01-15T15:35:50.580000","695939a556b8082002a35a69","renukajackson1@gmail.com","false"
"Closet (left side)","2","","","Medication","","2026-02-28","Anastrozole","69593d53c98b3add2b7ee76f","10","bottles","","","unopened","","active","69690956821941c4e589e116","2026-01-15T15:35:50.580000","2026-01-15T15:35:50.580000","695939a556b8082002a35a69","renukajackson1@gmail.com","false"
"Black Cabinet","3","","","Medication","","2026-01-26","Kysse","69593d53c98b3add2b7ee76f","10","syringes","","","unopened","","active","69690956821941c4e589e104","2026-01-15T15:35:50.580000","2026-01-15T15:35:50.580000","695939a556b8082002a35a69","renukajackson1@gmail.com","false"
"Backstock","3","","","Medication","","","Estradiol vials","69593d53c98b3add2b7ee76f","10","vials","","","unopened","","active","69690956821941c4e589e0e4","2026-01-15T15:35:50.580000","2026-01-15T15:35:50.580000","695939a556b8082002a35a69","renukajackson1@gmail.com","false"
"Closet (left side)","8","","","Medication","","","MethylPrednisone","69593d53c98b3add2b7ee76f","10","packs","","","unopened","","active","69690956821941c4e589e110","2026-01-15T15:35:50.580000","2026-01-15T15:35:50.580000","695939a556b8082002a35a69","renukajackson1@gmail.com","false"
"Closet (right side)","9","","","Supply","","","EZ GEL kit","69593d53c98b3add2b7ee76f","10","kits","","","unopened","","active","69690956821941c4e589e12d","2026-01-15T15:35:50.580000","2026-01-15T15:35:50.580000","695939a556b8082002a35a69","renukajackson1@gmail.com","false"
"Mini Fridge","1","","","Medication","","","Preserved Ascorbic Acid","69593d53c98b3add2b7ee76f","10","units","","","unopened","","active","69690956821941c4e589e0f4","2026-01-15T15:35:50.580000","2026-01-15T15:35:50.580000","695939a556b8082002a35a69","renukajackson1@gmail.com","false"
"Closet (left side)","2","","","Medication","","","Azithromycin","69593d53c98b3add2b7ee76f","10","packs","","","unopened","","active","69690956821941c4e589e111","2026-01-15T15:35:50.580000","2026-01-15T15:35:50.580000","695939a556b8082002a35a69","renukajackson1@gmail.com","false"
"Mini Fridge","1","","","Medication","","","Tirzepatide","69593d53c98b3add2b7ee76f","10","vials","","","opened","","active","69690956821941c4e589e0f9","2026-01-15T15:35:50.580000","2026-01-15T15:35:50.580000","695939a556b8082002a35a69","renukajackson1@gmail.com","false"
"Kim's Fridge","2","","","Medication","","","Preserved Ascorbic Acid","69593d53c98b3add2b7ee76f","10","units","","","unopened","","active","69690956821941c4e589e0e9","2026-01-15T15:35:50.580000","2026-01-15T15:35:50.580000","695939a556b8082002a35a69","renukajackson1@gmail.com","false"
"Black Cabinet","1","","","Medication","","","Xeomin","69593d53c98b3add2b7ee76f","10","units","","","unopened","","active","69690956821941c4e589e106","2026-01-15T15:35:50.580000","2026-01-15T15:35:50.580000","695939a556b8082002a35a69","renukajackson1@gmail.com","false"
"Closet (left side)","1","","","Medication","","2027-05-31","Keflex","69593d53c98b3add2b7ee76f","10","bottles","","","unopened","","active","69690956821941c4e589e10f","2026-01-15T15:35:50.580000","2026-01-15T15:35:50.580000","695939a556b8082002a35a69","renukajackson1@gmail.com","false"
"Big Lab (Bldg 400)","1","","","Medication","","","Prednisone","69593d53c98b3add2b7ee76f","10","bottles","","","unopened","","active","69690956821941c4e589e135","2026-01-15T15:35:50.580000","2026-01-15T15:35:50.580000","695939a556b8082002a35a69","renukajackson1@gmail.com","false"
"Big Lab (Bldg 400)","15","","","Medication","","","Sodium Bicarbonate 8.4%","69593d53c98b3add2b7ee76f","10","bottles","","","unopened","","active","69690956821941c4e589e139","2026-01-15T15:35:50.580000","2026-01-15T15:35:50.580000","695939a556b8082002a35a69","renukajackson1@gmail.com","false"
"Mini Fridge","1","","","Medication","","","Xeomin","69593d53c98b3add2b7ee76f","10","units","","","unopened","","active","69690956821941c4e589e0ef","2026-01-15T15:35:50.580000","2026-01-15T15:35:50.580000","695939a556b8082002a35a69","renukajackson1@gmail.com","false"
"Mini Fridge","3","","","Medication","","","Hylenex","69593d53c98b3add2b7ee76f","10","units","","","unopened","","active","69690956821941c4e589e0f2","2026-01-15T15:35:50.580000","2026-01-15T15:35:50.580000","695939a556b8082002a35a69","renukajackson1@gmail.com","false"
"Big Lab (Bldg 400)","1","","","Medication","","2025-02-28","ANA","69593d53c98b3add2b7ee76f","10","units","","","unopened","","active","69690956821941c4e589e134","2026-01-15T15:35:50.580000","2026-01-15T15:35:50.580000","695939a556b8082002a35a69","renukajackson1@gmail.com","false"
"Black Cabinet","1","","","Medication","","","Estradiol Vials 1mg","69593d53c98b3add2b7ee76f","10","vials","","","unopened","","active","69690956821941c4e589e10a","2026-01-15T15:35:50.580000","2026-01-15T15:35:50.580000","695939a556b8082002a35a69","renukajackson1@gmail.com","false"
"Black Cabinet","2","25 vials per box","","Medication","","","Ketorolac","69593d53c98b3add2b7ee76f","10","boxes","","","unopened","","active","69690956821941c4e589e0fe","2026-01-15T15:35:50.580000","2026-01-15T15:35:50.580000","695939a556b8082002a35a69","renukajackson1@gmail.com","false"
"Closet (right side)","10","","","Medication","","2026-09-30","Kysse","69593d53c98b3add2b7ee76f","10","syringes","","","unopened","","active","69690956821941c4e589e12a","2026-01-15T15:35:50.580000","2026-01-15T15:35:50.580000","695939a556b8082002a35a69","renukajackson1@gmail.com","false"
"Closet (right side)","2","2 syringes per set","","Medication","","2026-08-31","Juvederm ULTRA PLUS","69593d53c98b3add2b7ee76f","10","sets","","","unopened","","active","69690956821941c4e589e12c","2026-01-15T15:35:50.580000","2026-01-15T15:35:50.580000","695939a556b8082002a35a69","renukajackson1@gmail.com","false"
"Big Lab (Bldg 400)","2","","","Medication","","","Keflex","69593d53c98b3add2b7ee76f","10","bottles","","","unopened","","active","69690956821941c4e589e131","2026-01-15T15:35:50.580000","2026-01-15T15:35:50.580000","695939a556b8082002a35a69","renukajackson1@gmail.com","false"
"Backstock","3","","","Medication","","","Semaglutide vials","69593d53c98b3add2b7ee76f","10","vials","","","unopened","","active","69690956821941c4e589e0e0","2026-01-15T15:35:50.579000","2026-01-19T04:38:11.094000","695939a556b8082002a35a69","renukajackson1@gmail.com","false"
"Backstock","18","","","Medication","","","Testosterone vials 200mg","69593d53c98b3add2b7ee76f","10","vials","","","unopened","","active","69690956821941c4e589e0e1","2026-01-15T15:35:50.579000","2026-01-15T15:35:50.579000","695939a556b8082002a35a69","renukajackson1@gmail.com","false"
"Backstock","2","","","Medication","","","Testosterone vials 50mg","69593d53c98b3add2b7ee76f","10","vials","","","unopened","","active","69690956821941c4e589e0e2","2026-01-15T15:35:50.579000","2026-01-15T15:35:50.579000","695939a556b8082002a35a69","renukajackson1@gmail.com","false"
"Backstock","3","","","Medication","","","Estradiol vials","69593d53c98b3add2b7ee76f","10","vials","","","opened","","active","69690956821941c4e589e0e3","2026-01-15T15:35:50.579000","2026-01-15T15:35:50.579000","695939a556b8082002a35a69","renukajackson1@gmail.com","false"
"Backstock","2","","","Medication","","","Tirzepatide vials","69593d53c98b3add2b7ee76f","10","vials","","","unopened","","active","69690956821941c4e589e0df","2026-01-15T15:35:50.579000","2026-01-15T15:35:50.579000","695939a556b8082002a35a69","renukajackson1@gmail.com","false"
"","1","","","Product","","","Dynamic Resurfacing Gel Mask","69594c64231f984301b14908","10","units","","ELEMIS","unopened","","active","6962f838e585932b2ddbb254","2026-01-11T01:09:12.740000","2026-01-11T01:09:12.740000","695939a556b8082002a35a69","renukajackson1@gmail.com","false"
"","4","","","Product","","","Dr. B's Bum Cream","69594c64231f984301b14908","10","tubes","","Various","unopened","","active","6962f838e585932b2ddbb25c","2026-01-11T01:09:12.740000","2026-01-11T01:09:12.740000","695939a556b8082002a35a69","renukajackson1@gmail.com","false"
"","2","","","Product","","","Pro-Collagen Vitality Eye Cream","69594c64231f984301b14908","10","units","","ELEMIS","unopened","","active","6962f838e585932b2ddbb251","2026-01-11T01:09:12.740000","2026-01-11T01:09:12.740000","695939a556b8082002a35a69","renukajackson1@gmail.com","false"
"","2","","","Product","","","Cartessa Accelerate Program","69594c64231f984301b14908","10","units","","Cartessa","unopened","","active","6962f838e585932b2ddbb25f","2026-01-11T01:09:12.740000","2026-01-11T01:09:12.740000","695939a556b8082002a35a69","renukajackson1@gmail.com","false"
"","4","","","Product","","","Dynamic Resurfacing Peel & Reset","69594c64231f984301b14908","10","units","","ELEMIS","unopened","","active","6962f838e585932b2ddbb252","2026-01-11T01:09:12.740000","2026-01-11T01:09:12.740000","695939a556b8082002a35a69","renukajackson1@gmail.com","false"
"","3","","","Product","","","Hand & Body Lotion","69594c64231f984301b14908","10","units","","ELEMIS","unopened","","active","6962f838e585932b2ddbb256","2026-01-11T01:09:12.740000","2026-01-11T01:09:12.740000","695939a556b8082002a35a69","renukajackson1@gmail.com","false"
"","1","","","Product","","","Baby Feet Box","69594c64231f984301b14908","10","boxes","","Various","unopened","","active","6962f838e585932b2ddbb259","2026-01-11T01:09:12.740000","2026-01-11T01:09:12.740000","695939a556b8082002a35a69","renukajackson1@gmail.com","false"
"","3","","","Product","","2027-08-01","Nutrafol Men's 1-Month","69594c64231f984301b14908","10","units","","Nutrafol","unopened","","active","6962f838e585932b2ddbb24f","2026-01-11T01:09:12.740000","2026-01-11T01:09:12.740000","695939a556b8082002a35a69","renukajackson1@gmail.com","false"
"","3","","","Product","","","Latisse","69594c64231f984301b14908","10","boxes","","Various","unopened","","active","6962f838e585932b2ddbb25d","2026-01-11T01:09:12.740000","2026-01-11T01:09:12.740000","695939a556b8082002a35a69","renukajackson1@gmail.com","false"
"","2","","","Product","","","Nutrafol Men's Shampoo","69594c64231f984301b14908","10","units","","Nutrafol","unopened","","active","6962f838e585932b2ddbb250","2026-01-11T01:09:12.740000","2026-01-11T01:09:12.740000","695939a556b8082002a35a69","renukajackson1@gmail.com","false"
"","3","","","Product","","","Pro-Collagen Skin Protection Fluid SPF 50","69594c64231f984301b14908","10","units","","ELEMIS","unopened","","active","6962f838e585932b2ddbb255","2026-01-11T01:09:12.740000","2026-01-11T01:09:12.740000","695939a556b8082002a35a69","renukajackson1@gmail.com","false"
"","2","","","Product","","","Dynamic Resurfacing Super C-Serum","69594c64231f984301b14908","10","units","","ELEMIS","unopened","","active","6962f838e585932b2ddbb253","2026-01-11T01:09:12.740000","2026-01-11T01:09:12.740000","695939a556b8082002a35a69","renukajackson1@gmail.com","false"
"","3","","","Product","","","Cartessa Gear Up Program","69594c64231f984301b14908","10","units","","Cartessa","unopened","","active","6962f838e585932b2ddbb25e","2026-01-11T01:09:12.740000","2026-01-11T01:09:12.740000","695939a556b8082002a35a69","renukajackson1@gmail.com","false"
"","5","","","Product","","","Quintessentials","69594c64231f984301b14908","10","units","","Various","unopened","","active","6962f838e585932b2ddbb258","2026-01-11T01:09:12.740000","2026-01-11T01:09:12.740000","695939a556b8082002a35a69","renukajackson1@gmail.com","false"
"","6","","","Product","","","Thyroid Support","69594c64231f984301b14908","10","bottles","","Various","unopened","","active","6962f838e585932b2ddbb25b","2026-01-11T01:09:12.740000","2026-01-11T01:09:12.740000","695939a556b8082002a35a69","renukajackson1@gmail.com","false"
"","2","","","Product","","","Baby Feet Singles","69594c64231f984301b14908","10","units","","Various","unopened","","active","6962f838e585932b2ddbb25a","2026-01-11T01:09:12.740000","2026-01-11T01:09:12.740000","695939a556b8082002a35a69","renukajackson1@gmail.com","false"
"","1","","","Product","","","Pro-Collagen Cleansing Balm","69594c64231f984301b14908","10","units","","ELEMIS","unopened","","active","6962f838e585932b2ddbb257","2026-01-11T01:09:12.740000","2026-01-11T01:09:12.740000","695939a556b8082002a35a69","renukajackson1@gmail.com","false"
"","1","","","Product","","2026-12-01","Nutrafol Men's 3-Month","69594c64231f984301b14908","10","units","","Nutrafol","unopened","","active","6962f838e585932b2ddbb24e","2026-01-11T01:09:12.740000","2026-01-11T01:09:12.740000","695939a556b8082002a35a69","renukajackson1@gmail.com","false"
"","2","","","Product","","","CE Ferulic","69594c64231f984301b14908","10","units","","SkinCeuticals","unopened","","active","6962f838e585932b2ddbb216","2026-01-11T01:09:12.739000","2026-01-11T01:09:12.739000","695939a556b8082002a35a69","renukajackson1@gmail.com","false"
"","3","","","Product","","","AGE Eye","69594c64231f984301b14908","10","units","","SkinCeuticals","unopened","","active","6962f838e585932b2ddbb201","2026-01-11T01:09:12.739000","2026-01-11T01:09:12.739000","695939a556b8082002a35a69","renukajackson1@gmail.com","false"
"","2","","","Product","","","Phyto Mask","69594c64231f984301b14908","10","units","","SkinCeuticals","unopened","","active","6962f838e585932b2ddbb20b","2026-01-11T01:09:12.739000","2026-01-11T01:09:12.739000","695939a556b8082002a35a69","renukajackson1@gmail.com","false"
"","2","","","Product","","","Body Tightening Concentrate","69594c64231f984301b14908","10","units","","SkinCeuticals","unopened","","active","6962f838e585932b2ddbb214","2026-01-11T01:09:12.739000","2026-01-11T01:09:12.739000","695939a556b8082002a35a69","renukajackson1@gmail.com","false"
"","3","","","Product","","","NOON Lift & Whitening","69594c64231f984301b14908","10","units","","NOON","unopened","","active","6962f838e585932b2ddbb226","2026-01-11T01:09:12.739000","2026-01-11T01:09:12.739000","695939a556b8082002a35a69","renukajackson1@gmail.com","false"
"","1","","","Product","","","NOON Brush N Go Tone #1 All Skin","69594c64231f984301b14908","10","units","","NOON","unopened","","active","6962f838e585932b2ddbb223","2026-01-11T01:09:12.739000","2026-01-11T01:09:12.739000","695939a556b8082002a35a69","renukajackson1@gmail.com","false"
"","2","","","Product","","","Blemish & Age","69594c64231f984301b14908","10","units","","SkinCeuticals","unopened","","active","6962f838e585932b2ddbb207","2026-01-11T01:09:12.739000","2026-01-11T01:09:12.739000","695939a556b8082002a35a69","renukajackson1@gmail.com","false"
"","3","","","Product","","","LHA Toner","69594c64231f984301b14908","10","units","","SkinCeuticals","unopened","","active","6962f838e585932b2ddbb219","2026-01-11T01:09:12.739000","2026-01-11T01:09:12.739000","695939a556b8082002a35a69","renukajackson1@gmail.com","false"
"","2","","","Product","","2027-02-01","Tretinoin Gel 0.05%","69594c64231f984301b14908","10","units","","OBAGI","unopened","","active","6962f838e585932b2ddbb1fb","2026-01-11T01:09:12.739000","2026-01-11T01:09:12.739000","695939a556b8082002a35a69","renukajackson1@gmail.com","false"
"","3","","","Product","","","NOON Brush N Go Tone #2 Oily/Problematic Skin","69594c64231f984301b14908","10","units","","NOON","unopened","","active","6962f838e585932b2ddbb222","2026-01-11T01:09:12.739000","2026-01-11T01:09:12.739000","695939a556b8082002a35a69","renukajackson1@gmail.com","false"
"","2","","","Product","","","Epidermal Repair 1.35 fl oz","69594c64231f984301b14908","10","units","","SkinCeuticals","unopened","","active","6962f838e585932b2ddbb217","2026-01-11T01:09:12.739000","2026-01-11T01:09:12.739000","695939a556b8082002a35a69","renukajackson1@gmail.com","false"
"","3","","","Product","","","Equalizing Toner","69594c64231f984301b14908","10","units","","SkinCeuticals","unopened","","active","6962f838e585932b2ddbb21a","2026-01-11T01:09:12.739000","2026-01-11T01:09:12.739000","695939a556b8082002a35a69","renukajackson1@gmail.com","false"
"","4","","","Product","","","Physical Fusion UV Defense Sunscreen 1.7 fl oz","69594c64231f984301b14908","10","units","","SkinCeuticals","unopened","","active","6962f838e585932b2ddbb1fd","2026-01-11T01:09:12.739000","2026-01-11T01:09:12.739000","695939a556b8082002a35a69","renukajackson1@gmail.com","false"
"","3","","","Product","","","NOON Anti-Aging Kit","69594c64231f984301b14908","10","units","","NOON","unopened","","active","6962f838e585932b2ddbb227","2026-01-11T01:09:12.739000","2026-01-11T01:09:12.739000","695939a556b8082002a35a69","renukajackson1@gmail.com","false"
"","4","","","Product","","","Cell Cycle Catalyst","69594c64231f984301b14908","10","units","","SkinCeuticals","unopened","","active","6962f838e585932b2ddbb204","2026-01-11T01:09:12.739000","2026-01-11T01:09:12.739000","695939a556b8082002a35a69","renukajackson1@gmail.com","false"
"","3","","","Product","","","Double Defense Kit","69594c64231f984301b14908","10","units","","SkinCeuticals","unopened","","active","6962f838e585932b2ddbb21f","2026-01-11T01:09:12.739000","2026-01-11T01:09:12.739000","695939a556b8082002a35a69","renukajackson1@gmail.com","false"
"","2","","","Product","","","Discoloration Defense","69594c64231f984301b14908","10","units","","SkinCeuticals","unopened","","active","6962f838e585932b2ddbb20f","2026-01-11T01:09:12.739000","2026-01-11T01:09:12.739000","695939a556b8082002a35a69","renukajackson1@gmail.com","false"
"","4","","","Product","","","Daily Moisture","69594c64231f984301b14908","10","units","","SkinCeuticals","unopened","","active","6962f838e585932b2ddbb209","2026-01-11T01:09:12.739000","2026-01-11T01:09:12.739000","695939a556b8082002a35a69","renukajackson1@gmail.com","false"
"","2","","","Product","","","Triple Lipid","69594c64231f984301b14908","10","units","","SkinCeuticals","unopened","","active","6962f838e585932b2ddbb210","2026-01-11T01:09:12.739000","2026-01-11T01:09:12.739000","695939a556b8082002a35a69","renukajackson1@gmail.com","false"
"","2","","","Product","","","Simple Clean Face Wash","69594c64231f984301b14908","10","units","","SkinCeuticals","unopened","","active","6962f838e585932b2ddbb21e","2026-01-11T01:09:12.739000","2026-01-11T01:09:12.739000","695939a556b8082002a35a69","renukajackson1@gmail.com","false"
"","5","","","Product","","","NOON Brightening Kit","69594c64231f984301b14908","10","units","","NOON","unopened","","active","6962f838e585932b2ddbb229","2026-01-11T01:09:12.739000","2026-01-11T01:09:12.739000","695939a556b8082002a35a69","renukajackson1@gmail.com","false"
"","2","","","Product","","2026-09-01","Tretinoin 0.01%","69594c64231f984301b14908","10","units","","OBAGI","unopened","","active","6962f838e585932b2ddbb1fa","2026-01-11T01:09:12.739000","2026-01-11T01:09:12.739000","695939a556b8082002a35a69","renukajackson1@gmail.com","false"
"","1","","","Product","","","Conditioning Toner","69594c64231f984301b14908","10","units","","SkinCeuticals","unopened","","active","6962f838e585932b2ddbb21b","2026-01-11T01:09:12.739000","2026-01-11T01:09:12.739000","695939a556b8082002a35a69","renukajackson1@gmail.com","false"
"","3","","","Product","","","HA Intensifier","69594c64231f984301b14908","10","units","","SkinCeuticals","unopened","","active","6962f838e585932b2ddbb208","2026-01-11T01:09:12.739000","2026-01-11T01:09:12.739000","695939a556b8082002a35a69","renukajackson1@gmail.com","false"
"","2","","","Product","","","Glycolic 10","69594c64231f984301b14908","10","units","","SkinCeuticals","unopened","","active","6962f838e585932b2ddbb212","2026-01-11T01:09:12.739000","2026-01-11T01:09:12.739000","695939a556b8082002a35a69","renukajackson1@gmail.com","false"
"","7","","","Product","","","Lip Repair","69594c64231f984301b14908","10","units","","SkinCeuticals","unopened","","active","6962f838e585932b2ddbb211","2026-01-11T01:09:12.739000","2026-01-11T01:09:12.739000","695939a556b8082002a35a69","renukajackson1@gmail.com","false"
"","6","","","Product","","","NOON Acno Complex","69594c64231f984301b14908","10","units","","NOON","unopened","","active","6962f838e585932b2ddbb225","2026-01-11T01:09:12.739000","2026-01-11T01:09:12.739000","695939a556b8082002a35a69","renukajackson1@gmail.com","false"
"","1","","","Product","","","Clarifying Clay Mask","69594c64231f984301b14908","10","units","","SkinCeuticals","unopened","","active","6962f838e585932b2ddbb205","2026-01-11T01:09:12.739000","2026-01-11T01:09:12.739000","695939a556b8082002a35a69","renukajackson1@gmail.com","false"
"","1","","","Product","","","SunShield Cool","69594c64231f984301b14908","10","units","","OBAGI","unopened","","active","6962f838e585932b2ddbb1f8","2026-01-11T01:09:12.739000","2026-01-11T01:09:12.739000","695939a556b8082002a35a69","renukajackson1@gmail.com","false"
"","4","","","Product","","","Phyto Mist","69594c64231f984301b14908","10","units","","SkinCeuticals","unopened","","active","6962f838e585932b2ddbb20e","2026-01-11T01:09:12.739000","2026-01-11T01:09:12.739000","695939a556b8082002a35a69","renukajackson1@gmail.com","false"
"","4","","","Product","","","NOON Acne Kit","69594c64231f984301b14908","10","units","","NOON","unopened","","active","6962f838e585932b2ddbb228","2026-01-11T01:09:12.739000","2026-01-11T01:09:12.739000","695939a556b8082002a35a69","renukajackson1@gmail.com","false"
"","2","","","Product","","","Face Cream","69594c64231f984301b14908","10","units","","SkinCeuticals","unopened","","active","6962f838e585932b2ddbb213","2026-01-11T01:09:12.739000","2026-01-11T01:09:12.739000","695939a556b8082002a35a69","renukajackson1@gmail.com","false"
"","3","","","Product","","","Phyto+","69594c64231f984301b14908","10","units","","SkinCeuticals","unopened","","active","6962f838e585932b2ddbb20d","2026-01-11T01:09:12.739000","2026-01-11T01:09:12.739000","695939a556b8082002a35a69","renukajackson1@gmail.com","false"
"","1","","","Product","","","Physical Fusion UV Defense Sunscreen 4.2 fl oz","69594c64231f984301b14908","10","units","","SkinCeuticals","unopened","","active","6962f838e585932b2ddbb1fc","2026-01-11T01:09:12.739000","2026-01-11T01:09:12.739000","695939a556b8082002a35a69","renukajackson1@gmail.com","false"
"","1","","","Product","","","Radiance Set","69594c64231f984301b14908","10","units","","SkinCeuticals","unopened","","active","6962f838e585932b2ddbb220","2026-01-11T01:09:12.739000","2026-01-11T01:09:12.739000","695939a556b8082002a35a69","renukajackson1@gmail.com","false"
"","3","","","Product","","","Advanced RGN","69594c64231f984301b14908","10","units","","SkinCeuticals","unopened","","active","6962f838e585932b2ddbb20a","2026-01-11T01:09:12.739000","2026-01-11T01:09:12.739000","695939a556b8082002a35a69","renukajackson1@gmail.com","false"
"","4","","","Product","","","Daily Brightening UV Defense Sunscreen","69594c64231f984301b14908","10","units","","SkinCeuticals","unopened","","active","6962f838e585932b2ddbb1ff","2026-01-11T01:09:12.739000","2026-01-11T01:09:12.739000","695939a556b8082002a35a69","renukajackson1@gmail.com","false"
"","5","","","Product","","","AGE Interrupter Serum","69594c64231f984301b14908","10","units","","SkinCeuticals","unopened","","active","6962f838e585932b2ddbb200","2026-01-11T01:09:12.739000","2026-01-11T01:09:12.739000","695939a556b8082002a35a69","renukajackson1@gmail.com","false"
"","3","","","Product","","","Hydrating B Gel","69594c64231f984301b14908","10","units","","SkinCeuticals","unopened","","active","6962f838e585932b2ddbb206","2026-01-11T01:09:12.739000","2026-01-11T01:09:12.739000","695939a556b8082002a35a69","renukajackson1@gmail.com","false"
"","3","","","Product","","","Soothing Foam Cleanser","69594c64231f984301b14908","10","units","","SkinCeuticals","unopened","","active","6962f838e585932b2ddbb21c","2026-01-11T01:09:12.739000","2026-01-11T01:09:12.739000","695939a556b8082002a35a69","renukajackson1@gmail.com","false"
"","4","","","Product","","","NOON HydroCalming & Vit Complex","69594c64231f984301b14908","10","units","","NOON","unopened","","active","6962f838e585932b2ddbb224","2026-01-11T01:09:12.739000","2026-01-11T01:09:12.739000","695939a556b8082002a35a69","renukajackson1@gmail.com","false"
"","1","","","Product","","","HydraBalm","69594c64231f984301b14908","10","units","","SkinCeuticals","unopened","","active","6962f838e585932b2ddbb215","2026-01-11T01:09:12.739000","2026-01-11T01:09:12.739000","695939a556b8082002a35a69","renukajackson1@gmail.com","false"
"","1","","","Product","","","Physical Matte UV Defense Sunscreen","69594c64231f984301b14908","10","units","","SkinCeuticals","unopened","","active","6962f838e585932b2ddbb1fe","2026-01-11T01:09:12.739000","2026-01-11T01:09:12.739000","695939a556b8082002a35a69","renukajackson1@gmail.com","false"
"","5","","","Product","","","Phyto Corrective Gel","69594c64231f984301b14908","10","units","","SkinCeuticals","unopened","","active","6962f838e585932b2ddbb20c","2026-01-11T01:09:12.739000","2026-01-11T01:09:12.739000","695939a556b8082002a35a69","renukajackson1@gmail.com","false"
"","1","","","Product","","","Replenishing Cleanser","69594c64231f984301b14908","10","units","","SkinCeuticals","unopened","","active","6962f838e585932b2ddbb21d","2026-01-11T01:09:12.739000","2026-01-11T01:09:12.739000","695939a556b8082002a35a69","renukajackson1@gmail.com","false"
"","1","","","Product","","","SunShield Warm","69594c64231f984301b14908","10","units","","OBAGI","unopened","","active","6962f838e585932b2ddbb1f9","2026-01-11T01:09:12.739000","2026-01-11T01:09:12.739000","695939a556b8082002a35a69","renukajackson1@gmail.com","false"
"","4","","","Product","","","Phyto A+ Brightening","69594c64231f984301b14908","10","units","","SkinCeuticals","unopened","","active","6962f838e585932b2ddbb202","2026-01-11T01:09:12.739000","2026-01-11T01:09:12.739000","695939a556b8082002a35a69","renukajackson1@gmail.com","false"
"","4","","","Product","","","NOON Brush N Go Tone #1 Oily/Problematic Skin","69594c64231f984301b14908","10","units","","NOON","unopened","","active","6962f838e585932b2ddbb221","2026-01-11T01:09:12.739000","2026-01-11T01:09:12.739000","695939a556b8082002a35a69","renukajackson1@gmail.com","false"
"","2","","","Product","","","Epidermal Repair 8 fl oz","69594c64231f984301b14908","10","units","","SkinCeuticals","unopened","","active","6962f838e585932b2ddbb218","2026-01-11T01:09:12.739000","2026-01-11T01:09:12.739000","695939a556b8082002a35a69","renukajackson1@gmail.com","false"
"","3","","","Product","","","Resveratrol BE","69594c64231f984301b14908","10","units","","SkinCeuticals","unopened","","active","6962f838e585932b2ddbb203","2026-01-11T01:09:12.739000","2026-01-11T01:09:12.739000","695939a556b8082002a35a69","renukajackson1@gmail.com","false"
"","3","","","Product","","","NOON Retinol 0.3%","69594c64231f984301b14908","10","units","","NOON","unopened","","active","6962f838e585932b2ddbb23c","2026-01-11T01:09:12.739000","2026-01-11T01:09:12.739000","695939a556b8082002a35a69","renukajackson1@gmail.com","false"
"","1","","","Product","","","NOON Reform Eye Cream","69594c64231f984301b14908","10","units","","NOON","unopened","","active","6962f838e585932b2ddbb22b","2026-01-11T01:09:12.739000","2026-01-11T01:09:12.739000","695939a556b8082002a35a69","renukajackson1@gmail.com","false"
"","1","","","Product","","","NOON Retinol 1.6%","69594c64231f984301b14908","10","units","","NOON","unopened","","active","6962f838e585932b2ddbb23e","2026-01-11T01:09:12.739000","2026-01-11T01:09:12.739000","695939a556b8082002a35a69","renukajackson1@gmail.com","false"
"","2","","","Product","","2026-04-01","Nutrafol Skin 1-Month","69594c64231f984301b14908","10","units","","Nutrafol","unopened","","active","6962f838e585932b2ddbb245","2026-01-11T01:09:12.739000","2026-01-11T01:09:12.739000","695939a556b8082002a35a69","renukajackson1@gmail.com","false"
"","4","","","Product","","2026-02-01","Nutrafol Stress 3-Month","69594c64231f984301b14908","10","units","","Nutrafol","unopened","","active","6962f838e585932b2ddbb249","2026-01-11T01:09:12.739000","2026-01-11T01:09:12.739000","695939a556b8082002a35a69","renukajackson1@gmail.com","false"
"","1","","","Product","","","NOON In Depth Filler Cream","69594c64231f984301b14908","10","units","","NOON","unopened","","active","6962f838e585932b2ddbb22c","2026-01-11T01:09:12.739000","2026-01-11T01:09:12.739000","695939a556b8082002a35a69","renukajackson1@gmail.com","false"
"","3","","","Product","","","NOON Experience Kit","69594c64231f984301b14908","10","units","","NOON","unopened","","active","6962f838e585932b2ddbb22a","2026-01-11T01:09:12.739000","2026-01-11T01:09:12.739000","695939a556b8082002a35a69","renukajackson1@gmail.com","false"
"","6","","","Product","","","NOON Vit C Serum","69594c64231f984301b14908","10","units","","NOON","unopened","","active","6962f838e585932b2ddbb23a","2026-01-11T01:09:12.739000","2026-01-11T01:09:12.739000","695939a556b8082002a35a69","renukajackson1@gmail.com","false"
"","1","","","Product","","2026-06-01","Nutrafol Women's Balance 3-Month","69594c64231f984301b14908","10","units","","Nutrafol","unopened","","active","6962f838e585932b2ddbb241","2026-01-11T01:09:12.739000","2026-01-11T01:09:12.739000","695939a556b8082002a35a69","renukajackson1@gmail.com","false"
"","3","","","Product","","2026-03-01","Nutrafol Women's Balance 1-Month","69594c64231f984301b14908","10","units","","Nutrafol","unopened","","active","6962f838e585932b2ddbb243","2026-01-11T01:09:12.739000","2026-01-11T01:09:12.739000","695939a556b8082002a35a69","renukajackson1@gmail.com","false"
"","3","","","Product","","","NOON BenzoAzelin Forte","69594c64231f984301b14908","10","units","","NOON","unopened","","active","6962f838e585932b2ddbb234","2026-01-11T01:09:12.739000","2026-01-11T01:09:12.739000","695939a556b8082002a35a69","renukajackson1@gmail.com","false"
"","1","","","Product","","2026-10-01","Nutrafol Women's Vegan 3-Month","69594c64231f984301b14908","10","units","","Nutrafol","unopened","","active","6962f838e585932b2ddbb23f","2026-01-11T01:09:12.739000","2026-01-11T01:09:12.739000","695939a556b8082002a35a69","renukajackson1@gmail.com","false"
"","1","","","Product","","","NOON Retinol 1%","69594c64231f984301b14908","10","units","","NOON","unopened","","active","6962f838e585932b2ddbb23d","2026-01-11T01:09:12.739000","2026-01-11T01:09:12.739000","695939a556b8082002a35a69","renukajackson1@gmail.com","false"
"","2","","","Product","","","Nutrafol (W) Conditioner","69594c64231f984301b14908","10","units","","Nutrafol","unopened","","active","6962f838e585932b2ddbb24d","2026-01-11T01:09:12.739000","2026-01-11T01:09:12.739000","695939a556b8082002a35a69","renukajackson1@gmail.com","false"
"","4","","","Product","","","NOON C-Cleanser","69594c64231f984301b14908","10","units","","NOON","unopened","","active","6962f838e585932b2ddbb232","2026-01-11T01:09:12.739000","2026-01-11T01:09:12.739000","695939a556b8082002a35a69","renukajackson1@gmail.com","false"
"","2","","","Product","","2026-04-01","Nutrafol Skin 3-Month","69594c64231f984301b14908","10","units","","Nutrafol","unopened","","active","6962f838e585932b2ddbb244","2026-01-11T01:09:12.739000","2026-01-11T01:09:12.739000","695939a556b8082002a35a69","renukajackson1@gmail.com","false"
"","3","","","Product","","","NOON Cosmo Clear","69594c64231f984301b14908","10","units","","NOON","unopened","","active","6962f838e585932b2ddbb230","2026-01-11T01:09:12.739000","2026-01-11T01:09:12.739000","695939a556b8082002a35a69","renukajackson1@gmail.com","false"
"","5","","","Product","","","NOON Micro-Soft","69594c64231f984301b14908","10","units","","NOON","unopened","","active","6962f838e585932b2ddbb231","2026-01-11T01:09:12.739000","2026-01-11T01:09:12.739000","695939a556b8082002a35a69","renukajackson1@gmail.com","false"
"","3","","","Product","","2027-01-01","Nutrafol Women's Vegan 1-Month","69594c64231f984301b14908","10","units","","Nutrafol","unopened","","active","6962f838e585932b2ddbb240","2026-01-11T01:09:12.739000","2026-01-11T01:09:12.739000","695939a556b8082002a35a69","renukajackson1@gmail.com","false"
"","6","","","Product","","","NOON Double Fight","69594c64231f984301b14908","10","units","","NOON","unopened","","active","6962f838e585932b2ddbb239","2026-01-11T01:09:12.739000","2026-01-11T01:09:12.739000","695939a556b8082002a35a69","renukajackson1@gmail.com","false"
"","4","","","Product","","","NOON Therapeutic Hydrogel","69594c64231f984301b14908","10","units","","NOON","unopened","","active","6962f838e585932b2ddbb233","2026-01-11T01:09:12.739000","2026-01-11T01:09:12.739000","695939a556b8082002a35a69","renukajackson1@gmail.com","false"
"","1","","","Product","","","NOON Acne Solution","69594c64231f984301b14908","10","units","","NOON","unopened","","active","6962f838e585932b2ddbb235","2026-01-11T01:09:12.739000","2026-01-11T01:09:12.739000","695939a556b8082002a35a69","renukajackson1@gmail.com","false"
"","3","","","Product","","","NOON Lacto-10","69594c64231f984301b14908","10","units","","NOON","unopened","","active","6962f838e585932b2ddbb236","2026-01-11T01:09:12.739000","2026-01-11T01:09:12.739000","695939a556b8082002a35a69","renukajackson1@gmail.com","false"
"","2","","","Product","","2026-08-01","Nutrafol DHT 1-Month","69594c64231f984301b14908","10","units","","Nutrafol","unopened","","active","6962f838e585932b2ddbb248","2026-01-11T01:09:12.739000","2026-01-11T01:09:12.739000","695939a556b8082002a35a69","renukajackson1@gmail.com","false"
"","3","","","Product","","","Nutrafol (W) Shampoo","69594c64231f984301b14908","10","units","","Nutrafol","unopened","","active","6962f838e585932b2ddbb24c","2026-01-11T01:09:12.739000","2026-01-11T01:09:12.739000","695939a556b8082002a35a69","renukajackson1@gmail.com","false"
"","6","","","Product","","","NOON Halo-Ronic Serum","69594c64231f984301b14908","10","units","","NOON","unopened","","active","6962f838e585932b2ddbb22f","2026-01-11T01:09:12.739000","2026-01-11T01:09:12.739000","695939a556b8082002a35a69","renukajackson1@gmail.com","false"
"","4","","","Product","","2026-02-01","Nutrafol Stress 1-Month","69594c64231f984301b14908","10","units","","Nutrafol","unopened","","active","6962f838e585932b2ddbb24a","2026-01-11T01:09:12.739000","2026-01-11T01:09:12.739000","695939a556b8082002a35a69","renukajackson1@gmail.com","false"
"","3","","","Product","","","NOON Restart Serum","69594c64231f984301b14908","10","units","","NOON","unopened","","active","6962f838e585932b2ddbb22e","2026-01-11T01:09:12.739000","2026-01-11T01:09:12.739000","695939a556b8082002a35a69","renukajackson1@gmail.com","false"
"","1","","","Product","","","NOON Lacto-15","69594c64231f984301b14908","10","units","","NOON","unopened","","active","6962f838e585932b2ddbb237","2026-01-11T01:09:12.739000","2026-01-11T01:09:12.739000","695939a556b8082002a35a69","renukajackson1@gmail.com","false"
"","2","","","Product","","","Nutrafol (W) Hair Serum","69594c64231f984301b14908","10","units","","Nutrafol","unopened","","active","6962f838e585932b2ddbb24b","2026-01-11T01:09:12.739000","2026-01-11T01:09:12.739000","695939a556b8082002a35a69","renukajackson1@gmail.com","false"
"","1","","","Product","","","NOON Double White","69594c64231f984301b14908","10","units","","NOON","unopened","","active","6962f838e585932b2ddbb238","2026-01-11T01:09:12.739000","2026-01-11T01:09:12.739000","695939a556b8082002a35a69","renukajackson1@gmail.com","false"
"","3","","","Product","","","NOON Igloo-Moist","69594c64231f984301b14908","10","units","","NOON","unopened","","active","6962f838e585932b2ddbb23b","2026-01-11T01:09:12.739000","2026-01-11T01:09:12.739000","695939a556b8082002a35a69","renukajackson1@gmail.com","false"
"","5","","","Product","","","NOON In Depth Filler Serum","69594c64231f984301b14908","10","units","","NOON","unopened","","active","6962f838e585932b2ddbb22d","2026-01-11T01:09:12.739000","2026-01-11T01:09:12.739000","695939a556b8082002a35a69","renukajackson1@gmail.com","false"
"","3","","","Product","","2027-04-01","Nutrafol Collagen Powder","69594c64231f984301b14908","10","units","","Nutrafol","unopened","","active","6962f838e585932b2ddbb246","2026-01-11T01:09:12.739000","2026-01-11T01:09:12.739000","695939a556b8082002a35a69","renukajackson1@gmail.com","false"
"","3","","","Product","","","Nutrafol DHT 3-Month","69594c64231f984301b14908","10","units","","Nutrafol","unopened","","active","6962f838e585932b2ddbb247","2026-01-11T01:09:12.739000","2026-01-11T01:09:12.739000","695939a556b8082002a35a69","renukajackson1@gmail.com","false"
"","1","","","Product","","2027-03-01","Nutrafol Women's Balance 3-Month","69594c64231f984301b14908","10","units","","Nutrafol","unopened","","active","6962f838e585932b2ddbb242","2026-01-11T01:09:12.739000","2026-01-11T01:09:12.739000","695939a556b8082002a35a69","renukajackson1@gmail.com","false"
"","2","","","Product","","","Professional C 20% Serum","69594c64231f984301b14908","10","units","","OBAGI","unopened","","active","6962f838e585932b2ddbb1eb","2026-01-11T01:09:12.738000","2026-01-11T01:09:12.738000","695939a556b8082002a35a69","renukajackson1@gmail.com","false"
"","2","","","Product","","","Toner #2 Mini","69594c64231f984301b14908","10","units","","OBAGI","unopened","","active","6962f838e585932b2ddbb1f2","2026-01-11T01:09:12.738000","2026-01-11T01:09:12.738000","695939a556b8082002a35a69","renukajackson1@gmail.com","false"
"","1","","","Product","","2025-06-01","Blender #5","69594c64231f984301b14908","10","units","","OBAGI","unopened","","active","6962f838e585932b2ddbb1f5","2026-01-11T01:09:12.738000","2026-01-11T01:09:12.738000","695939a556b8082002a35a69","renukajackson1@gmail.com","false"
"","3","","","Product","","","Advanced Filler Concentrate","69594c64231f984301b14908","10","units","","OBAGI","unopened","","active","6962f838e585932b2ddbb1e1","2026-01-11T01:09:12.738000","2026-01-11T01:09:12.738000","695939a556b8082002a35a69","renukajackson1@gmail.com","false"
"","2","","","Product","","","Gentle Cleanser #1 Full Size","69594c64231f984301b14908","10","units","","OBAGI","unopened","","active","6962f838e585932b2ddbb1ed","2026-01-11T01:09:12.738000","2026-01-11T01:09:12.738000","695939a556b8082002a35a69","renukajackson1@gmail.com","false"
"","2","","","Product","","","Eye Cream","69594c64231f984301b14908","10","units","","OBAGI","unopened","","active","6962f838e585932b2ddbb1e7","2026-01-11T01:09:12.738000","2026-01-11T01:09:12.738000","695939a556b8082002a35a69","renukajackson1@gmail.com","false"
"","2","","","Product","","","Toner #2 Full Size","69594c64231f984301b14908","10","units","","OBAGI","unopened","","active","6962f838e585932b2ddbb1f1","2026-01-11T01:09:12.738000","2026-01-11T01:09:12.738000","695939a556b8082002a35a69","renukajackson1@gmail.com","false"
"","2","","","Product","","","Professional C 15% Serum","69594c64231f984301b14908","10","units","","OBAGI","unopened","","active","6962f838e585932b2ddbb1ea","2026-01-11T01:09:12.738000","2026-01-11T01:09:12.738000","695939a556b8082002a35a69","renukajackson1@gmail.com","false"
"","4","","","Product","","","Exfoderm #4","69594c64231f984301b14908","10","units","","OBAGI","unopened","","active","6962f838e585932b2ddbb1f4","2026-01-11T01:09:12.738000","2026-01-11T01:09:12.738000","695939a556b8082002a35a69","renukajackson1@gmail.com","false"
"","2","","","Product","","","Firming Eye Cream","69594c64231f984301b14908","10","units","","OBAGI","unopened","","active","6962f838e585932b2ddbb1e0","2026-01-11T01:09:12.738000","2026-01-11T01:09:12.738000","695939a556b8082002a35a69","renukajackson1@gmail.com","false"
"","2","","","Product","","","Gentle Cleanser #1 Mini","69594c64231f984301b14908","10","units","","OBAGI","unopened","","active","6962f838e585932b2ddbb1ee","2026-01-11T01:09:12.738000","2026-01-11T01:09:12.738000","695939a556b8082002a35a69","renukajackson1@gmail.com","false"
"","2","","","Product","","","Lift Up & Sculpt","69594c64231f984301b14908","10","units","","OBAGI","unopened","","active","6962f838e585932b2ddbb1e2","2026-01-11T01:09:12.738000","2026-01-11T01:09:12.738000","695939a556b8082002a35a69","renukajackson1@gmail.com","false"
"","2","","","Product","","","Toner Balancing","69594c64231f984301b14908","10","units","","OBAGI","unopened","","active","6962f838e585932b2ddbb1ec","2026-01-11T01:09:12.738000","2026-01-11T01:09:12.738000","695939a556b8082002a35a69","renukajackson1@gmail.com","false"
"","1","","","Product","","2027-07-01","Blender #5","69594c64231f984301b14908","10","units","","OBAGI","unopened","","active","6962f838e585932b2ddbb1f6","2026-01-11T01:09:12.738000","2026-01-11T01:09:12.738000","695939a556b8082002a35a69","renukajackson1@gmail.com","false"
"","1","","","Product","","","Facial Serum","69594c64231f984301b14908","10","units","","OBAGI","unopened","","active","6962f838e585932b2ddbb1e6","2026-01-11T01:09:12.738000","2026-01-11T01:09:12.738000","695939a556b8082002a35a69","renukajackson1@gmail.com","false"
"","1","","","Product","","","Professional C 10% Serum","69594c64231f984301b14908","10","units","","OBAGI","unopened","","active","6962f838e585932b2ddbb1e9","2026-01-11T01:09:12.738000","2026-01-11T01:09:12.738000","695939a556b8082002a35a69","renukajackson1@gmail.com","false"
"","1","","","Product","","","Daily Drops","69594c64231f984301b14908","10","units","","OBAGI","unopened","","active","6962f838e585932b2ddbb1e8","2026-01-11T01:09:12.738000","2026-01-11T01:09:12.738000","695939a556b8082002a35a69","renukajackson1@gmail.com","false"
"","1","","","Product","","","Hydrate Facial Moisturizer","69594c64231f984301b14908","10","units","","OBAGI","unopened","","active","6962f838e585932b2ddbb1e4","2026-01-11T01:09:12.738000","2026-01-11T01:09:12.738000","695939a556b8082002a35a69","renukajackson1@gmail.com","false"
"","4","","","Product","","","Foaming Gel #1 Full Size","69594c64231f984301b14908","10","units","","OBAGI","unopened","","active","6962f838e585932b2ddbb1ef","2026-01-11T01:09:12.738000","2026-01-11T01:09:12.738000","695939a556b8082002a35a69","renukajackson1@gmail.com","false"
"","2","","","Product","","","Hydrate Lux","69594c64231f984301b14908","10","units","","OBAGI","unopened","","active","6962f838e585932b2ddbb1e3","2026-01-11T01:09:12.738000","2026-01-11T01:09:12.738000","695939a556b8082002a35a69","renukajackson1@gmail.com","false"
"","1","","","Product","","","Eye Serum","69594c64231f984301b14908","10","units","","OBAGI","unopened","","active","6962f838e585932b2ddbb1e5","2026-01-11T01:09:12.738000","2026-01-11T01:09:12.738000","695939a556b8082002a35a69","renukajackson1@gmail.com","false"
"","1","","","Product","","2028-03-01","Blender #5","69594c64231f984301b14908","10","units","","OBAGI","unopened","","active","6962f838e585932b2ddbb1f7","2026-01-11T01:09:12.738000","2026-01-11T01:09:12.738000","695939a556b8082002a35a69","renukajackson1@gmail.com","false"
"","1","","","Product","","","Foaming Gel #1 Mini","69594c64231f984301b14908","10","units","","OBAGI","unopened","","active","6962f838e585932b2ddbb1f0","2026-01-11T01:09:12.738000","2026-01-11T01:09:12.738000","695939a556b8082002a35a69","renukajackson1@gmail.com","false"
"","3","","","Product","","2028-03-01","Clear #3","69594c64231f984301b14908","10","units","","OBAGI","unopened","","active","6962f838e585932b2ddbb1f3","2026-01-11T01:09:12.738000","2026-01-11T01:09:12.738000","695939a556b8082002a35a69","renukajackson1@gmail.com","false"
"","6","","","Product","","","NOON Acne Solution","69593d53c98b3add2b7ee770","10","units","","NOON","unopened","","active","6962f7410fb6e26c87eaec7c","2026-01-11T01:05:05.778000","2026-01-11T01:05:05.778000","695939a556b8082002a35a69","renukajackson1@gmail.com","false"
"","6","","","Product","","","Cartessa NOON Accelerate Kit","69593d53c98b3add2b7ee770","10","units","","Cartessa NOON","unopened","","active","6962f7410fb6e26c87eaec8b","2026-01-11T01:05:05.778000","2026-01-11T01:05:05.778000","695939a556b8082002a35a69","renukajackson1@gmail.com","false"
"","2","","","Product","","","NOON Igloo Moist","69593d53c98b3add2b7ee770","10","units","","NOON","unopened","","active","6962f7410fb6e26c87eaec81","2026-01-11T01:05:05.778000","2026-01-11T01:05:05.778000","695939a556b8082002a35a69","renukajackson1@gmail.com","false"
"","2","","","Product","","","Baby Feet","69593d53c98b3add2b7ee770","10","boxes","","Various","unopened","","active","6962f7410fb6e26c87eaec8c","2026-01-11T01:05:05.778000","2026-01-11T01:05:05.778000","695939a556b8082002a35a69","renukajackson1@gmail.com","false"
"","13","","","Product","","","NOON C Cleanser","69593d53c98b3add2b7ee770","10","units","","NOON","unopened","","active","6962f7410fb6e26c87eaec88","2026-01-11T01:05:05.778000","2026-01-11T01:05:05.778000","695939a556b8082002a35a69","renukajackson1@gmail.com","false"
"","2","","","Product","","","NOON Laco-15","69593d53c98b3add2b7ee770","10","units","","NOON","unopened","","active","6962f7410fb6e26c87eaec87","2026-01-11T01:05:05.778000","2026-01-11T01:05:05.778000","695939a556b8082002a35a69","renukajackson1@gmail.com","false"
"","7","","","Product","","","NOON Double Fight","69593d53c98b3add2b7ee770","10","units","","NOON","unopened","","active","6962f7410fb6e26c87eaec84","2026-01-11T01:05:05.778000","2026-01-11T01:05:05.778000","695939a556b8082002a35a69","renukajackson1@gmail.com","false"
"","8","","","Product","","","NOON Acno Complex","69593d53c98b3add2b7ee770","10","units","","NOON","unopened","","active","6962f7410fb6e26c87eaec7e","2026-01-11T01:05:05.778000","2026-01-11T01:05:05.778000","695939a556b8082002a35a69","renukajackson1@gmail.com","false"
"","7","","","Product","","","NOON OMG Cream","69593d53c98b3add2b7ee770","10","units","","NOON","unopened","","active","6962f7410fb6e26c87eaec7b","2026-01-11T01:05:05.778000","2026-01-11T01:05:05.778000","695939a556b8082002a35a69","renukajackson1@gmail.com","false"
"","16","","","Product","","2028-10-01","Latisse","69593d53c98b3add2b7ee770","10","units","","Various","unopened","","active","6962f7410fb6e26c87eaec8d","2026-01-11T01:05:05.778000","2026-01-11T01:05:05.778000","695939a556b8082002a35a69","renukajackson1@gmail.com","false"
"","7","","","Product","","","NOON BenzoAzelin Forte","69593d53c98b3add2b7ee770","10","units","","NOON","unopened","","active","6962f7410fb6e26c87eaec83","2026-01-11T01:05:05.778000","2026-01-11T01:05:05.778000","695939a556b8082002a35a69","renukajackson1@gmail.com","false"
"","2","","","Product","","","NOON HydroCalming and Vit Complex","69593d53c98b3add2b7ee770","10","units","","NOON","unopened","","active","6962f7410fb6e26c87eaec7d","2026-01-11T01:05:05.778000","2026-01-11T01:05:05.778000","695939a556b8082002a35a69","renukajackson1@gmail.com","false"
"","7","","","Product","","","Cartessa NOON Gear Up Kit","69593d53c98b3add2b7ee770","10","units","","Cartessa NOON","unopened","","active","6962f7410fb6e26c87eaec8a","2026-01-11T01:05:05.778000","2026-01-11T01:05:05.778000","695939a556b8082002a35a69","renukajackson1@gmail.com","false"
"","1","","","Product","","","Quintessentials","69593d53c98b3add2b7ee770","10","boxes","","Various","unopened","","active","6962f7410fb6e26c87eaec90","2026-01-11T01:05:05.778000","2026-01-11T01:05:05.778000","695939a556b8082002a35a69","renukajackson1@gmail.com","false"
"","9","","","Product","","","NOON Vit C Serum","69593d53c98b3add2b7ee770","10","units","","NOON","unopened","","active","6962f7410fb6e26c87eaec89","2026-01-11T01:05:05.778000","2026-01-11T01:05:05.778000","695939a556b8082002a35a69","renukajackson1@gmail.com","false"
"","8","","","Product","","","NOON Therapeutic Gel","69593d53c98b3add2b7ee770","10","units","","NOON","unopened","","active","6962f7410fb6e26c87eaec7f","2026-01-11T01:05:05.778000","2026-01-11T01:05:05.778000","695939a556b8082002a35a69","renukajackson1@gmail.com","false"
"","6","","","Product","","","NOON Laco-10","69593d53c98b3add2b7ee770","10","units","","NOON","unopened","","active","6962f7410fb6e26c87eaec86","2026-01-11T01:05:05.778000","2026-01-11T01:05:05.778000","695939a556b8082002a35a69","renukajackson1@gmail.com","false"
"","16","","","Product","","","NP Thyroid Supplement","69593d53c98b3add2b7ee770","10","units","","Various","unopened","","active","6962f7410fb6e26c87eaec8e","2026-01-11T01:05:05.778000","2026-01-11T01:05:05.778000","695939a556b8082002a35a69","renukajackson1@gmail.com","false"
"","5","","","Product","","","NOON Restart Serum","69593d53c98b3add2b7ee770","10","units","","NOON","unopened","","active","6962f7410fb6e26c87eaec80","2026-01-11T01:05:05.778000","2026-01-11T01:05:05.778000","695939a556b8082002a35a69","renukajackson1@gmail.com","false"
"","1","","","Product","","","Bum Cream","69593d53c98b3add2b7ee770","10","boxes","","Various","unopened","","active","6962f7410fb6e26c87eaec8f","2026-01-11T01:05:05.778000","2026-01-11T01:05:05.778000","695939a556b8082002a35a69","renukajackson1@gmail.com","false"
"","5","","","Product","","","NOON Lift & Whitening","69593d53c98b3add2b7ee770","10","units","","NOON","unopened","","active","6962f7410fb6e26c87eaec85","2026-01-11T01:05:05.778000","2026-01-11T01:05:05.778000","695939a556b8082002a35a69","renukajackson1@gmail.com","false"
"","3","","","Product","","","NOON Double White","69593d53c98b3add2b7ee770","10","units","","NOON","unopened","","active","6962f7410fb6e26c87eaec82","2026-01-11T01:05:05.778000","2026-01-11T01:05:05.778000","695939a556b8082002a35a69","renukajackson1@gmail.com","false"
"","2","","","Product","","","Clarifying Clay Mask","69593d53c98b3add2b7ee770","10","units","","SkinCeuticals","unopened","","active","6962f7410fb6e26c87eaec39","2026-01-11T01:05:05.778000","2026-01-11T01:05:05.778000","695939a556b8082002a35a69","renukajackson1@gmail.com","false"
"","17","","","Product","","","Exfoderm #4","69593d53c98b3add2b7ee770","10","units","","OBAGI","unopened","","active","6962f7410fb6e26c87eaec37","2026-01-11T01:05:05.778000","2026-01-11T01:05:05.778000","695939a556b8082002a35a69","renukajackson1@gmail.com","false"
"","5","","","Product","","","NOON Experience Kit","69593d53c98b3add2b7ee770","10","units","","NOON","unopened","","active","6962f7410fb6e26c87eaec6c","2026-01-11T01:05:05.778000","2026-01-11T01:05:05.778000","695939a556b8082002a35a69","renukajackson1@gmail.com","false"
"","7","","","Product","","","Daily Brightening UV Defense Sunscreen","69593d53c98b3add2b7ee770","10","units","","SkinCeuticals","unopened","","active","6962f7410fb6e26c87eaec46","2026-01-11T01:05:05.778000","2026-01-11T01:05:05.778000","695939a556b8082002a35a69","renukajackson1@gmail.com","false"
"","3","","","Product","","","Phloretin CF Gel","69593d53c98b3add2b7ee770","10","units","","SkinCeuticals","unopened","","active","6962f7410fb6e26c87eaec50","2026-01-11T01:05:05.778000","2026-01-11T01:05:05.778000","695939a556b8082002a35a69","renukajackson1@gmail.com","false"
"","7","","","Product","","","Blemish Age","69593d53c98b3add2b7ee770","10","units","","SkinCeuticals","unopened","","active","6962f7410fb6e26c87eaec4e","2026-01-11T01:05:05.778000","2026-01-11T01:05:05.778000","695939a556b8082002a35a69","renukajackson1@gmail.com","false"
"","6","","","Product","","","PTox","69593d53c98b3add2b7ee770","10","units","","SkinCeuticals","unopened","","active","6962f7410fb6e26c87eaec41","2026-01-11T01:05:05.778000","2026-01-11T01:05:05.778000","695939a556b8082002a35a69","renukajackson1@gmail.com","false"
"","2","","","Product","","","AGE Interrupter Advanced","69593d53c98b3add2b7ee770","10","units","","SkinCeuticals","unopened","","active","6962f7410fb6e26c87eaec52","2026-01-11T01:05:05.778000","2026-01-11T01:05:05.778000","695939a556b8082002a35a69","renukajackson1@gmail.com","false"
"","2","","","Product","","2027-02-01","Nutrafol Women's Vegan 3-Month","69593d53c98b3add2b7ee770","10","units","","Nutrafol","unopened","","active","6962f7410fb6e26c87eaec61","2026-01-11T01:05:05.778000","2026-01-11T01:05:05.778000","695939a556b8082002a35a69","renukajackson1@gmail.com","false"
"","8","","","Product","","","NOON Anti-Aging Kit","69593d53c98b3add2b7ee770","10","units","","NOON","unopened","","active","6962f7410fb6e26c87eaec6b","2026-01-11T01:05:05.778000","2026-01-11T01:05:05.778000","695939a556b8082002a35a69","renukajackson1@gmail.com","false"
"","2","","","Product","","","LHA Toner","69593d53c98b3add2b7ee770","10","units","","SkinCeuticals","unopened","","active","6962f7410fb6e26c87eaec59","2026-01-11T01:05:05.778000","2026-01-11T01:05:05.778000","695939a556b8082002a35a69","renukajackson1@gmail.com","false"
"","9","","","Product","","","NOON Brush & Go Tone #2 Oily/Problematic","69593d53c98b3add2b7ee770","10","units","","NOON","unopened","","active","6962f7410fb6e26c87eaec71","2026-01-11T01:05:05.778000","2026-01-11T01:05:05.778000","695939a556b8082002a35a69","renukajackson1@gmail.com","false"
"","4","","","Product","","","Simple Clean","69593d53c98b3add2b7ee770","10","units","","SkinCeuticals","unopened","","active","6962f7410fb6e26c87eaec57","2026-01-11T01:05:05.778000","2026-01-11T01:05:05.778000","695939a556b8082002a35a69","renukajackson1@gmail.com","false"
"","5","","","Product","","","Face Cream","69593d53c98b3add2b7ee770","10","units","","SkinCeuticals","unopened","","active","6962f7410fb6e26c87eaec45","2026-01-11T01:05:05.778000","2026-01-11T01:05:05.778000","695939a556b8082002a35a69","renukajackson1@gmail.com","false"
"","8","","","Product","","2027-04-01","Nutrafol Collagen","69593d53c98b3add2b7ee770","10","units","","Nutrafol","unopened","","active","6962f7410fb6e26c87eaec69","2026-01-11T01:05:05.778000","2026-01-11T01:05:05.778000","695939a556b8082002a35a69","renukajackson1@gmail.com","false"
"","5","","","Product","","","Daily Moisturizer","69593d53c98b3add2b7ee770","10","units","","SkinCeuticals","unopened","","active","6962f7410fb6e26c87eaec4c","2026-01-11T01:05:05.778000","2026-01-11T01:05:05.778000","695939a556b8082002a35a69","renukajackson1@gmail.com","false"
"","3","","","Product","","","Hydrating B5","69593d53c98b3add2b7ee770","10","units","","SkinCeuticals","unopened","","active","6962f7410fb6e26c87eaec3c","2026-01-11T01:05:05.778000","2026-01-11T01:05:05.778000","695939a556b8082002a35a69","renukajackson1@gmail.com","false"
"","13","","","Product","","","Equalizing Toner","69593d53c98b3add2b7ee770","10","units","","SkinCeuticals","unopened","","active","6962f7410fb6e26c87eaec5a","2026-01-11T01:05:05.778000","2026-01-11T01:05:05.778000","695939a556b8082002a35a69","renukajackson1@gmail.com","false"
"","3","","","Product","","","HA Intensifier","69593d53c98b3add2b7ee770","10","units","","SkinCeuticals","unopened","","active","6962f7410fb6e26c87eaec3e","2026-01-11T01:05:05.778000","2026-01-11T01:05:05.778000","695939a556b8082002a35a69","renukajackson1@gmail.com","false"
"","3","","","Product","","","Cell Cycle Catalyst","69593d53c98b3add2b7ee770","10","units","","SkinCeuticals","unopened","","active","6962f7410fb6e26c87eaec4b","2026-01-11T01:05:05.778000","2026-01-11T01:05:05.778000","695939a556b8082002a35a69","renukajackson1@gmail.com","false"
"","6","","","Product","","","NOON Brush & Go Tone #2 All Skin","69593d53c98b3add2b7ee770","10","units","","NOON","unopened","","active","6962f7410fb6e26c87eaec6f","2026-01-11T01:05:05.778000","2026-01-11T01:05:05.778000","695939a556b8082002a35a69","renukajackson1@gmail.com","false"
"","7","","","Product","","2027-10-01","Nutrafol DHT 3-Month","69593d53c98b3add2b7ee770","10","units","","Nutrafol","unopened","","active","6962f7410fb6e26c87eaec5e","2026-01-11T01:05:05.778000","2026-01-11T01:05:05.778000","695939a556b8082002a35a69","renukajackson1@gmail.com","false"
"","21","","","Product","","2026-08-01","Nutrafol DHT 1-Month","69593d53c98b3add2b7ee770","10","units","","Nutrafol","unopened","","active","6962f7410fb6e26c87eaec5f","2026-01-11T01:05:05.778000","2026-01-11T01:05:05.778000","695939a556b8082002a35a69","renukajackson1@gmail.com","false"
"","13","","","Product","","","Nutrafol (W) Hair Serum","69593d53c98b3add2b7ee770","10","units","","Nutrafol","unopened","","active","6962f7410fb6e26c87eaec60","2026-01-11T01:05:05.778000","2026-01-11T01:05:05.778000","695939a556b8082002a35a69","renukajackson1@gmail.com","false"
"","7","","","Product","","2026-04-01","Nutrafol Skin 1-Month","69593d53c98b3add2b7ee770","10","units","","Nutrafol","unopened","","active","6962f7410fb6e26c87eaec66","2026-01-11T01:05:05.778000","2026-01-11T01:05:05.778000","695939a556b8082002a35a69","renukajackson1@gmail.com","false"
"","7","","","Product","","","NOON Cosmo Clear","69593d53c98b3add2b7ee770","10","units","","NOON","unopened","","active","6962f7410fb6e26c87eaec74","2026-01-11T01:05:05.778000","2026-01-11T01:05:05.778000","695939a556b8082002a35a69","renukajackson1@gmail.com","false"
"","3","","","Product","","2026-07-01","Nutrafol Women's Balance 1-Month","69593d53c98b3add2b7ee770","10","units","","Nutrafol","unopened","","active","6962f7410fb6e26c87eaec64","2026-01-11T01:05:05.778000","2026-01-11T01:05:05.778000","695939a556b8082002a35a69","renukajackson1@gmail.com","false"
"","5","","","Product","","","NOON Acne Kit","69593d53c98b3add2b7ee770","10","units","","NOON","unopened","","active","6962f7410fb6e26c87eaec6a","2026-01-11T01:05:05.778000","2026-01-11T01:05:05.778000","695939a556b8082002a35a69","renukajackson1@gmail.com","false"
"","5","","","Product","","","Replenishing Cleanser","69593d53c98b3add2b7ee770","10","units","","SkinCeuticals","unopened","","active","6962f7410fb6e26c87eaec55","2026-01-11T01:05:05.778000","2026-01-11T01:05:05.778000","695939a556b8082002a35a69","renukajackson1@gmail.com","false"
"","3","","","Product","","","Phyto Mask","69593d53c98b3add2b7ee770","10","units","","SkinCeuticals","unopened","","active","6962f7410fb6e26c87eaec3d","2026-01-11T01:05:05.778000","2026-01-11T01:05:05.778000","695939a556b8082002a35a69","renukajackson1@gmail.com","false"
"","7","","","Product","","","Blender #5","69593d53c98b3add2b7ee770","10","units","","OBAGI","unopened","","active","6962f7410fb6e26c87eaec38","2026-01-11T01:05:05.778000","2026-01-11T01:05:05.778000","695939a556b8082002a35a69","renukajackson1@gmail.com","false"
"","1","DISCONTINUED","","Product","","","Conditioning Toner","69593d53c98b3add2b7ee770","10","units","","SkinCeuticals","unopened","","active","6962f7410fb6e26c87eaec58","2026-01-11T01:05:05.778000","2026-01-11T01:05:05.778000","695939a556b8082002a35a69","renukajackson1@gmail.com","false"
"","7","","","Product","","","NOON Brush & Go Tone #1 Oily/Problematic","69593d53c98b3add2b7ee770","10","units","","NOON","unopened","","active","6962f7410fb6e26c87eaec70","2026-01-11T01:05:05.778000","2026-01-11T01:05:05.778000","695939a556b8082002a35a69","renukajackson1@gmail.com","false"
"","4","","","Product","","","NOON Reform Eye Cream","69593d53c98b3add2b7ee770","10","units","","NOON","unopened","","active","6962f7410fb6e26c87eaec76","2026-01-11T01:05:05.778000","2026-01-11T01:05:05.778000","695939a556b8082002a35a69","renukajackson1@gmail.com","false"
"","4","","","Product","","","Physical Matte UV Defense Sunscreen 1FL. OZ","69593d53c98b3add2b7ee770","10","units","","SkinCeuticals","unopened","","active","6962f7410fb6e26c87eaec47","2026-01-11T01:05:05.778000","2026-01-11T01:05:05.778000","695939a556b8082002a35a69","renukajackson1@gmail.com","false"
"","1","","","Product","","","HydraBalm","69593d53c98b3add2b7ee770","10","units","","SkinCeuticals","unopened","","active","6962f7410fb6e26c87eaec48","2026-01-11T01:05:05.778000","2026-01-11T01:05:05.778000","695939a556b8082002a35a69","renukajackson1@gmail.com","false"
"","2","","","Product","","","Physical Fusion UV Defense Sunscreen 1.7 fl oz","69593d53c98b3add2b7ee770","10","units","","SkinCeuticals","unopened","","active","6962f7410fb6e26c87eaec3f","2026-01-11T01:05:05.778000","2026-01-11T01:05:05.778000","695939a556b8082002a35a69","renukajackson1@gmail.com","false"
"","10","","","Product","","","NOON Halo-Ronic Serum","69593d53c98b3add2b7ee770","10","units","","NOON","unopened","","active","6962f7410fb6e26c87eaec75","2026-01-11T01:05:05.778000","2026-01-11T01:05:05.778000","695939a556b8082002a35a69","renukajackson1@gmail.com","false"
"","7","","","Product","","","Advanced RGN","69593d53c98b3add2b7ee770","10","units","","SkinCeuticals","unopened","","active","6962f7410fb6e26c87eaec44","2026-01-11T01:05:05.778000","2026-01-11T01:05:05.778000","695939a556b8082002a35a69","renukajackson1@gmail.com","false"
"","7","","","Product","","","Discoloration Defense","69593d53c98b3add2b7ee770","10","units","","SkinCeuticals","unopened","","active","6962f7410fb6e26c87eaec4d","2026-01-11T01:05:05.778000","2026-01-11T01:05:05.778000","695939a556b8082002a35a69","renukajackson1@gmail.com","false"
"","5","","","Product","","2026-04-01","Nutrafol Skin 3-Month","69593d53c98b3add2b7ee770","10","units","","Nutrafol","unopened","","active","6962f7410fb6e26c87eaec65","2026-01-11T01:05:05.778000","2026-01-11T01:05:05.778000","695939a556b8082002a35a69","renukajackson1@gmail.com","false"
"","3","","","Product","","","Phloretin CF","69593d53c98b3add2b7ee770","10","units","","SkinCeuticals","unopened","","active","6962f7410fb6e26c87eaec53","2026-01-11T01:05:05.778000","2026-01-11T01:05:05.778000","695939a556b8082002a35a69","renukajackson1@gmail.com","false"
"","2","","","Product","","","NOON Retinol 0.3%","69593d53c98b3add2b7ee770","10","units","","NOON","unopened","","active","6962f7410fb6e26c87eaec78","2026-01-11T01:05:05.778000","2026-01-11T01:05:05.778000","695939a556b8082002a35a69","renukajackson1@gmail.com","false"
"","2","","","Product","","","NOON Retinol 1%","69593d53c98b3add2b7ee770","10","units","","NOON","unopened","","active","6962f7410fb6e26c87eaec79","2026-01-11T01:05:05.778000","2026-01-11T01:05:05.778000","695939a556b8082002a35a69","renukajackson1@gmail.com","false"
"","5","","","Product","","","Lip Repair","69593d53c98b3add2b7ee770","10","units","","SkinCeuticals","unopened","","active","6962f7410fb6e26c87eaec3a","2026-01-11T01:05:05.778000","2026-01-11T01:05:05.778000","695939a556b8082002a35a69","renukajackson1@gmail.com","false"
"","5","","","Product","","2026-02-01","Nutrafol Stress 3-Month","69593d53c98b3add2b7ee770","10","units","","Nutrafol","unopened","","active","6962f7410fb6e26c87eaec5c","2026-01-11T01:05:05.778000","2026-01-11T01:05:05.778000","695939a556b8082002a35a69","renukajackson1@gmail.com","false"
"","8","","","Product","","","NOON Microsoft Cleanser","69593d53c98b3add2b7ee770","10","units","","NOON","unopened","","active","6962f7410fb6e26c87eaec77","2026-01-11T01:05:05.778000","2026-01-11T01:05:05.778000","695939a556b8082002a35a69","renukajackson1@gmail.com","false"
"","9","","","Product","","","Nutrafol Shampoo","69593d53c98b3add2b7ee770","10","units","","Nutrafol","unopened","","active","6962f7410fb6e26c87eaec67","2026-01-11T01:05:05.778000","2026-01-11T01:05:05.778000","695939a556b8082002a35a69","renukajackson1@gmail.com","false"
"","7","","","Product","","2026-02-01","Nutrafol Stress 1-Month","69593d53c98b3add2b7ee770","10","units","","Nutrafol","unopened","","active","6962f7410fb6e26c87eaec5d","2026-01-11T01:05:05.778000","2026-01-11T01:05:05.778000","695939a556b8082002a35a69","renukajackson1@gmail.com","false"
"","7","","","Product","","","Triple Lipid","69593d53c98b3add2b7ee770","10","units","","SkinCeuticals","unopened","","active","6962f7410fb6e26c87eaec43","2026-01-11T01:05:05.778000","2026-01-11T01:05:05.778000","695939a556b8082002a35a69","renukajackson1@gmail.com","false"
"","6","","","Product","","2027-03-01","Nutrafol Women's Balance 3-Month","69593d53c98b3add2b7ee770","10","units","","Nutrafol","unopened","","active","6962f7410fb6e26c87eaec63","2026-01-11T01:05:05.778000","2026-01-11T01:05:05.778000","695939a556b8082002a35a69","renukajackson1@gmail.com","false"
"","2","","","Product","","","NOON In Depth Filler Cream","69593d53c98b3add2b7ee770","10","units","","NOON","unopened","","active","6962f7410fb6e26c87eaec73","2026-01-11T01:05:05.778000","2026-01-11T01:05:05.778000","695939a556b8082002a35a69","renukajackson1@gmail.com","false"
"","1","","","Product","","","Soothing Cleanser","69593d53c98b3add2b7ee770","10","units","","SkinCeuticals","unopened","","active","6962f7410fb6e26c87eaec56","2026-01-11T01:05:05.778000","2026-01-11T01:05:05.778000","695939a556b8082002a35a69","renukajackson1@gmail.com","false"
"","8","","","Product","","","Glycolic 10","69593d53c98b3add2b7ee770","10","units","","SkinCeuticals","unopened","","active","6962f7410fb6e26c87eaec42","2026-01-11T01:05:05.778000","2026-01-11T01:05:05.778000","695939a556b8082002a35a69","renukajackson1@gmail.com","false"
"","8","","","Product","","","NOON In Depth Filler Serum","69593d53c98b3add2b7ee770","10","units","","NOON","unopened","","active","6962f7410fb6e26c87eaec72","2026-01-11T01:05:05.778000","2026-01-11T01:05:05.778000","695939a556b8082002a35a69","renukajackson1@gmail.com","false"
"","3","","","Product","","","AGE Eye","69593d53c98b3add2b7ee770","10","units","","SkinCeuticals","unopened","","active","6962f7410fb6e26c87eaec3b","2026-01-11T01:05:05.778000","2026-01-11T01:05:05.778000","695939a556b8082002a35a69","renukajackson1@gmail.com","false"
"","3","","","Product","","","Nutrafol Conditioner","69593d53c98b3add2b7ee770","10","units","","Nutrafol","unopened","","active","6962f7410fb6e26c87eaec68","2026-01-11T01:05:05.778000","2026-01-11T01:05:05.778000","695939a556b8082002a35a69","renukajackson1@gmail.com","false"
"","6","","","Product","","","CE Ferulic","69593d53c98b3add2b7ee770","10","units","","SkinCeuticals","unopened","","active","6962f7410fb6e26c87eaec4a","2026-01-11T01:05:05.778000","2026-01-11T01:05:05.778000","695939a556b8082002a35a69","renukajackson1@gmail.com","false"
"","7","","","Product","","","Phyto A + Brightening Treatment","69593d53c98b3add2b7ee770","10","units","","SkinCeuticals","unopened","","active","6962f7410fb6e26c87eaec40","2026-01-11T01:05:05.778000","2026-01-11T01:05:05.778000","695939a556b8082002a35a69","renukajackson1@gmail.com","false"
"","2","","","Product","","","NOON Retinol 1.6%","69593d53c98b3add2b7ee770","10","units","","NOON","unopened","","active","6962f7410fb6e26c87eaec7a","2026-01-11T01:05:05.778000","2026-01-11T01:05:05.778000","695939a556b8082002a35a69","renukajackson1@gmail.com","false"
"","9","","","Product","","2026-05-01","Double Defense Kit","69593d53c98b3add2b7ee770","10","units","","SkinCeuticals","unopened","","active","6962f7410fb6e26c87eaec5b","2026-01-11T01:05:05.778000","2026-01-11T01:05:05.778000","695939a556b8082002a35a69","renukajackson1@gmail.com","false"
"","10","","","Product","","","Phyto Corrective Gel","69593d53c98b3add2b7ee770","10","units","","SkinCeuticals","unopened","","active","6962f7410fb6e26c87eaec49","2026-01-11T01:05:05.778000","2026-01-11T01:05:05.778000","695939a556b8082002a35a69","renukajackson1@gmail.com","false"
"","6","","","Product","","","NOON Brush & Go Tone #1 All Skin","69593d53c98b3add2b7ee770","10","units","","NOON","unopened","","active","6962f7410fb6e26c87eaec6e","2026-01-11T01:05:05.778000","2026-01-11T01:05:05.778000","695939a556b8082002a35a69","renukajackson1@gmail.com","false"
"","1","","","Product","","","AGE Interrupter Serum","69593d53c98b3add2b7ee770","10","units","","SkinCeuticals","unopened","","active","6962f7410fb6e26c87eaec51","2026-01-11T01:05:05.778000","2026-01-11T01:05:05.778000","695939a556b8082002a35a69","renukajackson1@gmail.com","false"
"","11","","","Product","","","NOON Brightening Kit","69593d53c98b3add2b7ee770","10","units","","NOON","unopened","","active","6962f7410fb6e26c87eaec6d","2026-01-11T01:05:05.778000","2026-01-11T01:05:05.778000","695939a556b8082002a35a69","renukajackson1@gmail.com","false"
"","3","","","Product","","2027-01-01","Nutrafol Women's Vegan 1-Month","69593d53c98b3add2b7ee770","10","units","","Nutrafol","unopened","","active","6962f7410fb6e26c87eaec62","2026-01-11T01:05:05.778000","2026-01-11T01:05:05.778000","695939a556b8082002a35a69","renukajackson1@gmail.com","false"
"","4","","","Product","","","Phyto Corrective Mist","69593d53c98b3add2b7ee770","10","units","","SkinCeuticals","unopened","","active","6962f7410fb6e26c87eaec4f","2026-01-11T01:05:05.778000","2026-01-11T01:05:05.778000","695939a556b8082002a35a69","renukajackson1@gmail.com","false"
"","6","","","Product","","","Resveratrol BE","69593d53c98b3add2b7ee770","10","units","","SkinCeuticals","unopened","","active","6962f7410fb6e26c87eaec54","2026-01-11T01:05:05.778000","2026-01-11T01:05:05.778000","695939a556b8082002a35a69","renukajackson1@gmail.com","false"
"","7","","","Product","","","Gentle Cleanser #1 Full Size","69593d53c98b3add2b7ee770","10","units","","OBAGI","unopened","","active","6962f7410fb6e26c87eaec34","2026-01-11T01:05:05.777000","2026-01-11T01:05:05.777000","695939a556b8082002a35a69","renukajackson1@gmail.com","false"
"","11","","","Product","","2028-03-01","Clear #3","69593d53c98b3add2b7ee770","10","units","","OBAGI","unopened","","active","6962f7410fb6e26c87eaec36","2026-01-11T01:05:05.777000","2026-01-11T01:05:05.777000","695939a556b8082002a35a69","renukajackson1@gmail.com","false"
"","1","","","Product","","","Eye Serum","69593d53c98b3add2b7ee770","10","units","","OBAGI","unopened","","active","6962f7410fb6e26c87eaec29","2026-01-11T01:05:05.777000","2026-01-11T01:05:05.777000","695939a556b8082002a35a69","renukajackson1@gmail.com","false"
"","5","","","Product","","","OBAGI C 15% Serum","69593d53c98b3add2b7ee770","10","units","","OBAGI","unopened","","active","6962f7410fb6e26c87eaec2f","2026-01-11T01:05:05.777000","2026-01-11T01:05:05.777000","695939a556b8082002a35a69","renukajackson1@gmail.com","false"
"","3","","","Product","","","Facial Serum","69593d53c98b3add2b7ee770","10","units","","OBAGI","unopened","","active","6962f7410fb6e26c87eaec2a","2026-01-11T01:05:05.777000","2026-01-11T01:05:05.777000","695939a556b8082002a35a69","renukajackson1@gmail.com","false"
"","3","","","Product","","","Firming Eye Cream","69593d53c98b3add2b7ee770","10","units","","OBAGI","unopened","","active","6962f7410fb6e26c87eaec24","2026-01-11T01:05:05.777000","2026-01-11T01:05:05.777000","695939a556b8082002a35a69","renukajackson1@gmail.com","false"
"","1","","","Product","","","Hydro Drops","69593d53c98b3add2b7ee770","10","units","","OBAGI","unopened","","active","6962f7410fb6e26c87eaec25","2026-01-11T01:05:05.777000","2026-01-11T01:05:05.777000","695939a556b8082002a35a69","renukajackson1@gmail.com","false"
"","1","","","Product","","","Rebalance","69593d53c98b3add2b7ee770","10","units","","OBAGI","unopened","","active","6962f7410fb6e26c87eaec26","2026-01-11T01:05:05.777000","2026-01-11T01:05:05.777000","695939a556b8082002a35a69","renukajackson1@gmail.com","false"
"","4","","","Product","","2026-09-01","Tretinoin 0.05%","69593d53c98b3add2b7ee770","10","units","","OBAGI","unopened","","active","6962f7410fb6e26c87eaec32","2026-01-11T01:05:05.777000","2026-01-11T01:05:05.777000","695939a556b8082002a35a69","renukajackson1@gmail.com","false"
"","7","","","Product","","","Advanced Filler Concentrate","69593d53c98b3add2b7ee770","10","units","","OBAGI","unopened","","active","6962f7410fb6e26c87eaec27","2026-01-11T01:05:05.777000","2026-01-11T01:05:05.777000","695939a556b8082002a35a69","renukajackson1@gmail.com","false"
"","2","","","Product","","2027-02-01","Tretinoin 0.05% GEL","69593d53c98b3add2b7ee770","10","units","","OBAGI","unopened","","active","6962f7410fb6e26c87eaec33","2026-01-11T01:05:05.777000","2026-01-11T01:05:05.777000","695939a556b8082002a35a69","renukajackson1@gmail.com","false"
"","12","","","Product","","2026-12-01","Tretinoin 0.025%","69593d53c98b3add2b7ee770","10","units","","OBAGI","unopened","","active","6962f7410fb6e26c87eaec30","2026-01-11T01:05:05.777000","2026-01-11T01:05:05.777000","695939a556b8082002a35a69","renukajackson1@gmail.com","false"
"","4","","","Product","","","Nu-Derm Toner","69593d53c98b3add2b7ee770","10","units","","OBAGI","unopened","","active","6962f7410fb6e26c87eaec2d","2026-01-11T01:05:05.777000","2026-01-11T01:05:05.777000","695939a556b8082002a35a69","renukajackson1@gmail.com","false"
"","4","","","Product","","","Hydrate LUX","69593d53c98b3add2b7ee770","10","units","","OBAGI","unopened","","active","6962f7410fb6e26c87eaec2b","2026-01-11T01:05:05.777000","2026-01-11T01:05:05.777000","695939a556b8082002a35a69","renukajackson1@gmail.com","false"
"","6","","","Product","","","Toner #2 Full Size","69593d53c98b3add2b7ee770","10","units","","OBAGI","unopened","","active","6962f7410fb6e26c87eaec35","2026-01-11T01:05:05.777000","2026-01-11T01:05:05.777000","695939a556b8082002a35a69","renukajackson1@gmail.com","false"
"","7","","","Product","","","Lift Up & Sculpt","69593d53c98b3add2b7ee770","10","units","","OBAGI","unopened","","active","6962f7410fb6e26c87eaec28","2026-01-11T01:05:05.777000","2026-01-11T01:05:05.777000","695939a556b8082002a35a69","renukajackson1@gmail.com","false"
"","2","","","Product","","","Hydrate Facial Moisturizer","69593d53c98b3add2b7ee770","10","units","","OBAGI","unopened","","active","6962f7410fb6e26c87eaec2c","2026-01-11T01:05:05.777000","2026-01-11T01:05:05.777000","695939a556b8082002a35a69","renukajackson1@gmail.com","false"
"","7","","","Product","[""6959ad8c4265bd7be96b5fb7""]","2026-09-01","Obagi Tretinoin 0.01%","69593d53c98b3add2b7ee770","10","units","","OBAGI","unopened","","active","6962f7410fb6e26c87eaec31","2026-01-11T01:05:05.777000","2026-01-15T19:55:56.167000","695939a556b8082002a35a69","renukajackson1@gmail.com","false"
"","2","","","Product","","","OBAGI C Toner","69593d53c98b3add2b7ee770","10","units","","OBAGI","unopened","","active","6962f7410fb6e26c87eaec2e","2026-01-11T01:05:05.777000","2026-01-11T01:05:05.777000","695939a556b8082002a35a69","renukajackson1@gmail.com","false"
"","1","","","Product","","","NOON G-Peel 50","69594c64231f984301b14908","10","units","","NOON","unopened","","active","6962f47dcbc8ea78316c8988","2026-01-11T00:53:17.137000","2026-01-11T00:53:17.137000","695939a556b8082002a35a69","renukajackson1@gmail.com","false"
"","1","","","Product","","","OBAGI Blue Peel Radiance 1/2 Full","69594c64231f984301b14908","10","units","","OBAGI","partial","","active","6962f47dcbc8ea78316c898f","2026-01-11T00:53:17.137000","2026-01-11T00:53:17.137000","695939a556b8082002a35a69","renukajackson1@gmail.com","false"
"","1","","","Product","","","SkinCeuticals Micropeel 30","69594c64231f984301b14908","10","units","","SkinCeuticals","unopened","","active","6962f47dcbc8ea78316c898c","2026-01-11T00:53:17.137000","2026-01-11T00:53:17.137000","695939a556b8082002a35a69","renukajackson1@gmail.com","false"
"","4","Expired - staff use only","","Product","","2025-06-01","VIPeel Purify","69594c64231f984301b14908","10","units","","VIPeel","unopened","","active","6962f47dcbc8ea78316c8993","2026-01-11T00:53:17.137000","2026-01-11T00:53:17.137000","695939a556b8082002a35a69","renukajackson1@gmail.com","false"
"","1","","","Product","","","SkinCeuticals Advanced Corrective","69594c64231f984301b14908","10","units","","SkinCeuticals","unopened","","active","6962f47dcbc8ea78316c898d","2026-01-11T00:53:17.137000","2026-01-11T00:53:17.137000","695939a556b8082002a35a69","renukajackson1@gmail.com","false"
"","1","","","Product","","","SkinCeuticals Micropeel 20","69594c64231f984301b14908","10","units","","SkinCeuticals","unopened","","active","6962f47dcbc8ea78316c898b","2026-01-11T00:53:17.137000","2026-01-11T00:53:17.137000","695939a556b8082002a35a69","renukajackson1@gmail.com","false"
"","3","","","Product","","2027-03-01","VIPeel Purify with Precision and Peptides","69594c64231f984301b14908","10","units","","VIPeel","unopened","","active","6962f47dcbc8ea78316c8995","2026-01-11T00:53:17.137000","2026-01-11T00:53:17.137000","695939a556b8082002a35a69","renukajackson1@gmail.com","false"
"","8","2 boxes of 4","","Product","","","OBAGI Revivify Multi-Acid Facial Peel","69594c64231f984301b14908","10","units","","OBAGI","unopened","","active","6962f47dcbc8ea78316c8990","2026-01-11T00:53:17.137000","2026-01-11T00:53:17.137000","695939a556b8082002a35a69","renukajackson1@gmail.com","false"
"","1","","","Product","","","NOON P-Peel 40","69594c64231f984301b14908","10","units","","NOON","unopened","","active","6962f47dcbc8ea78316c8989","2026-01-11T00:53:17.137000","2026-01-11T00:53:17.137000","695939a556b8082002a35a69","renukajackson1@gmail.com","false"
"","5","","","Product","","2028-07-01","BioPeel","69594c64231f984301b14908","10","units","","BioPeel","unopened","","active","6962f47dcbc8ea78316c8991","2026-01-11T00:53:17.137000","2026-01-11T00:53:17.137000","695939a556b8082002a35a69","renukajackson1@gmail.com","false"
"","7","","","Product","","2026-07-01","VIPeel Precision Plus","69594c64231f984301b14908","10","units","","VIPeel","unopened","","active","6962f47dcbc8ea78316c8996","2026-01-11T00:53:17.137000","2026-01-11T00:53:17.137000","695939a556b8082002a35a69","renukajackson1@gmail.com","false"
"","1","","","Product","","","NOON P-Peel 20","69594c64231f984301b14908","10","units","","NOON","unopened","","active","6962f47dcbc8ea78316c8987","2026-01-11T00:53:17.137000","2026-01-11T00:53:17.137000","695939a556b8082002a35a69","renukajackson1@gmail.com","false"
"","16","","","Product","","","OBAGI Blue Peel Radiance","69594c64231f984301b14908","10","units","","OBAGI","unopened","","active","6962f47dcbc8ea78316c898e","2026-01-11T00:53:17.137000","2026-01-11T00:53:17.137000","695939a556b8082002a35a69","renukajackson1@gmail.com","false"
"","1","","","Product","","2026-11-01","BioPeel","69594c64231f984301b14908","10","units","","BioPeel","unopened","","active","6962f47dcbc8ea78316c8992","2026-01-11T00:53:17.137000","2026-01-11T00:53:17.137000","695939a556b8082002a35a69","renukajackson1@gmail.com","false"
"","3","","","Product","","2027-03-01","VIPeel Purify","69594c64231f984301b14908","10","units","","VIPeel","unopened","","active","6962f47dcbc8ea78316c8994","2026-01-11T00:53:17.137000","2026-01-11T00:53:17.137000","695939a556b8082002a35a69","renukajackson1@gmail.com","false"
"","1","","","Product","","","NOON G-Peel 30","69594c64231f984301b14908","10","units","","NOON","unopened","","active","6962f47dcbc8ea78316c898a","2026-01-11T00:53:17.137000","2026-01-11T00:53:17.137000","695939a556b8082002a35a69","renukajackson1@gmail.com","false"
"","2","","","Product","","","NOON Retinol 0.3%","69593d53c98b3add2b7ee76e","10","units","","NOON","unopened","","active","6962d7964ede174b53453249","2026-01-10T22:49:58.485000","2026-01-10T22:49:58.485000","695939a556b8082002a35a69","renukajackson1@gmail.com","false"
"","3","","","Product","","","NOON BenzoAzelin","69593d53c98b3add2b7ee76e","10","units","","NOON","unopened","","active","6962d7964ede174b53453251","2026-01-10T22:49:58.485000","2026-01-10T22:49:58.485000","695939a556b8082002a35a69","renukajackson1@gmail.com","false"
"","4","","","Product","","","NOON Double White","69593d53c98b3add2b7ee76e","10","units","","NOON","unopened","","active","6962d7964ede174b53453253","2026-01-10T22:49:58.485000","2026-01-10T22:49:58.485000","695939a556b8082002a35a69","renukajackson1@gmail.com","false"
"","2","","","Product","","","Face Cream","69593d53c98b3add2b7ee76e","10","units","","SkinCeuticals","unopened","","active","6962d7964ede174b53453272","2026-01-10T22:49:58.485000","2026-01-10T22:49:58.485000","695939a556b8082002a35a69","renukajackson1@gmail.com","false"
"","3","","","Product","","2027-01-01","Nutrafol Vegan 1-Month","69593d53c98b3add2b7ee76e","10","units","","Nutrafol","unopened","","active","6962d7964ede174b53453238","2026-01-10T22:49:58.485000","2026-01-10T22:49:58.485000","695939a556b8082002a35a69","renukajackson1@gmail.com","false"
"","4","","","Product","","","PHYTO A+ Brightening Treatment","69593d53c98b3add2b7ee76e","10","units","","SkinCeuticals","unopened","","active","6962d7964ede174b5345326a","2026-01-10T22:49:58.485000","2026-01-10T22:49:58.485000","695939a556b8082002a35a69","renukajackson1@gmail.com","false"
"","2","","","Product","","","NOON Acne Solution","69593d53c98b3add2b7ee76e","10","units","","NOON","unopened","","active","6962d7964ede174b5345324f","2026-01-10T22:49:58.485000","2026-01-10T22:49:58.485000","695939a556b8082002a35a69","renukajackson1@gmail.com","false"
"","2","","","Product","","","Resveratrol BE","69593d53c98b3add2b7ee76e","10","units","","SkinCeuticals","unopened","","active","6962d7964ede174b5345326e","2026-01-10T22:49:58.485000","2026-01-10T22:49:58.485000","695939a556b8082002a35a69","renukajackson1@gmail.com","false"
"","2","","","Product","","","LHA Toner","69593d53c98b3add2b7ee76e","10","units","","SkinCeuticals","unopened","","active","6962d7964ede174b53453260","2026-01-10T22:49:58.485000","2026-01-10T22:49:58.485000","695939a556b8082002a35a69","renukajackson1@gmail.com","false"
"","4","","","Product","","","HydraBalm","69593d53c98b3add2b7ee76e","10","units","","SkinCeuticals","unopened","","active","6962d7964ede174b53453275","2026-01-10T22:49:58.485000","2026-01-10T22:49:58.485000","695939a556b8082002a35a69","renukajackson1@gmail.com","false"
"","3","","","Product","","","HA Intensifier","69593d53c98b3add2b7ee76e","10","units","","SkinCeuticals","unopened","","active","6962d7964ede174b53453276","2026-01-10T22:49:58.485000","2026-01-10T22:49:58.485000","695939a556b8082002a35a69","renukajackson1@gmail.com","false"
"","5","","","Product","","","Lip Repair","69593d53c98b3add2b7ee76e","10","units","","SkinCeuticals","unopened","","active","6962d7964ede174b5345327c","2026-01-10T22:49:58.485000","2026-01-10T22:49:58.485000","695939a556b8082002a35a69","renukajackson1@gmail.com","false"
"","2","","","Product","","","Triple Lipid","69593d53c98b3add2b7ee76e","10","units","","SkinCeuticals","unopened","","active","6962d7964ede174b53453264","2026-01-10T22:49:58.485000","2026-01-10T22:49:58.485000","695939a556b8082002a35a69","renukajackson1@gmail.com","false"
"","2","","","Product","","","NOON Restart Serum","69593d53c98b3add2b7ee76e","10","units","","NOON","unopened","","active","6962d7964ede174b53453256","2026-01-10T22:49:58.485000","2026-01-10T22:49:58.485000","695939a556b8082002a35a69","renukajackson1@gmail.com","false"
"","4","","","Product","","2025-08-01","Nutrafol DHT 1-Month","69593d53c98b3add2b7ee76e","10","units","","Nutrafol","unopened","","active","6962d7964ede174b5345323d","2026-01-10T22:49:58.485000","2026-01-10T22:49:58.485000","695939a556b8082002a35a69","renukajackson1@gmail.com","false"
"","5","","","Product","","","NOON OMG Cream","69593d53c98b3add2b7ee76e","10","units","","NOON","unopened","","active","6962d7964ede174b53453246","2026-01-10T22:49:58.485000","2026-01-10T22:49:58.485000","695939a556b8082002a35a69","renukajackson1@gmail.com","false"
"","4","","","Product","","","NOON Vit C Serum","69593d53c98b3add2b7ee76e","10","units","","NOON","unopened","","active","6962d7964ede174b53453255","2026-01-10T22:49:58.485000","2026-01-10T22:49:58.485000","695939a556b8082002a35a69","renukajackson1@gmail.com","false"
"","4","","","Product","","","NOON Microsoft Cleanser","69593d53c98b3add2b7ee76e","10","units","","NOON","unopened","","active","6962d7964ede174b53453258","2026-01-10T22:49:58.485000","2026-01-10T22:49:58.485000","695939a556b8082002a35a69","renukajackson1@gmail.com","false"
"","3","","","Product","[]","","P TIOX","69593d53c98b3add2b7ee76e","10","units","","SkinCeuticals","unopened","","active","6962d7964ede174b5345326d","2026-01-10T22:49:58.485000","2026-02-02T04:24:43.412000","695939a556b8082002a35a69","renukajackson1@gmail.com","false"
"","4","","","Product","","","NOON Double Fight","69593d53c98b3add2b7ee76e","10","units","","NOON","unopened","","active","6962d7964ede174b53453252","2026-01-10T22:49:58.485000","2026-01-10T22:49:58.485000","695939a556b8082002a35a69","renukajackson1@gmail.com","false"
"","2","","","Product","","2026-07-01","Nutrafol Balance 3-Month","69593d53c98b3add2b7ee76e","10","units","","Nutrafol","unopened","","active","6962d7964ede174b5345323a","2026-01-10T22:49:58.485000","2026-01-10T22:49:58.485000","695939a556b8082002a35a69","renukajackson1@gmail.com","false"
"Checkout","2","","","Product","[]","","Epidermal Repair","69593d53c98b3add2b7ee76e","10","units","","SkinCeuticals","unopened","","active","6962d7964ede174b53453278","2026-01-10T22:49:58.485000","2026-02-02T16:35:18.840000","695939a556b8082002a35a69","renukajackson1@gmail.com","false"
"","2","","","Product","","","NOON Brightening Kit","69593d53c98b3add2b7ee76e","10","units","","NOON","unopened","","active","6962d7964ede174b53453242","2026-01-10T22:49:58.485000","2026-01-10T22:49:58.485000","695939a556b8082002a35a69","renukajackson1@gmail.com","false"
"","1","","","Product","","","Soothing Cleanser","69593d53c98b3add2b7ee76e","10","units","","SkinCeuticals","unopened","","active","6962d7964ede174b53453261","2026-01-10T22:49:58.485000","2026-01-10T22:49:58.485000","695939a556b8082002a35a69","renukajackson1@gmail.com","false"
"","5","","","Product","","","NOON Igloo Moist","69593d53c98b3add2b7ee76e","10","units","","NOON","unopened","","active","6962d7964ede174b5345324e","2026-01-10T22:49:58.485000","2026-01-10T22:49:58.485000","695939a556b8082002a35a69","renukajackson1@gmail.com","false"
"","1","","","Product","","2025-08-01","Nutrafol Vegan 1-Month","69593d53c98b3add2b7ee76e","10","units","","Nutrafol","unopened","","active","6962d7964ede174b53453237","2026-01-10T22:49:58.485000","2026-01-10T22:49:58.485000","695939a556b8082002a35a69","renukajackson1@gmail.com","false"
"Checkout","2","","","Product","[]","","AGE Interrupter Serum","69593d53c98b3add2b7ee76e","10","units","","SkinCeuticals","unopened","","active","6962d7964ede174b5345326f","2026-01-10T22:49:58.485000","2026-02-02T16:21:25.243000","695939a556b8082002a35a69","renukajackson1@gmail.com","false"
"Checkout","2","","","Product","[]","2026-05-01","Double Defense Kit","69593d53c98b3add2b7ee76e","10","units","","SkinCeuticals","unopened","","active","6962d7964ede174b5345326b","2026-01-10T22:49:58.485000","2026-02-02T16:24:04.652000","695939a556b8082002a35a69","renukajackson1@gmail.com","false"
"Checkout","1","","","Product","[""69596793bd5bd1c92a816816""]","","Blemish and Age","69593d53c98b3add2b7ee76e","10","units","","SkinCeuticals","unopened","","active","6962d7964ede174b5345327b","2026-01-10T22:49:58.485000","2026-02-02T16:21:53.333000","695939a556b8082002a35a69","renukajackson1@gmail.com","false"
"","4","","","Product","","","NOON Kit","69593d53c98b3add2b7ee76e","10","units","","NOON","unopened","","active","6962d7964ede174b53453240","2026-01-10T22:49:58.485000","2026-01-10T22:49:58.485000","695939a556b8082002a35a69","renukajackson1@gmail.com","false"
"","2","","","Product","","","Glycolic 10","69593d53c98b3add2b7ee76e","10","units","","SkinCeuticals","unopened","","active","6962d7964ede174b53453265","2026-01-10T22:49:58.485000","2026-01-10T22:49:58.485000","695939a556b8082002a35a69","renukajackson1@gmail.com","false"
"Checkout","2","","","Product","[]","","Discoloration Defense","69593d53c98b3add2b7ee76e","10","units","","SkinCeuticals","unopened","","active","6962d7964ede174b53453273","2026-01-10T22:49:58.485000","2026-02-02T16:22:28.055000","695939a556b8082002a35a69","renukajackson1@gmail.com","false"
"Checkout","3","","","Product","[]","","C E Ferulic","69593d53c98b3add2b7ee76e","10","units","","SkinCeuticals","unopened","","active","6962d7964ede174b53453271","2026-01-10T22:49:58.485000","2026-02-02T16:23:13.024000","695939a556b8082002a35a69","renukajackson1@gmail.com","false"
"","2","","","Product","","2027-10-01","Nutrafol DHT 3-Month","69593d53c98b3add2b7ee76e","10","units","","Nutrafol","unopened","","active","6962d7964ede174b5345323c","2026-01-10T22:49:58.485000","2026-01-10T22:49:58.485000","695939a556b8082002a35a69","renukajackson1@gmail.com","false"
"","3","","","Product","","","NOON Retinol 1.6%","69593d53c98b3add2b7ee76e","10","units","","NOON","unopened","","active","6962d7964ede174b5345324b","2026-01-10T22:49:58.485000","2026-01-10T22:49:58.485000","695939a556b8082002a35a69","renukajackson1@gmail.com","false"
"Checkout","3","","","Product","[]","","Clarifying Clay Mask","69593d53c98b3add2b7ee76e","10","units","","SkinCeuticals","unopened","","active","6962d7964ede174b5345327a","2026-01-10T22:49:58.485000","2026-02-02T16:23:19.987000","695939a556b8082002a35a69","renukajackson1@gmail.com","false"
"","2","","","Product","","","NOON Hydrocalming Complex","69593d53c98b3add2b7ee76e","10","units","","NOON","unopened","","active","6962d7964ede174b53453259","2026-01-10T22:49:58.485000","2026-01-10T22:49:58.485000","695939a556b8082002a35a69","renukajackson1@gmail.com","false"
"Checkout","1","","","Product","[]","","Body Tightening Concentrate","69593d53c98b3add2b7ee76e","10","units","","SkinCeuticals","unopened","","active","6962d7964ede174b53453267","2026-01-10T22:49:58.485000","2026-02-02T16:22:46.074000","695939a556b8082002a35a69","renukajackson1@gmail.com","false"
"","4","","","Product","","","NOON Reform Eye Cream","69593d53c98b3add2b7ee76e","10","units","","NOON","unopened","","active","6962d7964ede174b53453247","2026-01-10T22:49:58.485000","2026-01-10T22:49:58.485000","695939a556b8082002a35a69","renukajackson1@gmail.com","false"
"","6","","","Product","","","NOON Brush N Go #2 Oily Types","69593d53c98b3add2b7ee76e","10","units","","NOON","unopened","","active","6962d7964ede174b5345325d","2026-01-10T22:49:58.485000","2026-01-10T22:49:58.485000","695939a556b8082002a35a69","renukajackson1@gmail.com","false"
"Checkout","2","","","Product","[]","","Conditioning Toner","69593d53c98b3add2b7ee76e","10","units","","SkinCeuticals","unopened","","active","6962d7964ede174b5345325e","2026-01-10T22:49:58.485000","2026-02-02T16:23:27.785000","695939a556b8082002a35a69","renukajackson1@gmail.com","false"
"","5","","","Product","","","NOON In Depth Filler Serum","69593d53c98b3add2b7ee76e","10","units","","NOON","unopened","","active","6962d7964ede174b53453245","2026-01-10T22:49:58.485000","2026-01-10T22:49:58.485000","695939a556b8082002a35a69","renukajackson1@gmail.com","false"
"","4","","","Product","","","NOON Anco Complex","69593d53c98b3add2b7ee76e","10","units","","NOON","unopened","","active","6962d7964ede174b53453250","2026-01-10T22:49:58.485000","2026-01-10T22:49:58.485000","695939a556b8082002a35a69","renukajackson1@gmail.com","false"
"","1","","","Product","","2026-06-01","Nutrafol Balance 3-Month","69593d53c98b3add2b7ee76e","10","units","","Nutrafol","unopened","","active","6962d7964ede174b53453239","2026-01-10T22:49:58.485000","2026-01-10T22:49:58.485000","695939a556b8082002a35a69","renukajackson1@gmail.com","false"
"","3","","","Product","","","PHYTO+","69593d53c98b3add2b7ee76e","10","units","","SkinCeuticals","unopened","","active","6962d7964ede174b53453274","2026-01-10T22:49:58.485000","2026-01-10T22:49:58.485000","695939a556b8082002a35a69","renukajackson1@gmail.com","false"
"","6","","","Product","","","NOON Acne Kit","69593d53c98b3add2b7ee76e","10","units","","NOON","unopened","","active","6962d7964ede174b53453243","2026-01-10T22:49:58.485000","2026-01-10T22:49:58.485000","695939a556b8082002a35a69","renukajackson1@gmail.com","false"
"","2","","","Product","","","NOON In Depth Filler Cream","69593d53c98b3add2b7ee76e","10","units","","NOON","unopened","","active","6962d7964ede174b53453244","2026-01-10T22:49:58.485000","2026-01-10T22:49:58.485000","695939a556b8082002a35a69","renukajackson1@gmail.com","false"
"","1","","","Product","","","Replenishing Cream","69593d53c98b3add2b7ee76e","10","units","","SkinCeuticals","unopened","","active","6962d7964ede174b53453263","2026-01-10T22:49:58.485000","2026-01-10T22:49:58.485000","695939a556b8082002a35a69","renukajackson1@gmail.com","false"
"","1","","","Product","","","Tripeptide R-Neck Repair","69593d53c98b3add2b7ee76e","10","units","","SkinCeuticals","unopened","","active","6962d7964ede174b53453266","2026-01-10T22:49:58.485000","2026-01-10T22:49:58.485000","695939a556b8082002a35a69","renukajackson1@gmail.com","false"
"","3","","","Product","","","NOON Halo-Ronic Serum","69593d53c98b3add2b7ee76e","10","units","","NOON","unopened","","active","6962d7964ede174b53453257","2026-01-10T22:49:58.485000","2026-01-10T22:49:58.485000","695939a556b8082002a35a69","renukajackson1@gmail.com","false"
"Checkout","2","","","Product","[]","","AGE Interrupter Advanced","69593d53c98b3add2b7ee76e","10","units","","SkinCeuticals","unopened","","active","6962d7964ede174b53453270","2026-01-10T22:49:58.485000","2026-02-02T16:20:57.537000","695939a556b8082002a35a69","renukajackson1@gmail.com","false"
"","3","","","Product","","2026-03-01","Nutrafol Balance 1-Month","69593d53c98b3add2b7ee76e","10","units","","Nutrafol","unopened","","active","6962d7964ede174b5345323b","2026-01-10T22:49:58.485000","2026-01-10T22:49:58.485000","695939a556b8082002a35a69","renukajackson1@gmail.com","false"
"","2","","","Product","","2027-04-01","Nutrafol Hair Collagen","69593d53c98b3add2b7ee76e","10","units","","Nutrafol","unopened","","active","6962d7964ede174b5345323e","2026-01-10T22:49:58.485000","2026-01-10T22:49:58.485000","695939a556b8082002a35a69","renukajackson1@gmail.com","false"
"","3","","","Product","","2026-04-01","Nutrafol Skin 1-Month","69593d53c98b3add2b7ee76e","10","units","","Nutrafol","unopened","","active","6962d7964ede174b5345323f","2026-01-10T22:49:58.485000","2026-01-10T22:49:58.485000","695939a556b8082002a35a69","renukajackson1@gmail.com","false"
"","5","","","Product","","","Advanced RGN-6","69593d53c98b3add2b7ee76e","10","units","","SkinCeuticals","unopened","","active","6962d7964ede174b53453268","2026-01-10T22:49:58.485000","2026-01-10T22:49:58.485000","695939a556b8082002a35a69","renukajackson1@gmail.com","false"
"","3","","","Product","","","NOON Retinol 1%","69593d53c98b3add2b7ee76e","10","units","","NOON","unopened","","active","6962d7964ede174b5345324a","2026-01-10T22:49:58.485000","2026-01-10T22:49:58.485000","695939a556b8082002a35a69","renukajackson1@gmail.com","false"
"","2","","","Product","","","Daily Brightening Defense","69593d53c98b3add2b7ee76e","10","units","","SkinCeuticals","unopened","","active","6962d7964ede174b53453279","2026-01-10T22:49:58.485000","2026-01-10T22:49:58.485000","695939a556b8082002a35a69","renukajackson1@gmail.com","false"
"","4","","","Product","","","Physical UV Defense Sunscreen 1.7FL","69593d53c98b3add2b7ee76e","10","units","","SkinCeuticals","unopened","","active","6962d7964ede174b5345327d","2026-01-10T22:49:58.485000","2026-01-10T22:49:58.485000","695939a556b8082002a35a69","renukajackson1@gmail.com","false"
"","6","","","Product","","","NOON Brush N Go #1 Oily Types","69593d53c98b3add2b7ee76e","10","units","","NOON","unopened","","active","6962d7964ede174b5345325c","2026-01-10T22:49:58.485000","2026-01-10T22:49:58.485000","695939a556b8082002a35a69","renukajackson1@gmail.com","false"
"","4","","","Product","","","NOON Lift and Whitening Complex","69593d53c98b3add2b7ee76e","10","units","","NOON","unopened","","active","6962d7964ede174b5345324c","2026-01-10T22:49:58.485000","2026-01-10T22:49:58.485000","695939a556b8082002a35a69","renukajackson1@gmail.com","false"
"","4","","","Product","","","NOON Therapeutic Hydrogel","69593d53c98b3add2b7ee76e","10","units","","NOON","unopened","","active","6962d7964ede174b53453248","2026-01-10T22:49:58.485000","2026-01-10T22:49:58.485000","695939a556b8082002a35a69","renukajackson1@gmail.com","false"
"","3","","","Product","","","Nutrafol (M) 1-Month","69593d53c98b3add2b7ee76e","10","units","","Nutrafol","unopened","","active","6962d7964ede174b53453235","2026-01-10T22:49:58.485000","2026-01-10T22:49:58.485000","695939a556b8082002a35a69","renukajackson1@gmail.com","false"
"","5","","","Product","","","Simple Clean Wash","69593d53c98b3add2b7ee76e","10","units","","SkinCeuticals","unopened","","active","6962d7964ede174b53453262","2026-01-10T22:49:58.485000","2026-01-10T22:49:58.485000","695939a556b8082002a35a69","renukajackson1@gmail.com","false"
"","3","","","Product","","","PHYTO Mist","69593d53c98b3add2b7ee76e","10","units","","SkinCeuticals","unopened","","active","6962d7964ede174b53453269","2026-01-10T22:49:58.485000","2026-01-10T22:49:58.485000","695939a556b8082002a35a69","renukajackson1@gmail.com","false"
"","4","","","Product","","","NOON Lacto-10","69593d53c98b3add2b7ee76e","10","units","","NOON","unopened","","active","6962d7964ede174b53453254","2026-01-10T22:49:58.485000","2026-01-10T22:49:58.485000","695939a556b8082002a35a69","renukajackson1@gmail.com","false"
"","3","","","Product","","","Equalizing Toner","69593d53c98b3add2b7ee76e","10","units","","SkinCeuticals","unopened","","active","6962d7964ede174b5345325f","2026-01-10T22:49:58.485000","2026-01-10T22:49:58.485000","695939a556b8082002a35a69","renukajackson1@gmail.com","false"
"","2","","","Product","","","NOON Brush N Go #2 All Skin Types","69593d53c98b3add2b7ee76e","10","units","","NOON","unopened","","active","6962d7964ede174b5345325b","2026-01-10T22:49:58.485000","2026-01-10T22:49:58.485000","695939a556b8082002a35a69","renukajackson1@gmail.com","false"
"","2","","","Product","","","NOON Anti-Aging Kit","69593d53c98b3add2b7ee76e","10","units","","NOON","unopened","","active","6962d7964ede174b53453241","2026-01-10T22:49:58.485000","2026-01-10T22:49:58.485000","695939a556b8082002a35a69","renukajackson1@gmail.com","false"
"","6","","","Product","","","NOON Brush N Go #1 All Skin Types","69593d53c98b3add2b7ee76e","10","units","","NOON","unopened","","active","6962d7964ede174b5345325a","2026-01-10T22:49:58.485000","2026-01-10T22:49:58.485000","695939a556b8082002a35a69","renukajackson1@gmail.com","false"
"","2","","","Product","","","Phloretin CF","69593d53c98b3add2b7ee76e","10","units","","SkinCeuticals","unopened","","active","6962d7964ede174b53453277","2026-01-10T22:49:58.485000","2026-01-10T22:49:58.485000","695939a556b8082002a35a69","renukajackson1@gmail.com","false"
"","3","","","Product","","2026-10-01","Nutrafol Vegan 3-Month","69593d53c98b3add2b7ee76e","10","units","","Nutrafol","unopened","","active","6962d7964ede174b53453236","2026-01-10T22:49:58.485000","2026-01-10T22:49:58.485000","695939a556b8082002a35a69","renukajackson1@gmail.com","false"
"","4","","","Product","","","NOON C Cleanser","69593d53c98b3add2b7ee76e","10","units","","NOON","unopened","","active","6962d7964ede174b5345324d","2026-01-10T22:49:58.485000","2026-01-10T22:49:58.485000","695939a556b8082002a35a69","renukajackson1@gmail.com","false"
"","3","","","Product","","","Phloretin CF GEL","69593d53c98b3add2b7ee76e","10","units","","SkinCeuticals","unopened","","active","6962d7964ede174b5345326c","2026-01-10T22:49:58.485000","2026-01-10T22:49:58.485000","695939a556b8082002a35a69","renukajackson1@gmail.com","false"
"","6","","","Product","","","Elastiderm Eye Serum","69593d53c98b3add2b7ee76e","10","units","","OBAGI","unopened","","active","6962d7964ede174b5345321e","2026-01-10T22:49:58.484000","2026-01-10T22:49:58.484000","695939a556b8082002a35a69","renukajackson1@gmail.com","false"
"","1","","","Product","","","Hydrate Facial Moisturizer","69593d53c98b3add2b7ee76e","10","units","","OBAGI","unopened","","active","6962d7964ede174b5345321a","2026-01-10T22:49:58.484000","2026-01-10T22:49:58.484000","695939a556b8082002a35a69","renukajackson1@gmail.com","false"
"","2","","","Product","","","Dynamic Resurfacing Peel and Reset","69593d53c98b3add2b7ee76e","10","units","","ELEMIS","unopened","","active","6962d7964ede174b5345322c","2026-01-10T22:49:58.484000","2026-01-10T22:49:58.484000","695939a556b8082002a35a69","renukajackson1@gmail.com","false"
"","4","","","Product","","","Foaming Gel #1 Mini","69593d53c98b3add2b7ee76e","10","units","","OBAGI","unopened","","active","6962d7964ede174b53453213","2026-01-10T22:49:58.484000","2026-01-10T22:49:58.484000","695939a556b8082002a35a69","renukajackson1@gmail.com","false"
"","5","","","Product","","","Latisse","69593d53c98b3add2b7ee76e","10","units","","Various","unopened","","active","6962d7964ede174b5345320c","2026-01-10T22:49:58.484000","2026-01-10T22:49:58.484000","695939a556b8082002a35a69","renukajackson1@gmail.com","false"
"","2","","","Product","","","Cartessa NOON Gear Up Kit","69593d53c98b3add2b7ee76e","10","units","","Cartessa NOON","unopened","","active","6962d7964ede174b53453210","2026-01-10T22:49:58.484000","2026-01-10T22:49:58.484000","695939a556b8082002a35a69","renukajackson1@gmail.com","false"
"","3","","","Product","","","Gentle Cleanser #1 Mini","69593d53c98b3add2b7ee76e","10","units","","OBAGI","unopened","","active","6962d7964ede174b53453215","2026-01-10T22:49:58.484000","2026-01-10T22:49:58.484000","695939a556b8082002a35a69","renukajackson1@gmail.com","false"
"","3","","","Product","","","Elastiderm Facial Serum","69593d53c98b3add2b7ee76e","10","units","","OBAGI","unopened","","active","6962d7964ede174b5345321f","2026-01-10T22:49:58.484000","2026-01-10T22:49:58.484000","695939a556b8082002a35a69","renukajackson1@gmail.com","false"
"","2","","","Product","","","Pro-Collagen Marine Cream","69593d53c98b3add2b7ee76e","10","units","","ELEMIS","unopened","","active","6962d7964ede174b53453228","2026-01-10T22:49:58.484000","2026-01-10T22:49:58.484000","695939a556b8082002a35a69","renukajackson1@gmail.com","false"
"","2","","","Product","","","Pro-Collagen Vitality Eye Cream","69593d53c98b3add2b7ee76e","10","units","","ELEMIS","unopened","","active","6962d7964ede174b5345322f","2026-01-10T22:49:58.484000","2026-01-10T22:49:58.484000","695939a556b8082002a35a69","renukajackson1@gmail.com","false"
"","4","","","Product","","","Foaming Gel #1 Full Size","69593d53c98b3add2b7ee76e","10","units","","OBAGI","unopened","","active","6962d7964ede174b53453212","2026-01-10T22:49:58.484000","2026-01-10T22:49:58.484000","695939a556b8082002a35a69","renukajackson1@gmail.com","false"
"","2","","","Product","","","NP Thyroid Supplement","69593d53c98b3add2b7ee76e","10","units","","Various","unopened","","active","6962d7964ede174b5345320e","2026-01-10T22:49:58.484000","2026-01-10T22:49:58.484000","695939a556b8082002a35a69","renukajackson1@gmail.com","false"
"","4","","","Product","","","Nutrafol (M) Shampoo","69593d53c98b3add2b7ee76e","10","units","","Nutrafol","unopened","","active","6962d7964ede174b53453230","2026-01-10T22:49:58.484000","2026-01-10T22:49:58.484000","695939a556b8082002a35a69","renukajackson1@gmail.com","false"
"","2","","","Product","","","Dynamic Resurfacing Facial Wash","69593d53c98b3add2b7ee76e","10","units","","ELEMIS","unopened","","active","6962d7964ede174b5345322a","2026-01-10T22:49:58.484000","2026-01-10T22:49:58.484000","695939a556b8082002a35a69","renukajackson1@gmail.com","false"
"","2","","","Product","","","Dynamic Resurfacing Super C Serum","69593d53c98b3add2b7ee76e","10","units","","ELEMIS","unopened","","active","6962d7964ede174b5345322b","2026-01-10T22:49:58.484000","2026-01-10T22:49:58.484000","695939a556b8082002a35a69","renukajackson1@gmail.com","false"
"","2","","","Product","","","Nutrafol Hair Serum","69593d53c98b3add2b7ee76e","10","units","","Nutrafol","unopened","","active","6962d7964ede174b53453232","2026-01-10T22:49:58.484000","2026-01-10T22:49:58.484000","695939a556b8082002a35a69","renukajackson1@gmail.com","false"
"","2","","","Product","","","SPF 50 Tint","69593d53c98b3add2b7ee76e","10","units","","OBAGI","unopened","","active","6962d7964ede174b53453222","2026-01-10T22:49:58.484000","2026-01-10T22:49:58.484000","695939a556b8082002a35a69","renukajackson1@gmail.com","false"
"","5","","","Product","","","Hydrate Lux","69593d53c98b3add2b7ee76e","10","units","","OBAGI","unopened","","active","6962d7964ede174b5345321b","2026-01-10T22:49:58.484000","2026-01-10T22:49:58.484000","695939a556b8082002a35a69","renukajackson1@gmail.com","false"
"","2","","","Product","","","Gentle Cleanser #1 Full Size","69593d53c98b3add2b7ee76e","10","units","","OBAGI","unopened","","active","6962d7964ede174b53453214","2026-01-10T22:49:58.484000","2026-01-10T22:49:58.484000","695939a556b8082002a35a69","renukajackson1@gmail.com","false"
"","2","","","Product","","","Pro-Collagen Cleansing Balm","69593d53c98b3add2b7ee76e","10","units","","ELEMIS","unopened","","active","6962d7964ede174b5345322d","2026-01-10T22:49:58.484000","2026-01-10T22:49:58.484000","695939a556b8082002a35a69","renukajackson1@gmail.com","false"
"","4","","","Product","","","Exfoderm #4","69593d53c98b3add2b7ee76e","10","units","","OBAGI","unopened","","active","6962d7964ede174b53453218","2026-01-10T22:49:58.484000","2026-01-10T22:49:58.484000","695939a556b8082002a35a69","renukajackson1@gmail.com","false"
"","3","","","Product","","","Elastiderm Neck and Décolleté","69593d53c98b3add2b7ee76e","10","units","","OBAGI","unopened","","active","6962d7964ede174b5345321d","2026-01-10T22:49:58.484000","2026-01-10T22:49:58.484000","695939a556b8082002a35a69","renukajackson1@gmail.com","false"
"","1","","","Product","","2026-11-01","Nutrafol (M) 3-Month","69593d53c98b3add2b7ee76e","10","units","","Nutrafol","unopened","","active","6962d7964ede174b53453234","2026-01-10T22:49:58.484000","2026-01-10T22:49:58.484000","695939a556b8082002a35a69","renukajackson1@gmail.com","false"
"","1","","","Product","","2026-04-01","Nutrafol (M) 3-Month","69593d53c98b3add2b7ee76e","10","units","","Nutrafol","unopened","","active","6962d7964ede174b53453233","2026-01-10T22:49:58.484000","2026-01-10T22:49:58.484000","695939a556b8082002a35a69","renukajackson1@gmail.com","false"
"","2","","","Product","","","Toner #2 Mini","69593d53c98b3add2b7ee76e","10","units","","OBAGI","unopened","","active","6962d7964ede174b53453216","2026-01-10T22:49:58.484000","2026-01-10T22:49:58.484000","695939a556b8082002a35a69","renukajackson1@gmail.com","false"
"","2","","","Product","","","Dynamic Resurfacing Gel Mask","69593d53c98b3add2b7ee76e","10","units","","ELEMIS","unopened","","active","6962d7964ede174b53453229","2026-01-10T22:49:58.484000","2026-01-10T22:49:58.484000","695939a556b8082002a35a69","renukajackson1@gmail.com","false"
"","2","","","Product","","","Baby Foot","69593d53c98b3add2b7ee76e","10","units","","Various","unopened","","active","6962d7964ede174b5345320d","2026-01-10T22:49:58.484000","2026-01-10T22:49:58.484000","695939a556b8082002a35a69","renukajackson1@gmail.com","false"
"","6","","","Product","","","Elastiderm Lift Up and Sculpt","69593d53c98b3add2b7ee76e","10","units","","OBAGI","unopened","","active","6962d7964ede174b53453220","2026-01-10T22:49:58.484000","2026-01-10T22:49:58.484000","695939a556b8082002a35a69","renukajackson1@gmail.com","false"
"","1","","","Product","","2027-02-01","Tretinoin 0.05% Gel","69593d53c98b3add2b7ee76e","10","units","","OBAGI","unopened","","active","6962d7964ede174b53453226","2026-01-10T22:49:58.484000","2026-01-10T22:49:58.484000","695939a556b8082002a35a69","renukajackson1@gmail.com","false"
"","2","","","Product","","","Hand and Body Lotion","69593d53c98b3add2b7ee76e","10","units","","ELEMIS","unopened","","active","6962d7964ede174b53453227","2026-01-10T22:49:58.484000","2026-01-10T22:49:58.484000","695939a556b8082002a35a69","renukajackson1@gmail.com","false"
"","4","","","Product","","","Quintessentials","69593d53c98b3add2b7ee76e","10","units","","Various","unopened","","active","6962d7964ede174b5345320f","2026-01-10T22:49:58.484000","2026-01-10T22:49:58.484000","695939a556b8082002a35a69","renukajackson1@gmail.com","false"
"","3","","","Product","","2027-07-01","Blender #5","69593d53c98b3add2b7ee76e","10","units","","OBAGI","unopened","","active","6962d7964ede174b53453219","2026-01-10T22:49:58.484000","2026-01-10T22:49:58.484000","695939a556b8082002a35a69","renukajackson1@gmail.com","false"
"","3","","","Product","","","Nutrafol (W) Conditioner","69593d53c98b3add2b7ee76e","10","units","","Nutrafol","unopened","","active","6962d7964ede174b53453231","2026-01-10T22:49:58.484000","2026-01-10T22:49:58.484000","695939a556b8082002a35a69","renukajackson1@gmail.com","false"
"","2","","","Product","","2026-12-01","Tretinoin 0.025%","69593d53c98b3add2b7ee76e","10","units","","OBAGI","unopened","","active","6962d7964ede174b53453224","2026-01-10T22:49:58.484000","2026-01-10T22:49:58.484000","695939a556b8082002a35a69","renukajackson1@gmail.com","false"
"","2","","","Product","","2026-01-01","Clear #3","69593d53c98b3add2b7ee76e","10","units","","OBAGI","unopened","","active","6962d7964ede174b53453217","2026-01-10T22:49:58.484000","2026-01-10T22:49:58.484000","695939a556b8082002a35a69","renukajackson1@gmail.com","false"
"","1","","","Product","","","SPF 50 Cool","69593d53c98b3add2b7ee76e","10","units","","OBAGI","unopened","","active","6962d7964ede174b53453223","2026-01-10T22:49:58.484000","2026-01-10T22:49:58.484000","695939a556b8082002a35a69","renukajackson1@gmail.com","false"
"","3","","","Product","","","Elastiderm Advance Filler Concentrate","69593d53c98b3add2b7ee76e","10","units","","OBAGI","unopened","","active","6962d7964ede174b5345321c","2026-01-10T22:49:58.484000","2026-01-10T22:49:58.484000","695939a556b8082002a35a69","renukajackson1@gmail.com","false"
"","5","","","Product","","2026-09-01","Tretinoin 0.05%","69593d53c98b3add2b7ee76e","10","units","","OBAGI","unopened","","active","6962d7964ede174b53453225","2026-01-10T22:49:58.484000","2026-01-10T22:49:58.484000","695939a556b8082002a35a69","renukajackson1@gmail.com","false"
"","2","","","Product","","","Cartessa NOON Accelerate Kit","69593d53c98b3add2b7ee76e","10","units","","Cartessa NOON","unopened","","active","6962d7964ede174b53453211","2026-01-10T22:49:58.484000","2026-01-10T22:49:58.484000","695939a556b8082002a35a69","renukajackson1@gmail.com","false"
"","3","","","Product","","","Elastiderm Firming Eye Cream","69593d53c98b3add2b7ee76e","10","units","","OBAGI","unopened","","active","6962d7964ede174b53453221","2026-01-10T22:49:58.484000","2026-01-10T22:49:58.484000","695939a556b8082002a35a69","renukajackson1@gmail.com","false"
"","1","","","Product","","","Pro-Collagen SPF 50","69593d53c98b3add2b7ee76e","10","units","","ELEMIS","unopened","","active","6962d7964ede174b5345322e","2026-01-10T22:49:58.484000","2026-01-10T22:49:58.484000","695939a556b8082002a35a69","renukajackson1@gmail.com","false"
"Storage","1","","","Supply","","","Alcohol Prep Pads","69593d53c98b3add2b7ee76f","10","units","","","unopened","","active","695fbdc8cff4b09286ab02af","2026-01-08T14:23:04.230000","2026-01-08T14:23:04.230000","service_dbcc7eb4-4952-407b-9f48-600b456fda98","service+dbcc7eb4-4952-407b-9f48-600b456fda98@no-reply.base44.com","false"
"Storage","2","exp. 08.2026","","Supply","","","Lavender Tubes","69593d53c98b3add2b7ee76f","10","units","","","unopened","","active","695fbdc8cff4b09286ab02b7","2026-01-08T14:23:04.230000","2026-01-08T14:23:04.230000","service_dbcc7eb4-4952-407b-9f48-600b456fda98","service+dbcc7eb4-4952-407b-9f48-600b456fda98@no-reply.base44.com","false"
"Storage","24","","","Supply","","","Adhesive Fabric Bandaids","69593d53c98b3add2b7ee76f","10","units","","","unopened","","active","695fbdc8cff4b09286ab02bc","2026-01-08T14:23:04.230000","2026-01-08T14:23:04.230000","service_dbcc7eb4-4952-407b-9f48-600b456fda98","service+dbcc7eb4-4952-407b-9f48-600b456fda98@no-reply.base44.com","false"
"Big Lab","1","exp. 10.31.26 & 10.01.26","","Supply","","","Green Tubes","69593d53c98b3add2b7ee76f","10","units","","","unopened","","active","695fbdc8cff4b09286ab02cc","2026-01-08T14:23:04.230000","2026-01-08T14:23:04.230000","service_dbcc7eb4-4952-407b-9f48-600b456fda98","service+dbcc7eb4-4952-407b-9f48-600b456fda98@no-reply.base44.com","false"
"Storage","1","","","Supply","","","Cotton Balls","69593d53c98b3add2b7ee76f","10","units","","","unopened","","active","695fbdc8cff4b09286ab029f","2026-01-08T14:23:04.230000","2026-01-08T14:23:04.230000","service_dbcc7eb4-4952-407b-9f48-600b456fda98","service+dbcc7eb4-4952-407b-9f48-600b456fda98@no-reply.base44.com","false"
"Storage","4","","","Supply","","","Towels/Bibs","69593d53c98b3add2b7ee76f","10","units","","","unopened","","active","695fbdc8cff4b09286ab029d","2026-01-08T14:23:04.230000","2026-01-08T14:23:04.230000","service_dbcc7eb4-4952-407b-9f48-600b456fda98","service+dbcc7eb4-4952-407b-9f48-600b456fda98@no-reply.base44.com","false"
"Storage","5","","","Supply","","","Obstetrical Antiseptic Towels","69593d53c98b3add2b7ee76f","10","units","","","unopened","","active","695fbdc8cff4b09286ab02ae","2026-01-08T14:23:04.230000","2026-01-08T14:23:04.230000","service_dbcc7eb4-4952-407b-9f48-600b456fda98","service+dbcc7eb4-4952-407b-9f48-600b456fda98@no-reply.base44.com","false"
"Storage","2","","","Supply","","","18Gx1 1/2 Needle","69593d53c98b3add2b7ee76f","10","units","","","unopened","","active","695fbdc8cff4b09286ab02b1","2026-01-08T14:23:04.230000","2026-01-08T14:23:04.230000","service_dbcc7eb4-4952-407b-9f48-600b456fda98","service+dbcc7eb4-4952-407b-9f48-600b456fda98@no-reply.base44.com","false"
"Storage","12","","","Supply","","","Cotton Tipped Applicators","69593d53c98b3add2b7ee76f","10","units","","","unopened","","active","695fbdc8cff4b09286ab02a9","2026-01-08T14:23:04.230000","2026-01-08T14:23:04.230000","service_dbcc7eb4-4952-407b-9f48-600b456fda98","service+dbcc7eb4-4952-407b-9f48-600b456fda98@no-reply.base44.com","false"
"Storage","8","","","Supply","","","3ML Syringes","69593d53c98b3add2b7ee76f","10","units","","","unopened","","active","695fbdc8cff4b09286ab0297","2026-01-08T14:23:04.230000","2026-01-08T14:23:04.230000","service_dbcc7eb4-4952-407b-9f48-600b456fda98","service+dbcc7eb4-4952-407b-9f48-600b456fda98@no-reply.base44.com","false"
"Storage","2","","","Supply","","","10CC Controlled Syringe","69593d53c98b3add2b7ee76f","10","units","","","unopened","","active","695fbdc8cff4b09286ab02a7","2026-01-08T14:23:04.230000","2026-01-08T14:23:04.230000","service_dbcc7eb4-4952-407b-9f48-600b456fda98","service+dbcc7eb4-4952-407b-9f48-600b456fda98@no-reply.base44.com","false"
"Storage","1","","","Supply","","","Sharps Containers","69593d53c98b3add2b7ee76f","10","boxes","","","unopened","","active","695fbdc8cff4b09286ab029e","2026-01-08T14:23:04.230000","2026-01-08T14:23:04.230000","service_dbcc7eb4-4952-407b-9f48-600b456fda98","service+dbcc7eb4-4952-407b-9f48-600b456fda98@no-reply.base44.com","false"
"Storage","8","","","Supply","","","2x2 Woven Gauze","69593d53c98b3add2b7ee76f","10","units","","","unopened","","active","695fbdc8cff4b09286ab02ba","2026-01-08T14:23:04.230000","2026-01-08T14:23:04.230000","service_dbcc7eb4-4952-407b-9f48-600b456fda98","service+dbcc7eb4-4952-407b-9f48-600b456fda98@no-reply.base44.com","false"
"Storage","3","exp. 2028","","Supply","","","IV BAGS (1000ml)","69593d53c98b3add2b7ee76f","10","units","","","unopened","","active","695fbdc8cff4b09286ab02ca","2026-01-08T14:23:04.230000","2026-01-08T14:23:04.230000","service_dbcc7eb4-4952-407b-9f48-600b456fda98","service+dbcc7eb4-4952-407b-9f48-600b456fda98@no-reply.base44.com","false"
"Storage","2","","","Supply","","","Syringe 60CC","69593d53c98b3add2b7ee76f","10","units","","","unopened","","active","695fbdc8cff4b09286ab02a3","2026-01-08T14:23:04.230000","2026-01-08T14:23:04.230000","service_dbcc7eb4-4952-407b-9f48-600b456fda98","service+dbcc7eb4-4952-407b-9f48-600b456fda98@no-reply.base44.com","false"
"Storage","2","exp. 2027","","Supply","","","IV BAGS (500ml)","69593d53c98b3add2b7ee76f","10","units","","","unopened","","active","695fbdc8cff4b09286ab02c8","2026-01-08T14:23:04.230000","2026-01-08T14:23:04.230000","service_dbcc7eb4-4952-407b-9f48-600b456fda98","service+dbcc7eb4-4952-407b-9f48-600b456fda98@no-reply.base44.com","false"
"Storage","2","","","Supply","","","IV Flush","69593d53c98b3add2b7ee76f","10","units","","","unopened","","active","695fbdc8cff4b09286ab02a6","2026-01-08T14:23:04.230000","2026-01-08T14:23:04.230000","service_dbcc7eb4-4952-407b-9f48-600b456fda98","service+dbcc7eb4-4952-407b-9f48-600b456fda98@no-reply.base44.com","false"
"Storage","2","","","Supply","","","4x4 Woven Gauze","69593d53c98b3add2b7ee76f","10","units","","","unopened","","active","695fbdc8cff4b09286ab02bb","2026-01-08T14:23:04.230000","2026-01-08T14:23:04.230000","service_dbcc7eb4-4952-407b-9f48-600b456fda98","service+dbcc7eb4-4952-407b-9f48-600b456fda98@no-reply.base44.com","false"
"Storage","1","","","Supply","","","Sharps Container","69593d53c98b3add2b7ee76f","10","units","","","unopened","","active","695fbdc8cff4b09286ab02c6","2026-01-08T14:23:04.230000","2026-01-08T14:23:04.230000","service_dbcc7eb4-4952-407b-9f48-600b456fda98","service+dbcc7eb4-4952-407b-9f48-600b456fda98@no-reply.base44.com","false"
"Storage","4","","","Supply","","","Antiseptic Skin Cleaner","69593d53c98b3add2b7ee76f","10","units","","","unopened","","active","695fbdc8cff4b09286ab02b5","2026-01-08T14:23:04.230000","2026-01-08T14:23:04.230000","service_dbcc7eb4-4952-407b-9f48-600b456fda98","service+dbcc7eb4-4952-407b-9f48-600b456fda98@no-reply.base44.com","false"
"Storage","2","","","Supply","","","Multi-Enzymatic Cleaner","69593d53c98b3add2b7ee76f","10","units","","","unopened","","active","695fbdc8cff4b09286ab02c4","2026-01-08T14:23:04.230000","2026-01-08T14:23:04.230000","service_dbcc7eb4-4952-407b-9f48-600b456fda98","service+dbcc7eb4-4952-407b-9f48-600b456fda98@no-reply.base44.com","false"
"Storage","6","","","Supply","","","Autoclave Pouch 12x15","69593d53c98b3add2b7ee76f","10","units","","","unopened","","active","695fbdc8cff4b09286ab02a0","2026-01-08T14:23:04.230000","2026-01-08T14:23:04.230000","service_dbcc7eb4-4952-407b-9f48-600b456fda98","service+dbcc7eb4-4952-407b-9f48-600b456fda98@no-reply.base44.com","false"
"Storage","1","","","Supply","","","US Jelly","69593d53c98b3add2b7ee76f","10","units","","","unopened","","active","695fbdc8cff4b09286ab02ad","2026-01-08T14:23:04.230000","2026-01-08T14:23:04.230000","service_dbcc7eb4-4952-407b-9f48-600b456fda98","service+dbcc7eb4-4952-407b-9f48-600b456fda98@no-reply.base44.com","false"
"Storage","4","","","Supply","","","Aptima Swabs","69593d53c98b3add2b7ee76f","10","units","","","unopened","","active","695fbdc8cff4b09286ab02a5","2026-01-08T14:23:04.230000","2026-01-08T14:23:04.230000","service_dbcc7eb4-4952-407b-9f48-600b456fda98","service+dbcc7eb4-4952-407b-9f48-600b456fda98@no-reply.base44.com","false"
"Storage","1","","","Supply","","","Autoclave Pouch 7 1/2x13","69593d53c98b3add2b7ee76f","10","units","","","unopened","","active","695fbdc8cff4b09286ab02a1","2026-01-08T14:23:04.230000","2026-01-08T14:23:04.230000","service_dbcc7eb4-4952-407b-9f48-600b456fda98","service+dbcc7eb4-4952-407b-9f48-600b456fda98@no-reply.base44.com","false"
"Storage","4","","","Supply","","","18Gx1 Needle","69593d53c98b3add2b7ee76f","10","units","","","unopened","","active","695fbdc8cff4b09286ab02b0","2026-01-08T14:23:04.230000","2026-01-08T14:23:04.230000","service_dbcc7eb4-4952-407b-9f48-600b456fda98","service+dbcc7eb4-4952-407b-9f48-600b456fda98@no-reply.base44.com","false"
"Storage","4","","","Supply","","","Latex Gloves SZ 7 1/2","69593d53c98b3add2b7ee76f","10","units","","","unopened","","active","695fbdc8cff4b09286ab02c0","2026-01-08T14:23:04.230000","2026-01-08T14:23:04.230000","service_dbcc7eb4-4952-407b-9f48-600b456fda98","service+dbcc7eb4-4952-407b-9f48-600b456fda98@no-reply.base44.com","false"
"Storage","2","","","Supply","","","Latex Gloves SZ 8-9 1/2","69593d53c98b3add2b7ee76f","10","units","","","unopened","","active","695fbdc8cff4b09286ab02c1","2026-01-08T14:23:04.230000","2026-01-08T14:23:04.230000","service_dbcc7eb4-4952-407b-9f48-600b456fda98","service+dbcc7eb4-4952-407b-9f48-600b456fda98@no-reply.base44.com","false"
"Storage","2","","","Supply","","","Exam Gloves S","69593d53c98b3add2b7ee76f","10","units","","","unopened","","active","695fbdc8cff4b09286ab02c2","2026-01-08T14:23:04.230000","2026-01-08T14:23:04.230000","service_dbcc7eb4-4952-407b-9f48-600b456fda98","service+dbcc7eb4-4952-407b-9f48-600b456fda98@no-reply.base44.com","false"
"Storage","2","exp. 2026","","Supply","","","IV BAGS (500ml)","69593d53c98b3add2b7ee76f","10","units","","","unopened","","active","695fbdc8cff4b09286ab02c7","2026-01-08T14:23:04.230000","2026-01-08T14:23:04.230000","service_dbcc7eb4-4952-407b-9f48-600b456fda98","service+dbcc7eb4-4952-407b-9f48-600b456fda98@no-reply.base44.com","false"
"Storage","5","","","Supply","","","10ML Syringes","69593d53c98b3add2b7ee76f","10","units","","","unopened","","active","695fbdc8cff4b09286ab0298","2026-01-08T14:23:04.230000","2026-01-08T14:23:04.230000","service_dbcc7eb4-4952-407b-9f48-600b456fda98","service+dbcc7eb4-4952-407b-9f48-600b456fda98@no-reply.base44.com","false"
"Storage","1","exp. 2027","","Supply","","","IV BAGS (1000ml)","69593d53c98b3add2b7ee76f","10","units","","","unopened","","active","695fbdc8cff4b09286ab02c9","2026-01-08T14:23:04.230000","2026-01-08T14:23:04.230000","service_dbcc7eb4-4952-407b-9f48-600b456fda98","service+dbcc7eb4-4952-407b-9f48-600b456fda98@no-reply.base44.com","false"
"Big Lab","0","","","Supply","","","Lavender Tubes","69593d53c98b3add2b7ee76f","10","units","","","unopened","","active","695fbdc8cff4b09286ab02cf","2026-01-08T14:23:04.230000","2026-01-08T14:23:04.230000","service_dbcc7eb4-4952-407b-9f48-600b456fda98","service+dbcc7eb4-4952-407b-9f48-600b456fda98@no-reply.base44.com","false"
"Storage","9","","","Supply","","","Castile Soap Towelettes","69593d53c98b3add2b7ee76f","10","units","","","unopened","","active","695fbdc8cff4b09286ab02a8","2026-01-08T14:23:04.230000","2026-01-08T14:23:04.230000","service_dbcc7eb4-4952-407b-9f48-600b456fda98","service+dbcc7eb4-4952-407b-9f48-600b456fda98@no-reply.base44.com","false"
"Storage","2","exp. 09.2026","","Supply","","","Red Tubes","69593d53c98b3add2b7ee76f","10","units","","","unopened","","active","695fbdc8cff4b09286ab02b9","2026-01-08T14:23:04.230000","2026-01-08T14:23:04.230000","service_dbcc7eb4-4952-407b-9f48-600b456fda98","service+dbcc7eb4-4952-407b-9f48-600b456fda98@no-reply.base44.com","false"
"Storage","3","","","Supply","","","Butterfly Needles (GLIDE)","69593d53c98b3add2b7ee76f","10","units","","","unopened","","active","695fbdc8cff4b09286ab02ac","2026-01-08T14:23:04.230000","2026-01-08T14:23:04.230000","service_dbcc7eb4-4952-407b-9f48-600b456fda98","service+dbcc7eb4-4952-407b-9f48-600b456fda98@no-reply.base44.com","false"
"Storage","8","","","Supply","","","5ML Syringes","69593d53c98b3add2b7ee76f","10","units","","","unopened","","active","695fbdc8cff4b09286ab0299","2026-01-08T14:23:04.230000","2026-01-08T14:23:04.230000","service_dbcc7eb4-4952-407b-9f48-600b456fda98","service+dbcc7eb4-4952-407b-9f48-600b456fda98@no-reply.base44.com","false"
"Storage","1","","","Supply","","","Hemoglobin Drain Bags","69593d53c98b3add2b7ee76f","10","units","","","unopened","","active","695fbdc8cff4b09286ab02be","2026-01-08T14:23:04.230000","2026-01-08T14:23:04.230000","service_dbcc7eb4-4952-407b-9f48-600b456fda98","service+dbcc7eb4-4952-407b-9f48-600b456fda98@no-reply.base44.com","false"
"Storage","1","","","Supply","","","28Gx1 Needle","69593d53c98b3add2b7ee76f","10","units","","","unopened","","active","695fbdc8cff4b09286ab02b2","2026-01-08T14:23:04.230000","2026-01-08T14:23:04.230000","service_dbcc7eb4-4952-407b-9f48-600b456fda98","service+dbcc7eb4-4952-407b-9f48-600b456fda98@no-reply.base44.com","false"
"Storage","2","","","Supply","","","25Gx1 1/2 Needle","69593d53c98b3add2b7ee76f","10","units","","","unopened","","active","695fbdc8cff4b09286ab02b4","2026-01-08T14:23:04.230000","2026-01-08T14:23:04.230000","service_dbcc7eb4-4952-407b-9f48-600b456fda98","service+dbcc7eb4-4952-407b-9f48-600b456fda98@no-reply.base44.com","false"
"Storage","2","","","Supply","","","Underpads Tissue","69593d53c98b3add2b7ee76f","10","units","","","unopened","","active","695fbdc8cff4b09286ab029c","2026-01-08T14:23:04.230000","2026-01-08T14:23:04.230000","service_dbcc7eb4-4952-407b-9f48-600b456fda98","service+dbcc7eb4-4952-407b-9f48-600b456fda98@no-reply.base44.com","false"
"Storage","2","","","Supply","","","30Gx1/2 Needle","69593d53c98b3add2b7ee76f","10","units","","","unopened","","active","695fbdc8cff4b09286ab02b3","2026-01-08T14:23:04.230000","2026-01-08T14:23:04.230000","service_dbcc7eb4-4952-407b-9f48-600b456fda98","service+dbcc7eb4-4952-407b-9f48-600b456fda98@no-reply.base44.com","false"
"Storage","9","","","Supply","","","Rubbing Alcohol","69593d53c98b3add2b7ee76f","10","units","","","unopened","","active","695fbdc8cff4b09286ab02b6","2026-01-08T14:23:04.230000","2026-01-08T14:23:04.230000","service_dbcc7eb4-4952-407b-9f48-600b456fda98","service+dbcc7eb4-4952-407b-9f48-600b456fda98@no-reply.base44.com","false"
"Storage","4","","","Supply","","","Latex Gloves SZ 7","69593d53c98b3add2b7ee76f","10","units","","","unopened","","active","695fbdc8cff4b09286ab02bf","2026-01-08T14:23:04.230000","2026-01-08T14:23:04.230000","service_dbcc7eb4-4952-407b-9f48-600b456fda98","service+dbcc7eb4-4952-407b-9f48-600b456fda98@no-reply.base44.com","false"
"Storage","12","","","Supply","","","Ice Packs","69593d53c98b3add2b7ee76f","10","boxes","","","unopened","","active","695fbdc8cff4b09286ab02cb","2026-01-08T14:23:04.230000","2026-01-08T14:23:04.230000","service_dbcc7eb4-4952-407b-9f48-600b456fda98","service+dbcc7eb4-4952-407b-9f48-600b456fda98@no-reply.base44.com","false"
"Big Lab","0","","","Supply","","","Tiger Top Tubes","69593d53c98b3add2b7ee76f","10","units","","","unopened","","active","695fbdc8cff4b09286ab02ce","2026-01-08T14:23:04.230000","2026-01-08T14:23:04.230000","service_dbcc7eb4-4952-407b-9f48-600b456fda98","service+dbcc7eb4-4952-407b-9f48-600b456fda98@no-reply.base44.com","false"
"Storage","2","","","Supply","","","Urine Cups","69593d53c98b3add2b7ee76f","10","units","","","unopened","","active","695fbdc8cff4b09286ab02a4","2026-01-08T14:23:04.230000","2026-01-08T14:23:04.230000","service_dbcc7eb4-4952-407b-9f48-600b456fda98","service+dbcc7eb4-4952-407b-9f48-600b456fda98@no-reply.base44.com","false"
"Storage","0","plenty","","Supply","","","Hubs","69593d53c98b3add2b7ee76f","10","units","","","unopened","","active","695fbdc8cff4b09286ab02aa","2026-01-08T14:23:04.230000","2026-01-08T14:23:04.230000","service_dbcc7eb4-4952-407b-9f48-600b456fda98","service+dbcc7eb4-4952-407b-9f48-600b456fda98@no-reply.base44.com","false"
"Storage","8","","","Supply","","","Butterfly Needles (HINGED)","69593d53c98b3add2b7ee76f","10","units","","","unopened","","active","695fbdc8cff4b09286ab02ab","2026-01-08T14:23:04.230000","2026-01-08T14:23:04.230000","service_dbcc7eb4-4952-407b-9f48-600b456fda98","service+dbcc7eb4-4952-407b-9f48-600b456fda98@no-reply.base44.com","false"
"Storage","2","exp. 05.2026","","Supply","","","Red Tubes","69593d53c98b3add2b7ee76f","10","units","","","unopened","","active","695fbdc8cff4b09286ab02b8","2026-01-08T14:23:04.230000","2026-01-08T14:23:04.230000","service_dbcc7eb4-4952-407b-9f48-600b456fda98","service+dbcc7eb4-4952-407b-9f48-600b456fda98@no-reply.base44.com","false"
"Big Lab","0","","","Supply","","","Red Solid Tubes","69593d53c98b3add2b7ee76f","10","units","","","unopened","","active","695fbdc8cff4b09286ab02cd","2026-01-08T14:23:04.230000","2026-01-08T14:23:04.230000","service_dbcc7eb4-4952-407b-9f48-600b456fda98","service+dbcc7eb4-4952-407b-9f48-600b456fda98@no-reply.base44.com","false"
"Storage","3","","","Supply","","","Witch Hazel","69593d53c98b3add2b7ee76f","10","units","","","unopened","","active","695fbdc8cff4b09286ab02c3","2026-01-08T14:23:04.230000","2026-01-08T14:23:04.230000","service_dbcc7eb4-4952-407b-9f48-600b456fda98","service+dbcc7eb4-4952-407b-9f48-600b456fda98@no-reply.base44.com","false"
"Storage","4","","","Supply","","","Drape Sheets","69593d53c98b3add2b7ee76f","10","units","","","unopened","","active","695fbdc8cff4b09286ab029b","2026-01-08T14:23:04.230000","2026-01-08T14:23:04.230000","service_dbcc7eb4-4952-407b-9f48-600b456fda98","service+dbcc7eb4-4952-407b-9f48-600b456fda98@no-reply.base44.com","false"
"Storage","12","","","Supply","","","Adhesive Fabric Bandaids STRIP","69593d53c98b3add2b7ee76f","10","units","","","unopened","","active","695fbdc8cff4b09286ab02bd","2026-01-08T14:23:04.230000","2026-01-08T14:23:04.230000","service_dbcc7eb4-4952-407b-9f48-600b456fda98","service+dbcc7eb4-4952-407b-9f48-600b456fda98@no-reply.base44.com","false"
"Storage","1","","","Supply","","","Pillowcases","69593d53c98b3add2b7ee76f","10","units","","","unopened","","active","695fbdc8cff4b09286ab029a","2026-01-08T14:23:04.230000","2026-01-08T14:23:04.230000","service_dbcc7eb4-4952-407b-9f48-600b456fda98","service+dbcc7eb4-4952-407b-9f48-600b456fda98@no-reply.base44.com","false"
"Storage","7","","","Supply","","","Autoclave Pouch 3 1/2x9","69593d53c98b3add2b7ee76f","10","units","","","unopened","","active","695fbdc8cff4b09286ab02a2","2026-01-08T14:23:04.230000","2026-01-08T14:23:04.230000","service_dbcc7eb4-4952-407b-9f48-600b456fda98","service+dbcc7eb4-4952-407b-9f48-600b456fda98@no-reply.base44.com","false"
"Storage","3","","","Supply","","","Nitronox Tubing","69593d53c98b3add2b7ee76f","10","boxes","","","unopened","","active","695fbdc8cff4b09286ab02c5","2026-01-08T14:23:04.230000","2026-01-08T14:23:04.230000","service_dbcc7eb4-4952-407b-9f48-600b456fda98","service+dbcc7eb4-4952-407b-9f48-600b456fda98@no-reply.base44.com","false"
"Storage","7","","","Supply","","","20ML Syringes","69593d53c98b3add2b7ee76f","10","units","","","unopened","","active","695fbdc8cff4b09286ab0296","2026-01-08T14:23:04.229000","2026-01-08T14:23:04.229000","service_dbcc7eb4-4952-407b-9f48-600b456fda98","service+dbcc7eb4-4952-407b-9f48-600b456fda98@no-reply.base44.com","false"
"Room 7","4","","","Supply","","","Isopropyl Alcohol","69593d53c98b3add2b7ee770","10","units","","","unopened","","active","695fbb6db3e6587790232135","2026-01-08T14:13:01.734000","2026-01-08T14:13:01.734000","service_dbcc7eb4-4952-407b-9f48-600b456fda98","service+dbcc7eb4-4952-407b-9f48-600b456fda98@no-reply.base44.com","false"
"Room 7","5","","","Supply","","","Mastisol","69593d53c98b3add2b7ee770","10","units","","","unopened","","active","695fbb6db3e658779023213d","2026-01-08T14:13:01.734000","2026-01-08T14:13:01.734000","service_dbcc7eb4-4952-407b-9f48-600b456fda98","service+dbcc7eb4-4952-407b-9f48-600b456fda98@no-reply.base44.com","false"
"Small Lab-400","0","","","Supply","","","IV bags (500ML)","69593d53c98b3add2b7ee770","10","units","","","unopened","","active","695fbb6db3e6587790232172","2026-01-08T14:13:01.734000","2026-01-08T14:13:01.734000","service_dbcc7eb4-4952-407b-9f48-600b456fda98","service+dbcc7eb4-4952-407b-9f48-600b456fda98@no-reply.base44.com","false"
"Room 8","13","","","Supply","","","Non- Woven 2X2 Gauze","69593d53c98b3add2b7ee770","10","units","","","unopened","","active","695fbb6db3e658779023214c","2026-01-08T14:13:01.734000","2026-01-08T14:13:01.734000","service_dbcc7eb4-4952-407b-9f48-600b456fda98","service+dbcc7eb4-4952-407b-9f48-600b456fda98@no-reply.base44.com","false"
"Room 9","6","","","Supply","","","Obstetrical Towelettes","69593d53c98b3add2b7ee770","10","units","","","unopened","","active","695fbb6db3e6587790232155","2026-01-08T14:13:01.734000","2026-01-08T14:13:01.734000","service_dbcc7eb4-4952-407b-9f48-600b456fda98","service+dbcc7eb4-4952-407b-9f48-600b456fda98@no-reply.base44.com","false"
"Room 7","2","","","Supply","","","Adhesive Bandages","69593d53c98b3add2b7ee770","10","units","","","unopened","","active","695fbb6db3e658779023213b","2026-01-08T14:13:01.734000","2026-01-08T14:13:01.734000","service_dbcc7eb4-4952-407b-9f48-600b456fda98","service+dbcc7eb4-4952-407b-9f48-600b456fda98@no-reply.base44.com","false"
"Room 8","0","","","Supply","","","Syringes 60 CC","69593d53c98b3add2b7ee770","10","units","","","unopened","","active","695fbb6db3e6587790232149","2026-01-08T14:13:01.734000","2026-01-08T14:13:01.734000","service_dbcc7eb4-4952-407b-9f48-600b456fda98","service+dbcc7eb4-4952-407b-9f48-600b456fda98@no-reply.base44.com","false"
"Room 7","4","","","Supply","","","Hydrogen Peroxide","69593d53c98b3add2b7ee770","10","units","","","unopened","","active","695fbb6db3e6587790232134","2026-01-08T14:13:01.734000","2026-01-08T14:13:01.734000","service_dbcc7eb4-4952-407b-9f48-600b456fda98","service+dbcc7eb4-4952-407b-9f48-600b456fda98@no-reply.base44.com","false"
"Room 8","2","","","Supply","","","Syringes 20ML","69593d53c98b3add2b7ee770","10","units","","","unopened","","active","695fbb6db3e6587790232147","2026-01-08T14:13:01.734000","2026-01-08T14:13:01.734000","service_dbcc7eb4-4952-407b-9f48-600b456fda98","service+dbcc7eb4-4952-407b-9f48-600b456fda98@no-reply.base44.com","false"
"Room 9","6","","","Supply","","","UA Test Strips","69593d53c98b3add2b7ee770","10","units","","","unopened","","active","695fbb6db3e6587790232158","2026-01-08T14:13:01.734000","2026-01-08T14:13:01.734000","service_dbcc7eb4-4952-407b-9f48-600b456fda98","service+dbcc7eb4-4952-407b-9f48-600b456fda98@no-reply.base44.com","false"
"Room 8","4","","","Supply","","","25g x 1 1/2","69593d53c98b3add2b7ee770","10","units","","","unopened","","active","695fbb6db3e6587790232152","2026-01-08T14:13:01.734000","2026-01-08T14:13:01.734000","service_dbcc7eb4-4952-407b-9f48-600b456fda98","service+dbcc7eb4-4952-407b-9f48-600b456fda98@no-reply.base44.com","false"
"Room 10","0","NONE","","Supply","","","Small Gloves","69593d53c98b3add2b7ee770","10","units","","","unopened","","active","695fbb6db3e6587790232163","2026-01-08T14:13:01.734000","2026-01-08T14:13:01.734000","service_dbcc7eb4-4952-407b-9f48-600b456fda98","service+dbcc7eb4-4952-407b-9f48-600b456fda98@no-reply.base44.com","false"
"Room 8","3","","","Supply","","","Non- Woven 4X4 Gauze","69593d53c98b3add2b7ee770","10","units","","","unopened","","active","695fbb6db3e658779023214b","2026-01-08T14:13:01.734000","2026-01-08T14:13:01.734000","service_dbcc7eb4-4952-407b-9f48-600b456fda98","service+dbcc7eb4-4952-407b-9f48-600b456fda98@no-reply.base44.com","false"
"Room 10","3","","","Supply","","","7 1/2 Surgical Gloves","69593d53c98b3add2b7ee770","10","units","","","unopened","","active","695fbb6db3e6587790232162","2026-01-08T14:13:01.734000","2026-01-08T14:13:01.734000","service_dbcc7eb4-4952-407b-9f48-600b456fda98","service+dbcc7eb4-4952-407b-9f48-600b456fda98@no-reply.base44.com","false"
"Room 7","0","","","Supply","","","Poly-Lined Towel/Drapes","69593d53c98b3add2b7ee770","10","units","","","unopened","","active","695fbb6db3e6587790232133","2026-01-08T14:13:01.734000","2026-01-08T14:13:01.734000","service_dbcc7eb4-4952-407b-9f48-600b456fda98","service+dbcc7eb4-4952-407b-9f48-600b456fda98@no-reply.base44.com","false"
"Big Lab-400","0","","","Supply","","","Exam Table Paper","69593d53c98b3add2b7ee770","10","units","","","unopened","","active","695fbb6db3e658779023216e","2026-01-08T14:13:01.734000","2026-01-08T14:13:01.734000","service_dbcc7eb4-4952-407b-9f48-600b456fda98","service+dbcc7eb4-4952-407b-9f48-600b456fda98@no-reply.base44.com","false"
"Doc’s Office","0","","","Supply","","","Exsosomes","69593d53c98b3add2b7ee770","10","units","","","unopened","","active","695fbb6db3e6587790232174","2026-01-08T14:13:01.734000","2026-01-08T14:13:01.734000","service_dbcc7eb4-4952-407b-9f48-600b456fda98","service+dbcc7eb4-4952-407b-9f48-600b456fda98@no-reply.base44.com","false"
"Small Lab-400","0","","","Supply","","","IV bags (1000ML)","69593d53c98b3add2b7ee770","10","units","","","unopened","","active","695fbb6db3e6587790232173","2026-01-08T14:13:01.734000","2026-01-08T14:13:01.734000","service_dbcc7eb4-4952-407b-9f48-600b456fda98","service+dbcc7eb4-4952-407b-9f48-600b456fda98@no-reply.base44.com","false"
"Room 9","5","","","Supply","","","Triple Antibiotic Ointment","69593d53c98b3add2b7ee770","10","units","","","unopened","","active","695fbb6db3e658779023215f","2026-01-08T14:13:01.734000","2026-01-08T14:13:01.734000","service_dbcc7eb4-4952-407b-9f48-600b456fda98","service+dbcc7eb4-4952-407b-9f48-600b456fda98@no-reply.base44.com","false"
"Big Lab-400","0","","","Supply","","","Pillowcases","69593d53c98b3add2b7ee770","10","units","","","unopened","","active","695fbb6db3e658779023216f","2026-01-08T14:13:01.734000","2026-01-08T14:13:01.734000","service_dbcc7eb4-4952-407b-9f48-600b456fda98","service+dbcc7eb4-4952-407b-9f48-600b456fda98@no-reply.base44.com","false"
"Room 8","2","","","Supply","","","Syringes 10ML","69593d53c98b3add2b7ee770","10","units","","","unopened","","active","695fbb6db3e6587790232145","2026-01-08T14:13:01.734000","2026-01-08T14:13:01.734000","service_dbcc7eb4-4952-407b-9f48-600b456fda98","service+dbcc7eb4-4952-407b-9f48-600b456fda98@no-reply.base44.com","false"
"Room 10","0","NONE","","Supply","","","Medium Gloves","69593d53c98b3add2b7ee770","10","units","","","unopened","","active","695fbb6db3e6587790232164","2026-01-08T14:13:01.734000","2026-01-08T14:13:01.734000","service_dbcc7eb4-4952-407b-9f48-600b456fda98","service+dbcc7eb4-4952-407b-9f48-600b456fda98@no-reply.base44.com","false"
"Room 10","6","","","Supply","","","Tegaderm","69593d53c98b3add2b7ee770","10","units","","","unopened","","active","695fbb6db3e6587790232166","2026-01-08T14:13:01.734000","2026-01-08T14:13:01.734000","service_dbcc7eb4-4952-407b-9f48-600b456fda98","service+dbcc7eb4-4952-407b-9f48-600b456fda98@no-reply.base44.com","false"
"Room 7","2","","","Supply","","","Silver Nitrate","69593d53c98b3add2b7ee770","10","units","","","unopened","","active","695fbb6db3e6587790232141","2026-01-08T14:13:01.734000","2026-01-08T14:13:01.734000","service_dbcc7eb4-4952-407b-9f48-600b456fda98","service+dbcc7eb4-4952-407b-9f48-600b456fda98@no-reply.base44.com","false"
"Small Lab-400","1","","","Supply","","","IV Tubing","69593d53c98b3add2b7ee770","10","units","","","unopened","","active","695fbb6db3e6587790232170","2026-01-08T14:13:01.734000","2026-01-08T14:13:01.734000","service_dbcc7eb4-4952-407b-9f48-600b456fda98","service+dbcc7eb4-4952-407b-9f48-600b456fda98@no-reply.base44.com","false"
"Room 9","14","","","Supply","","","Thin Prep Pap Jars","69593d53c98b3add2b7ee770","10","units","","","unopened","","active","695fbb6db3e658779023215c","2026-01-08T14:13:01.734000","2026-01-08T14:13:01.734000","service_dbcc7eb4-4952-407b-9f48-600b456fda98","service+dbcc7eb4-4952-407b-9f48-600b456fda98@no-reply.base44.com","false"
"Room 7","10","","","Supply","","","Cotton Tipped Applicators","69593d53c98b3add2b7ee770","10","units","","","unopened","","active","695fbb6db3e6587790232139","2026-01-08T14:13:01.734000","2026-01-08T14:13:01.734000","service_dbcc7eb4-4952-407b-9f48-600b456fda98","service+dbcc7eb4-4952-407b-9f48-600b456fda98@no-reply.base44.com","false"
"Room 9","20","+ one full box under sink","","Supply","","","Chlorhexidine Wipes","69593d53c98b3add2b7ee770","10","units","","","unopened","","active","695fbb6db3e658779023215b","2026-01-08T14:13:01.734000","2026-01-08T14:13:01.734000","service_dbcc7eb4-4952-407b-9f48-600b456fda98","service+dbcc7eb4-4952-407b-9f48-600b456fda98@no-reply.base44.com","false"
"Room 8","9","","","Supply","","","30g x 1/2","69593d53c98b3add2b7ee770","10","units","","","unopened","","active","695fbb6db3e6587790232151","2026-01-08T14:13:01.734000","2026-01-08T14:13:01.734000","service_dbcc7eb4-4952-407b-9f48-600b456fda98","service+dbcc7eb4-4952-407b-9f48-600b456fda98@no-reply.base44.com","false"
"Room 7","5","","","Supply","","","Flexible Fabric Bandages","69593d53c98b3add2b7ee770","10","units","","","unopened","","active","695fbb6db3e658779023213c","2026-01-08T14:13:01.734000","2026-01-08T14:13:01.734000","service_dbcc7eb4-4952-407b-9f48-600b456fda98","service+dbcc7eb4-4952-407b-9f48-600b456fda98@no-reply.base44.com","false"
"Room 10","5","","","Supply","","","Alcohol Prep Pads","69593d53c98b3add2b7ee770","10","units","","","unopened","","active","695fbb6db3e6587790232169","2026-01-08T14:13:01.734000","2026-01-08T14:13:01.734000","service_dbcc7eb4-4952-407b-9f48-600b456fda98","service+dbcc7eb4-4952-407b-9f48-600b456fda98@no-reply.base44.com","false"
"Room 7","4","","","Supply","","","Ultrasound Jelly","69593d53c98b3add2b7ee770","10","units","","","unopened","","active","695fbb6db3e6587790232142","2026-01-08T14:13:01.734000","2026-01-08T14:13:01.734000","service_dbcc7eb4-4952-407b-9f48-600b456fda98","service+dbcc7eb4-4952-407b-9f48-600b456fda98@no-reply.base44.com","false"
"Room 8","5","","","Supply","","","Syringes 5L","69593d53c98b3add2b7ee770","10","units","","","unopened","","active","695fbb6db3e6587790232144","2026-01-08T14:13:01.734000","2026-01-08T14:13:01.734000","service_dbcc7eb4-4952-407b-9f48-600b456fda98","service+dbcc7eb4-4952-407b-9f48-600b456fda98@no-reply.base44.com","false"
"Room 7","6","","","Supply","","","0.9% Sodium Chloride Irrigation","69593d53c98b3add2b7ee770","10","units","","","unopened","","active","695fbb6db3e6587790232138","2026-01-08T14:13:01.734000","2026-01-08T14:13:01.734000","service_dbcc7eb4-4952-407b-9f48-600b456fda98","service+dbcc7eb4-4952-407b-9f48-600b456fda98@no-reply.base44.com","false"
"Room 8","1","","","Supply","","","Syringes 3ML","69593d53c98b3add2b7ee770","10","units","","","unopened","","active","695fbb6db3e6587790232146","2026-01-08T14:13:01.734000","2026-01-08T14:13:01.734000","service_dbcc7eb4-4952-407b-9f48-600b456fda98","service+dbcc7eb4-4952-407b-9f48-600b456fda98@no-reply.base44.com","false"
"Room 8","4","","","Supply","","","18g x 1","69593d53c98b3add2b7ee770","10","units","","","unopened","","active","695fbb6db3e658779023214f","2026-01-08T14:13:01.734000","2026-01-08T14:13:01.734000","service_dbcc7eb4-4952-407b-9f48-600b456fda98","service+dbcc7eb4-4952-407b-9f48-600b456fda98@no-reply.base44.com","false"
"Room 9","5","","","Supply","","","Pap Brush and Spatulas","69593d53c98b3add2b7ee770","10","units","","","unopened","","active","695fbb6db3e658779023215d","2026-01-08T14:13:01.734000","2026-01-08T14:13:01.734000","service_dbcc7eb4-4952-407b-9f48-600b456fda98","service+dbcc7eb4-4952-407b-9f48-600b456fda98@no-reply.base44.com","false"
"Room 7","2","","","Supply","","","J-Loops","69593d53c98b3add2b7ee770","10","units","","","unopened","","active","695fbb6db3e6587790232140","2026-01-08T14:13:01.734000","2026-01-08T14:13:01.734000","service_dbcc7eb4-4952-407b-9f48-600b456fda98","service+dbcc7eb4-4952-407b-9f48-600b456fda98@no-reply.base44.com","false"
"Room 8","0","","","Supply","","","Insulin Syringes 3/10CC 30G","69593d53c98b3add2b7ee770","10","units","","","unopened","","active","695fbb6db3e658779023214a","2026-01-08T14:13:01.734000","2026-01-08T14:13:01.734000","service_dbcc7eb4-4952-407b-9f48-600b456fda98","service+dbcc7eb4-4952-407b-9f48-600b456fda98@no-reply.base44.com","false"
"Room 8","4","","","Supply","","","Insulin Syringes with Needles 3/10 CC","69593d53c98b3add2b7ee770","10","units","","","unopened","","active","695fbb6db3e6587790232143","2026-01-08T14:13:01.734000","2026-01-08T14:13:01.734000","service_dbcc7eb4-4952-407b-9f48-600b456fda98","service+dbcc7eb4-4952-407b-9f48-600b456fda98@no-reply.base44.com","false"
"Room 7","7","","","Supply","","","Witch Hazel","69593d53c98b3add2b7ee770","10","units","","","unopened","","active","695fbb6db3e658779023213f","2026-01-08T14:13:01.734000","2026-01-08T14:13:01.734000","service_dbcc7eb4-4952-407b-9f48-600b456fda98","service+dbcc7eb4-4952-407b-9f48-600b456fda98@no-reply.base44.com","false"
"Room 10","3","","","Supply","","","6 1/2 & 7 Surgical Gloves","69593d53c98b3add2b7ee770","10","units","","","unopened","","active","695fbb6db3e6587790232161","2026-01-08T14:13:01.734000","2026-01-08T14:13:01.734000","service_dbcc7eb4-4952-407b-9f48-600b456fda98","service+dbcc7eb4-4952-407b-9f48-600b456fda98@no-reply.base44.com","false"
"Room 7","12","","","Supply","","","Betadine Solution","69593d53c98b3add2b7ee770","10","units","","","unopened","","active","695fbb6db3e6587790232136","2026-01-08T14:13:01.734000","2026-01-08T14:13:01.734000","service_dbcc7eb4-4952-407b-9f48-600b456fda98","service+dbcc7eb4-4952-407b-9f48-600b456fda98@no-reply.base44.com","false"
"Small Lab-400","1","exp. 09.30.26","","Supply","","2026-09-30","Solid Red Tubes","69593d53c98b3add2b7ee770","10","units","","","unopened","","active","695fbb6db3e6587790232171","2026-01-08T14:13:01.734000","2026-01-08T14:13:01.734000","service_dbcc7eb4-4952-407b-9f48-600b456fda98","service+dbcc7eb4-4952-407b-9f48-600b456fda98@no-reply.base44.com","false"
"Room 9","7","","","Supply","","","Arnicare","69593d53c98b3add2b7ee770","10","units","","","unopened","","active","695fbb6db3e658779023215e","2026-01-08T14:13:01.734000","2026-01-08T14:13:01.734000","service_dbcc7eb4-4952-407b-9f48-600b456fda98","service+dbcc7eb4-4952-407b-9f48-600b456fda98@no-reply.base44.com","false"
"Room 8","1","","","Supply","","","Non- Adherent Pad","69593d53c98b3add2b7ee770","10","units","","","unopened","","active","695fbb6db3e658779023214e","2026-01-08T14:13:01.734000","2026-01-08T14:13:01.734000","service_dbcc7eb4-4952-407b-9f48-600b456fda98","service+dbcc7eb4-4952-407b-9f48-600b456fda98@no-reply.base44.com","false"
"Big Lab-400","0","","","Supply","","","IV Flushes","69593d53c98b3add2b7ee770","10","units","","","unopened","","active","695fbb6db3e658779023216d","2026-01-08T14:13:01.734000","2026-01-08T14:13:01.734000","service_dbcc7eb4-4952-407b-9f48-600b456fda98","service+dbcc7eb4-4952-407b-9f48-600b456fda98@no-reply.base44.com","false"
"Room 9","1.5","","","Supply","","","U By Kotex Pads","69593d53c98b3add2b7ee770","10","units","","","unopened","","active","695fbb6db3e6587790232157","2026-01-08T14:13:01.734000","2026-01-08T14:13:01.734000","service_dbcc7eb4-4952-407b-9f48-600b456fda98","service+dbcc7eb4-4952-407b-9f48-600b456fda98@no-reply.base44.com","false"
"Room 10","4","","","Supply","","","Biopsy Punches","69593d53c98b3add2b7ee770","10","units","","","unopened","","active","695fbb6db3e6587790232167","2026-01-08T14:13:01.734000","2026-01-08T14:13:01.734000","service_dbcc7eb4-4952-407b-9f48-600b456fda98","service+dbcc7eb4-4952-407b-9f48-600b456fda98@no-reply.base44.com","false"
"Big Lab-400","0","","","Supply","","","Urine Specimen Cups","69593d53c98b3add2b7ee770","10","units","","","unopened","","active","695fbb6db3e658779023216c","2026-01-08T14:13:01.734000","2026-01-08T14:13:01.734000","service_dbcc7eb4-4952-407b-9f48-600b456fda98","service+dbcc7eb4-4952-407b-9f48-600b456fda98@no-reply.base44.com","false"
"Room 9","8","","","Supply","","","Baby Wipes","69593d53c98b3add2b7ee770","10","units","","","unopened","","active","695fbb6db3e6587790232154","2026-01-08T14:13:01.734000","2026-01-08T14:13:01.734000","service_dbcc7eb4-4952-407b-9f48-600b456fda98","service+dbcc7eb4-4952-407b-9f48-600b456fda98@no-reply.base44.com","false"
"Room 7","1","","","Supply","","","Adhesive Bandages (SPOT)","69593d53c98b3add2b7ee770","10","units","","","unopened","","active","695fbb6db3e658779023213a","2026-01-08T14:13:01.734000","2026-01-08T14:13:01.734000","service_dbcc7eb4-4952-407b-9f48-600b456fda98","service+dbcc7eb4-4952-407b-9f48-600b456fda98@no-reply.base44.com","false"
"Room 8","2","","","Supply","","","Hypodermic Needles","69593d53c98b3add2b7ee770","10","units","","","unopened","","active","695fbb6db3e6587790232153","2026-01-08T14:13:01.734000","2026-01-08T14:13:01.734000","service_dbcc7eb4-4952-407b-9f48-600b456fda98","service+dbcc7eb4-4952-407b-9f48-600b456fda98@no-reply.base44.com","false"
"Room 9","2","","","Supply","","","Aquaphor","69593d53c98b3add2b7ee770","10","units","","","unopened","","active","695fbb6db3e6587790232160","2026-01-08T14:13:01.734000","2026-01-08T14:13:01.734000","service_dbcc7eb4-4952-407b-9f48-600b456fda98","service+dbcc7eb4-4952-407b-9f48-600b456fda98@no-reply.base44.com","false"
"Room 10","9","","","Supply","","","Large Gloves","69593d53c98b3add2b7ee770","10","units","","","unopened","","active","695fbb6db3e6587790232165","2026-01-08T14:13:01.734000","2026-01-08T14:13:01.734000","service_dbcc7eb4-4952-407b-9f48-600b456fda98","service+dbcc7eb4-4952-407b-9f48-600b456fda98@no-reply.base44.com","false"
"Room 7","2","","","Supply","","","Tongue Depressors","69593d53c98b3add2b7ee770","10","units","","","unopened","","active","695fbb6db3e6587790232137","2026-01-08T14:13:01.734000","2026-01-08T14:13:01.734000","service_dbcc7eb4-4952-407b-9f48-600b456fda98","service+dbcc7eb4-4952-407b-9f48-600b456fda98@no-reply.base44.com","false"
"Room 9","1","","","Supply","","","UA Culture Tubes","69593d53c98b3add2b7ee770","10","units","","","unopened","","active","695fbb6db3e6587790232156","2026-01-08T14:13:01.734000","2026-01-08T14:13:01.734000","service_dbcc7eb4-4952-407b-9f48-600b456fda98","service+dbcc7eb4-4952-407b-9f48-600b456fda98@no-reply.base44.com","false"
"Room 8","1","","","Supply","","","Aptima Swabs","69593d53c98b3add2b7ee770","10","units","","","unopened","","active","695fbb6db3e6587790232148","2026-01-08T14:13:01.734000","2026-01-08T14:13:01.734000","service_dbcc7eb4-4952-407b-9f48-600b456fda98","service+dbcc7eb4-4952-407b-9f48-600b456fda98@no-reply.base44.com","false"
"Big Lab-400","0","","","Supply","","","Towels/Bibs-Counter Sheets","69593d53c98b3add2b7ee770","10","units","","","unopened","","active","695fbb6db3e658779023216b","2026-01-08T14:13:01.734000","2026-01-08T14:13:01.734000","service_dbcc7eb4-4952-407b-9f48-600b456fda98","service+dbcc7eb4-4952-407b-9f48-600b456fda98@no-reply.base44.com","false"
"Room 7","0","","","Supply","","","0.9% Sodium Chloride FLUSH","69593d53c98b3add2b7ee770","10","units","","","unopened","","active","695fbb6db3e658779023213e","2026-01-08T14:13:01.734000","2026-01-08T14:13:01.734000","service_dbcc7eb4-4952-407b-9f48-600b456fda98","service+dbcc7eb4-4952-407b-9f48-600b456fda98@no-reply.base44.com","false"
"Room 8","1","","","Supply","","","Syringes with Needles 1ML","69593d53c98b3add2b7ee770","10","units","","","unopened","","active","695fbb6db3e658779023214d","2026-01-08T14:13:01.734000","2026-01-08T14:13:01.734000","service_dbcc7eb4-4952-407b-9f48-600b456fda98","service+dbcc7eb4-4952-407b-9f48-600b456fda98@no-reply.base44.com","false"
"Room 8","4","","","Supply","","","21g x 1","69593d53c98b3add2b7ee770","10","units","","","unopened","","active","695fbb6db3e6587790232150","2026-01-08T14:13:01.734000","2026-01-08T14:13:01.734000","service_dbcc7eb4-4952-407b-9f48-600b456fda98","service+dbcc7eb4-4952-407b-9f48-600b456fda98@no-reply.base44.com","false"
"Room 9","3","","","Supply","","","Biopsy Jars","69593d53c98b3add2b7ee770","10","units","","","unopened","","active","695fbb6db3e6587790232159","2026-01-08T14:13:01.734000","2026-01-08T14:13:01.734000","service_dbcc7eb4-4952-407b-9f48-600b456fda98","service+dbcc7eb4-4952-407b-9f48-600b456fda98@no-reply.base44.com","false"
"Room 10","16","","","Supply","","","Sani-Cloth Wipes","69593d53c98b3add2b7ee770","10","units","","","unopened","","active","695fbb6db3e658779023216a","2026-01-08T14:13:01.734000","2026-01-08T14:13:01.734000","service_dbcc7eb4-4952-407b-9f48-600b456fda98","service+dbcc7eb4-4952-407b-9f48-600b456fda98@no-reply.base44.com","false"
"Room 10","5","","","Supply","","","Surgical Tape (PAPER)","69593d53c98b3add2b7ee770","10","units","","","unopened","","active","695fbb6db3e6587790232168","2026-01-08T14:13:01.734000","2026-01-08T14:13:01.734000","service_dbcc7eb4-4952-407b-9f48-600b456fda98","service+dbcc7eb4-4952-407b-9f48-600b456fda98@no-reply.base44.com","false"
"Room 9","11","","","Supply","","","Lubricating Jelly","69593d53c98b3add2b7ee770","10","units","","","unopened","","active","695fbb6db3e658779023215a","2026-01-08T14:13:01.734000","2026-01-08T14:13:01.734000","service_dbcc7eb4-4952-407b-9f48-600b456fda98","service+dbcc7eb4-4952-407b-9f48-600b456fda98@no-reply.base44.com","false"
"Room 7","3","","","Supply","","","IV Catheters","69593d53c98b3add2b7ee770","10","units","","","unopened","","active","695fbb6db3e6587790232130","2026-01-08T14:13:01.733000","2026-01-08T14:13:01.733000","service_dbcc7eb4-4952-407b-9f48-600b456fda98","service+dbcc7eb4-4952-407b-9f48-600b456fda98@no-reply.base44.com","false"
"Room 7","1","","","Supply","","","Co-Band","69593d53c98b3add2b7ee770","10","units","","","unopened","","active","695fbb6db3e658779023212c","2026-01-08T14:13:01.733000","2026-01-08T14:13:01.733000","service_dbcc7eb4-4952-407b-9f48-600b456fda98","service+dbcc7eb4-4952-407b-9f48-600b456fda98@no-reply.base44.com","false"
"Room 7","33","","","Supply","","","Scalpel Blades #11","69593d53c98b3add2b7ee770","10","units","","","unopened","","active","695fbb6db3e658779023212f","2026-01-08T14:13:01.733000","2026-01-08T14:13:01.733000","service_dbcc7eb4-4952-407b-9f48-600b456fda98","service+dbcc7eb4-4952-407b-9f48-600b456fda98@no-reply.base44.com","false"
"Room 7","5","","","Supply","","","Safety Hinges Blood Collection Needle (Butterfly Needles)","69593d53c98b3add2b7ee770","10","units","","","unopened","","active","695fbb6db3e6587790232132","2026-01-08T14:13:01.733000","2026-01-08T14:13:01.733000","service_dbcc7eb4-4952-407b-9f48-600b456fda98","service+dbcc7eb4-4952-407b-9f48-600b456fda98@no-reply.base44.com","false"
"Room 7","1","","","Supply","","","Skin Closure Strips (Steri-Strips)","69593d53c98b3add2b7ee770","10","units","","","unopened","","active","695fbb6db3e658779023212e","2026-01-08T14:13:01.733000","2026-01-08T14:13:01.733000","service_dbcc7eb4-4952-407b-9f48-600b456fda98","service+dbcc7eb4-4952-407b-9f48-600b456fda98@no-reply.base44.com","false"
"Room 7","1","","","Supply","","","Safety Lancets","69593d53c98b3add2b7ee770","10","units","","","unopened","","active","695fbb6db3e6587790232131","2026-01-08T14:13:01.733000","2026-01-08T14:13:01.733000","service_dbcc7eb4-4952-407b-9f48-600b456fda98","service+dbcc7eb4-4952-407b-9f48-600b456fda98@no-reply.base44.com","false"
"Room 7","3","","","Supply","","","Centrifuge Tubes","69593d53c98b3add2b7ee770","10","units","","","unopened","","active","695fbb6db3e658779023212d","2026-01-08T14:13:01.733000","2026-01-08T14:13:01.733000","service_dbcc7eb4-4952-407b-9f48-600b456fda98","service+dbcc7eb4-4952-407b-9f48-600b456fda98@no-reply.base44.com","false"
"Room 7","3","MICRONEEDLING","","Supply","","","Smart Heads","69593d53c98b3add2b7ee76e","1","units","","","","","active","6959c5baa42448ce55eab409","2026-01-04T01:43:22.214000","2026-01-06T03:02:30.941000","695939a556b8082002a35a69","renukajackson1@gmail.com","false"
"Room 7","2","MICRONEEDLING","","Supply","","","Deep Heads","69593d53c98b3add2b7ee76e","1","units","","","","","active","6959c5baa42448ce55eab40a","2026-01-04T01:43:22.214000","2026-01-06T03:02:30.941000","695939a556b8082002a35a69","renukajackson1@gmail.com","false"
"Room 7","4","MICRONEEDLING","","Supply","","","Exact Heads","69593d53c98b3add2b7ee76e","1","units","","","","","active","6959c5baa42448ce55eab40b","2026-01-04T01:43:22.214000","2026-01-06T03:02:30.941000","695939a556b8082002a35a69","renukajackson1@gmail.com","false"
"Lab","1","LAB","","Product","","2027-04-30","Liletta","69593d53c98b3add2b7ee76e","1","units","","","","","active","6959b73d0a8f74ed2f1e84f8","2026-01-04T00:41:33.329000","2026-01-06T03:02:30.941000","695939a556b8082002a35a69","renukajackson1@gmail.com","false"
"Lab Drawer","2","MED'S IN CABINET","","Medication","","","MethylPrednisone","69593d53c98b3add2b7ee76e","1","packs","","","","","active","6959b73d0a8f74ed2f1e84c8","2026-01-04T00:41:33.329000","2026-01-06T03:02:30.941000","695939a556b8082002a35a69","renukajackson1@gmail.com","false"
"Lab Drawer","1","LAB - opened","","Medication","[]","2027-05-31","Keflex (lab)","69593d53c98b3add2b7ee76e","1","bottles","","","","","active","6959b73d0a8f74ed2f1e84eb","2026-01-04T00:41:33.329000","2026-01-06T03:02:30.941000","695939a556b8082002a35a69","renukajackson1@gmail.com","false"
"Lab Drawer 1","1","FILLER'S","","Product","","2025-12-31","Kybella","69593d53c98b3add2b7ee76e","1","units","","","","","active","6959b73d0a8f74ed2f1e84d3","2026-01-04T00:41:33.329000","2026-01-06T03:02:30.941000","695939a556b8082002a35a69","renukajackson1@gmail.com","false"
"Room 6","1","ROOM 6: PEELS (NOON)","","Product","","","S-Peel 20","69593d53c98b3add2b7ee76e","1","bottles","","","","","active","6959b73d0a8f74ed2f1e84fb","2026-01-04T00:41:33.329000","2026-01-06T03:02:30.941000","695939a556b8082002a35a69","renukajackson1@gmail.com","false"
"Lab Drawer","1","BACKSTOCK OF VITAMINS - unopened","","Medication","[]","","Mineral Blend ","69593d53c98b3add2b7ee76e","1","units","","","unopened","","active","6959b73d0a8f74ed2f1e84d8","2026-01-04T00:41:33.329000","2026-01-06T03:02:30.941000","695939a556b8082002a35a69","renukajackson1@gmail.com","false"
"Lab Drawer","1","LAB","","Medication","[]","2027-09-30","Zofran (lab)","69593d53c98b3add2b7ee76e","1","boxes","","","","","active","6959b73d0a8f74ed2f1e84f1","2026-01-04T00:41:33.329000","2026-01-06T03:02:30.941000","695939a556b8082002a35a69","renukajackson1@gmail.com","false"
"Lab","2","LAB","","Supply","","","Rubbing Alcohol","69593d53c98b3add2b7ee76e","1","bottles","","","","","active","6959b73d0a8f74ed2f1e84f3","2026-01-04T00:41:33.329000","2026-01-06T03:02:30.941000","695939a556b8082002a35a69","renukajackson1@gmail.com","false"
"Lab Drawer","1","MED'S IN CABINET","","Medication","","","Zofran","69593d53c98b3add2b7ee76e","1","boxes","","","","","active","6959b73d0a8f74ed2f1e84c9","2026-01-04T00:41:33.329000","2026-01-06T03:02:30.941000","695939a556b8082002a35a69","renukajackson1@gmail.com","false"
"Lab","2","LAB","","Supply","","","Hydrogen Peroxide","69593d53c98b3add2b7ee76e","1","bottles","","","","","active","6959b73d0a8f74ed2f1e84f4","2026-01-04T00:41:33.329000","2026-01-06T03:02:30.941000","695939a556b8082002a35a69","renukajackson1@gmail.com","false"
"Lab Drawer 1","1","FILLER'S","","Product","[""69599e8e87f41000c9208877"",""6959625cef2db420be702b6e""]","2027-04-30","Sculptra exp 04.27","69593d53c98b3add2b7ee76e","1","units","","","","","active","6959b73d0a8f74ed2f1e84d4","2026-01-04T00:41:33.329000","2026-01-06T03:02:30.941000","695939a556b8082002a35a69","renukajackson1@gmail.com","false"
"Lab Drawer","1","BACKSTOCK OF VITAMINS","","Medication","[]","","B12 ","69593d53c98b3add2b7ee76e","1","units","","","opened","","active","6959b73d0a8f74ed2f1e84df","2026-01-04T00:41:33.329000","2026-01-06T03:02:30.941000","695939a556b8082002a35a69","renukajackson1@gmail.com","false"
"Lab","1","LAB","","Medication","","2026-08-31","ANA","69593d53c98b3add2b7ee76e","1","bottles","","","","","active","6959b73d0a8f74ed2f1e84f2","2026-01-04T00:41:33.329000","2026-01-06T03:02:30.941000","695939a556b8082002a35a69","renukajackson1@gmail.com","false"
"Lab Drawer","1","BACKSTOCK OF VITAMINS","","Medication","[]","","L-Carnitine ","69593d53c98b3add2b7ee76e","1","units","","","opened","","active","6959b73d0a8f74ed2f1e84d7","2026-01-04T00:41:33.329000","2026-01-06T03:02:30.941000","695939a556b8082002a35a69","renukajackson1@gmail.com","false"
"Lab","1","LAB","","Supply","[]","2027-01-31","Sodium Chloride 0.9% exp 01.27","69593d53c98b3add2b7ee76e","1","bottles","","","","","active","6959b73d0a8f74ed2f1e84f5","2026-01-04T00:41:33.329000","2026-01-06T03:02:30.941000","695939a556b8082002a35a69","renukajackson1@gmail.com","false"
"Lab Drawer 1","2","FILLER'S","","Product","","2027-07-31","Lyft","69593d53c98b3add2b7ee76e","1","units","","","","","active","6959b73d0a8f74ed2f1e84cf","2026-01-04T00:41:33.329000","2026-01-06T03:02:30.941000","695939a556b8082002a35a69","renukajackson1@gmail.com","false"
"Lab Drawer","1","BACKSTOCK OF VITAMINS","","Medication","[]","","Zinc ","69593d53c98b3add2b7ee76e","1","units","","","opened","","active","6959b73d0a8f74ed2f1e84e9","2026-01-04T00:41:33.329000","2026-01-06T03:02:30.941000","695939a556b8082002a35a69","renukajackson1@gmail.com","false"
"Room 7","10","ROOM 7: MICRONEEDLING","","Supply","","","Eye Masks","69593d53c98b3add2b7ee76e","1","masks","","","","","active","6959b73d0a8f74ed2f1e8503","2026-01-04T00:41:33.329000","2026-01-06T03:02:30.941000","695939a556b8082002a35a69","renukajackson1@gmail.com","false"
"Lab Drawer","2","BACKSTOCK OF VITAMINS - unopened","","Medication","[]","","Vita Complex ","69593d53c98b3add2b7ee76e","1","units","","","unopened","","active","6959b73d0a8f74ed2f1e84e0","2026-01-04T00:41:33.329000","2026-01-06T03:02:30.941000","695939a556b8082002a35a69","renukajackson1@gmail.com","false"
"Room 7","5","ROOM 7: MICRONEEDLING","","Supply","","","Face Masks","69593d53c98b3add2b7ee76e","1","masks","","","","","active","6959b73d0a8f74ed2f1e8504","2026-01-04T00:41:33.329000","2026-01-06T03:02:30.941000","695939a556b8082002a35a69","renukajackson1@gmail.com","false"
"Lab Drawer","1","BACKSTOCK OF VITAMINS - unopened","","Medication","[]","","Amino Blend","69593d53c98b3add2b7ee76e","1","units","","","unopened","","active","6959b73d0a8f74ed2f1e84da","2026-01-04T00:41:33.329000","2026-01-06T03:02:30.941000","695939a556b8082002a35a69","renukajackson1@gmail.com","false"
"Lab","1","LAB","","Supply","[]","2027-03-31","Sodium Chloride 0.9% exp 03.27","69593d53c98b3add2b7ee76e","1","bottles","","","","","active","6959b73d0a8f74ed2f1e84f6","2026-01-04T00:41:33.329000","2026-01-06T03:02:30.941000","695939a556b8082002a35a69","renukajackson1@gmail.com","false"
"Lab Drawer","1","BACKSTOCK OF VITAMINS - unopened","","Medication","[]","","L-Carnitine ","69593d53c98b3add2b7ee76e","1","units","","","unopened","","active","6959b73d0a8f74ed2f1e84d6","2026-01-04T00:41:33.329000","2026-01-06T03:02:30.941000","695939a556b8082002a35a69","renukajackson1@gmail.com","false"
"Lab Drawer","2","BACKSTOCK OF VITAMINS - unopened","","Medication","[]","","Biotin ","69593d53c98b3add2b7ee76e","1","units","","","unopened","","active","6959b73d0a8f74ed2f1e84e3","2026-01-04T00:41:33.329000","2026-01-06T03:02:30.941000","695939a556b8082002a35a69","renukajackson1@gmail.com","false"
"Lab Drawer","2","BACKSTOCK OF VITAMINS - unopened","","Medication","","","Lipo-Stat Blend","69593d53c98b3add2b7ee76e","1","units","","","","","active","6959b73d0a8f74ed2f1e84dc","2026-01-04T00:41:33.329000","2026-01-06T03:02:30.941000","695939a556b8082002a35a69","renukajackson1@gmail.com","false"
"Lab Drawer","1","MED'S IN CABINET","","Medication","","","Valacyclovir","69593d53c98b3add2b7ee76e","1","bottles","","","","","active","6959b73d0a8f74ed2f1e84cb","2026-01-04T00:41:33.329000","2026-01-06T03:02:30.941000","695939a556b8082002a35a69","renukajackson1@gmail.com","false"
"Lab Drawer","1","BACKSTOCK OF VITAMINS - unopened","","Medication","[]","","Zinc ","69593d53c98b3add2b7ee76e","1","units","","","unopened","","active","6959b73d0a8f74ed2f1e84e8","2026-01-04T00:41:33.329000","2026-01-06T03:02:30.941000","695939a556b8082002a35a69","renukajackson1@gmail.com","false"
"Lab Drawer 1","3","FILLER'S","","Product","[""69599e8e87f41000c9208872""]","2026-04-30","Defyne exp 04.26","69593d53c98b3add2b7ee76e","1","units","","","","","active","6959b73d0a8f74ed2f1e84d0","2026-01-04T00:41:33.329000","2026-01-06T03:02:30.941000","695939a556b8082002a35a69","renukajackson1@gmail.com","false"
"Lab Drawer","1","BACKSTOCK OF VITAMINS","","Medication","[]","","Vita Complex ","69593d53c98b3add2b7ee76e","1","units","","","opened","","active","6959b73d0a8f74ed2f1e84e1","2026-01-04T00:41:33.329000","2026-01-06T03:02:30.941000","695939a556b8082002a35a69","renukajackson1@gmail.com","false"
"Lab","2","LAB","1","Supply","[]","","Aquaphor","69593d53c98b3add2b7ee76e","1","bottles","","","unopened","","active","6959b73d0a8f74ed2f1e84f7","2026-01-04T00:41:33.329000","2026-01-06T03:02:30.941000","695939a556b8082002a35a69","renukajackson1@gmail.com","false"
"Room 6","1","ROOM 6: PEELS (NOON)","","Product","","","G-Peel 30","69593d53c98b3add2b7ee76e","1","bottles","","","","","active","6959b73d0a8f74ed2f1e84fc","2026-01-04T00:41:33.329000","2026-01-06T03:02:30.941000","695939a556b8082002a35a69","renukajackson1@gmail.com","false"
"Room 6","1","ROOM 6: PEELS (NOON)","","Product","","","G-Peel 50","69593d53c98b3add2b7ee76e","1","bottles","","","","","active","6959b73d0a8f74ed2f1e84fd","2026-01-04T00:41:33.329000","2026-01-06T03:02:30.941000","695939a556b8082002a35a69","renukajackson1@gmail.com","false"
"Room 6","1","ROOM 6: PEELS (NOON)","","Product","[]","","G-Peel 50 dropper","69593d53c98b3add2b7ee76e","1","bottles","","","","","active","6959b73d0a8f74ed2f1e84f9","2026-01-04T00:41:33.329000","2026-01-06T03:02:30.941000","695939a556b8082002a35a69","renukajackson1@gmail.com","false"
"Lab Drawer","1","BACKSTOCK OF VITAMINS - unopened","","Medication","","","Taurine","69593d53c98b3add2b7ee76e","1","units","","","","","active","6959b73d0a8f74ed2f1e84dd","2026-01-04T00:41:33.329000","2026-01-06T03:02:30.941000","695939a556b8082002a35a69","renukajackson1@gmail.com","false"
"Room 7","4","ROOM 7: MICRONEEDLING","","Supply","[]","","Exact Microneedling Heads","69593d53c98b3add2b7ee76e","1","heads","","","","","active","6959b73d0a8f74ed2f1e8502","2026-01-04T00:41:33.329000","2026-01-06T03:02:30.941000","695939a556b8082002a35a69","renukajackson1@gmail.com","false"
"Room 6","1","ROOM 6: PEELS (NOON)","","Product","","","P-Peel 20","69593d53c98b3add2b7ee76e","1","bottles","","","","","active","6959b73d0a8f74ed2f1e84fe","2026-01-04T00:41:33.329000","2026-01-06T03:02:30.941000","695939a556b8082002a35a69","renukajackson1@gmail.com","false"
"Lab","4","LAB","","Medication","","2026-08-31","Zofran Injection","69593d53c98b3add2b7ee76e","1","vials","","","","","active","6959b73d0a8f74ed2f1e84f0","2026-01-04T00:41:33.329000","2026-01-06T03:02:30.941000","695939a556b8082002a35a69","renukajackson1@gmail.com","false"
"Lab Drawer","1","BACKSTOCK OF VITAMINS","","Medication","[]","","Biotin ","69593d53c98b3add2b7ee76e","1","units","","","opened","","active","6959b73d0a8f74ed2f1e84e4","2026-01-04T00:41:33.329000","2026-01-06T03:02:30.941000","695939a556b8082002a35a69","renukajackson1@gmail.com","false"
"Lab Drawer","1","BACKSTOCK OF VITAMINS - unopened","","Medication","","","Lipo/Mino","69593d53c98b3add2b7ee76e","1","units","","","","","active","6959b73d0a8f74ed2f1e84e2","2026-01-04T00:41:33.329000","2026-01-06T03:02:30.941000","695939a556b8082002a35a69","renukajackson1@gmail.com","false"
"Lab Drawer","1","BACKSTOCK OF VITAMINS","","Medication","[]","","Amino Blend ","69593d53c98b3add2b7ee76e","1","units","","","opened","","active","6959b73d0a8f74ed2f1e84db","2026-01-04T00:41:33.329000","2026-01-06T03:02:30.941000","695939a556b8082002a35a69","renukajackson1@gmail.com","false"
"Lab Drawer","2","MED'S IN CABINET","","Medication","","","Anastrozale","69593d53c98b3add2b7ee76e","1","bottles","","","","","active","6959b73d0a8f74ed2f1e84cc","2026-01-04T00:41:33.329000","2026-01-06T03:02:30.941000","695939a556b8082002a35a69","renukajackson1@gmail.com","false"
"Lab Drawer 1","5","FILLER'S","","Product","","2026-10-31","Contour","69593d53c98b3add2b7ee76e","1","units","","","","","active","6959b73d0a8f74ed2f1e84ce","2026-01-04T00:41:33.329000","2026-01-06T03:02:30.941000","695939a556b8082002a35a69","renukajackson1@gmail.com","false"
"Room 6","1","ROOM 6: PEELS (NOON)","","Product","","","P-Peel 40","69593d53c98b3add2b7ee76e","1","bottles","","","","","active","6959b73d0a8f74ed2f1e84ff","2026-01-04T00:41:33.329000","2026-01-06T03:02:30.941000","695939a556b8082002a35a69","renukajackson1@gmail.com","false"
"Lab Drawer 1","2","FILLER'S","","Product","[""69599e8e87f41000c9208872""]","2026-08-31","Defyne exp 08.26","69593d53c98b3add2b7ee76e","1","units","","","","","active","6959b73d0a8f74ed2f1e84d2","2026-01-04T00:41:33.329000","2026-01-06T03:02:30.941000","695939a556b8082002a35a69","renukajackson1@gmail.com","false"
"Lab Drawer","1","BACKSTOCK OF VITAMINS - unopened","","Medication","[]","","Vit D3 ","69593d53c98b3add2b7ee76e","1","units","","","unopened","","active","6959b73d0a8f74ed2f1e84e6","2026-01-04T00:41:33.329000","2026-01-06T03:02:30.941000","695939a556b8082002a35a69","renukajackson1@gmail.com","false"
"Room 7","2","ROOM 7: MICRONEEDLING","","Supply","[]","","Deep Microneedling Heads","69593d53c98b3add2b7ee76e","1","heads","","","","","active","6959b73d0a8f74ed2f1e8501","2026-01-04T00:41:33.329000","2026-01-06T03:02:30.941000","695939a556b8082002a35a69","renukajackson1@gmail.com","false"
"Lab Drawer","1","LAB - opened","","Medication","[]","2025-05-31","Ibuprofen (lab)","69593d53c98b3add2b7ee76e","1","bottles","","","","","active","6959b73d0a8f74ed2f1e84ec","2026-01-04T00:41:33.329000","2026-01-06T03:02:30.941000","695939a556b8082002a35a69","renukajackson1@gmail.com","false"
"Lab Drawer","1","MED'S IN CABINET","","Medication","","","Prednisone","69593d53c98b3add2b7ee76e","1","bottles","","","","","active","6959b73d0a8f74ed2f1e84cd","2026-01-04T00:41:33.329000","2026-01-06T03:02:30.941000","695939a556b8082002a35a69","renukajackson1@gmail.com","false"
"Lab Drawer 1","1","FILLER'S","","Product","[""69599e8e87f41000c9208877"",""6959625cef2db420be702b6e""]","2028-03-31","Sculptra exp 03.28","69593d53c98b3add2b7ee76e","1","units","","","","","active","6959b73d0a8f74ed2f1e84d5","2026-01-04T00:41:33.329000","2026-01-06T03:02:30.941000","695939a556b8082002a35a69","renukajackson1@gmail.com","false"
"Lab Drawer","1","MED'S IN CABINET","","Medication","","","Bromelian","69593d53c98b3add2b7ee76e","1","bottles","","","","","active","6959b73d0a8f74ed2f1e84ca","2026-01-04T00:41:33.329000","2026-01-06T03:02:30.941000","695939a556b8082002a35a69","renukajackson1@gmail.com","false"
"Lab Drawer","1","BACKSTOCK OF VITAMINS - unopened","","Medication","","","Calcium","69593d53c98b3add2b7ee76e","1","units","","","","","active","6959b73d0a8f74ed2f1e84ea","2026-01-04T00:41:33.329000","2026-01-06T03:02:30.941000","695939a556b8082002a35a69","renukajackson1@gmail.com","false"
"Room 6","1","ROOM 6: PEELS (NOON)","","Product","","","J-Peel Delicate","69593d53c98b3add2b7ee76e","1","bottles","","","","","active","6959b73d0a8f74ed2f1e84fa","2026-01-04T00:41:33.329000","2026-01-06T03:02:30.941000","695939a556b8082002a35a69","renukajackson1@gmail.com","false"
"Lab","1","LAB - opened","","Medication","","2022-10-31","Nitrofurantoin","69593d53c98b3add2b7ee76e","1","bottles","","","","","active","6959b73d0a8f74ed2f1e84ed","2026-01-04T00:41:33.329000","2026-01-06T03:02:30.941000","695939a556b8082002a35a69","renukajackson1@gmail.com","false"
"Lab Drawer 1","1","FILLER'S","","Product","[]","2026-07-31","Defyne exp 07.26","69593d53c98b3add2b7ee76e","1","units","","","","","active","6959b73d0a8f74ed2f1e84d1","2026-01-04T00:41:33.329000","2026-01-06T03:02:30.941000","695939a556b8082002a35a69","renukajackson1@gmail.com","false"
"Lab","2","LAB","","Supply","","2026-11-30","DermaPak-it's","69593d53c98b3add2b7ee76e","1","kits","","","","","active","6959b73d0a8f74ed2f1e84ee","2026-01-04T00:41:33.329000","2026-01-06T03:02:30.941000","695939a556b8082002a35a69","renukajackson1@gmail.com","false"
"Room 7","3","ROOM 7: MICRONEEDLING","","Supply","[]","","Smart Microneedling Heads","69593d53c98b3add2b7ee76e","1","heads","","","","","active","6959b73d0a8f74ed2f1e8500","2026-01-04T00:41:33.329000","2026-01-06T03:02:30.941000","695939a556b8082002a35a69","renukajackson1@gmail.com","false"
"Lab Drawer","1","BACKSTOCK OF VITAMINS - unopened","","Medication","[]","","B12 ","69593d53c98b3add2b7ee76e","1","units","","","unopened","","active","6959b73d0a8f74ed2f1e84de","2026-01-04T00:41:33.329000","2026-01-06T03:02:30.941000","695939a556b8082002a35a69","renukajackson1@gmail.com","false"
"Lab Drawer","1","BACKSTOCK OF VITAMINS","","Medication","[]","","Vit D3 ","69593d53c98b3add2b7ee76e","1","units","","","opened","","active","6959b73d0a8f74ed2f1e84e7","2026-01-04T00:41:33.329000","2026-01-06T03:02:30.941000","695939a556b8082002a35a69","renukajackson1@gmail.com","false"
"Lab","6","LAB","","Medication","","","Triple Antibiotic Cream","69593d53c98b3add2b7ee76e","1","tubes","","","","","active","6959b73d0a8f74ed2f1e84ef","2026-01-04T00:41:33.329000","2026-01-06T03:02:30.941000","695939a556b8082002a35a69","renukajackson1@gmail.com","false"
"Lab Drawer","2","BACKSTOCK OF VITAMINS","","Medication","[]","","Mineral Blend ","69593d53c98b3add2b7ee76e","1","units","","","opened","","active","6959b73d0a8f74ed2f1e84d9","2026-01-04T00:41:33.329000","2026-01-06T03:02:30.941000","695939a556b8082002a35a69","renukajackson1@gmail.com","false"
"Lab Drawer","1","BACKSTOCK OF VITAMINS","","Medication","","","Magnesium Chloride","69593d53c98b3add2b7ee76e","1","units","","","","","active","6959b73d0a8f74ed2f1e84e5","2026-01-04T00:41:33.329000","2026-01-06T03:02:30.941000","695939a556b8082002a35a69","renukajackson1@gmail.com","false"
"Fridge","4","INJECTABLES","","Medication","[]","","Dysport","69593d53c98b3add2b7ee76e","1","units","","","opened","","active","6959b73d0a8f74ed2f1e84c2","2026-01-04T00:41:33.328000","2026-01-06T03:02:30.941000","695939a556b8082002a35a69","renukajackson1@gmail.com","false"
"Fridge","2","COLD VITAMINS: FRIDGE","","Medication","","","Trimix","69593d53c98b3add2b7ee76e","1","units","","","","","active","6959b73d0a8f74ed2f1e84b7","2026-01-04T00:41:33.328000","2026-01-06T03:02:30.941000","695939a556b8082002a35a69","renukajackson1@gmail.com","false"
"Lab Drawer","1","VIALS","","Medication","[]","","Testosterone vials","69593d53c98b3add2b7ee76e","1","vials","","","","","active","6959b73d0a8f74ed2f1e84b6","2026-01-04T00:41:33.328000","2026-01-06T03:02:30.941000","695939a556b8082002a35a69","renukajackson1@gmail.com","false"
"Fridge","1","VIALS - opened","","Medication","[]","","Trizepatide ","69593d53c98b3add2b7ee76e","1","vials","","","opened","","active","6959b73d0a8f74ed2f1e84b2","2026-01-04T00:41:33.328000","2026-01-06T03:02:30.941000","695939a556b8082002a35a69","renukajackson1@gmail.com","false"
"Fridge","1","INJECTABLES - unopened","","Medication","[]","","Dysport ","69593d53c98b3add2b7ee76e","1","units","","","unopened","","active","6959b73d0a8f74ed2f1e84c1","2026-01-04T00:41:33.328000","2026-01-06T03:02:30.941000","695939a556b8082002a35a69","renukajackson1@gmail.com","false"
"Fridge","1","INJECTABLES - unopened","","Medication","[]","","Jeveau ","69593d53c98b3add2b7ee76e","1","units","","","unopened","","active","6959b73d0a8f74ed2f1e84bf","2026-01-04T00:41:33.328000","2026-01-06T03:02:30.941000","695939a556b8082002a35a69","renukajackson1@gmail.com","false"
"Fridge","1","COLD VITAMINS: FRIDGE - unopened","","Medication","[]","","NAD + ","69593d53c98b3add2b7ee76e","1","units","","","unopened","","active","6959b73d0a8f74ed2f1e84be","2026-01-04T00:41:33.328000","2026-01-06T03:02:30.941000","695939a556b8082002a35a69","renukajackson1@gmail.com","false"
"Fridge","1","VIALS - opened","","Medication","[]","","Semaglutide vials ","69593d53c98b3add2b7ee76f","1","vials","","","opened","","active","6959b73d0a8f74ed2f1e84b3","2026-01-04T00:41:33.328000","2026-01-19T04:38:11.094000","695939a556b8082002a35a69","renukajackson1@gmail.com","false"
"Fridge","1","COLD VITAMINS: FRIDGE - unopened","","Medication","[]","","Glutathione ","69593d53c98b3add2b7ee76e","1","units","","","unopened","","active","6959b73d0a8f74ed2f1e84ba","2026-01-04T00:41:33.328000","2026-01-06T03:02:30.941000","695939a556b8082002a35a69","renukajackson1@gmail.com","false"
"Lab Drawer","1","MED'S IN CABINET","","Medication","","","Keflex","69593d53c98b3add2b7ee76e","1","bottles","","","","","active","6959b73d0a8f74ed2f1e84c7","2026-01-04T00:41:33.328000","2026-01-06T03:02:30.941000","695939a556b8082002a35a69","renukajackson1@gmail.com","false"
"Fridge","2","INJECTABLES","","Medication","[]","","Jeveau ","69593d53c98b3add2b7ee76e","1","units","","","opened","","active","6959b73d0a8f74ed2f1e84c0","2026-01-04T00:41:33.328000","2026-01-06T03:02:30.941000","695939a556b8082002a35a69","renukajackson1@gmail.com","false"
"Fridge","1","COLD VITAMINS: FRIDGE - opened","","Medication","[]","","Glutathione ","69593d53c98b3add2b7ee76e","1","units","","","opened","","active","6959b73d0a8f74ed2f1e84b9","2026-01-04T00:41:33.328000","2026-01-06T03:02:30.941000","695939a556b8082002a35a69","renukajackson1@gmail.com","false"
"Fridge","1","COLD VITAMINS: FRIDGE - opened","","Medication","[]","","Myers Cocktail Mix ","69593d53c98b3add2b7ee76e","1","units","","","opened","","active","6959b73d0a8f74ed2f1e84bb","2026-01-04T00:41:33.328000","2026-01-06T03:02:30.941000","695939a556b8082002a35a69","renukajackson1@gmail.com","false"
"Fridge","2","COLD VITAMINS: FRIDGE - opened","","Medication","[]","","Preserved Asorbic Acid ","69593d53c98b3add2b7ee76e","1","units","","","opened","","active","6959b73d0a8f74ed2f1e84b8","2026-01-04T00:41:33.328000","2026-01-06T03:02:30.941000","695939a556b8082002a35a69","renukajackson1@gmail.com","false"
"Fridge","2","INJECTABLES - unopened","","Medication","[]","","Botox ","69593d53c98b3add2b7ee76e","1","units","","","unopened","","active","6959b73d0a8f74ed2f1e84c3","2026-01-04T00:41:33.328000","2026-01-06T03:02:30.941000","695939a556b8082002a35a69","renukajackson1@gmail.com","false"
"Fridge","1","COLD VITAMINS: FRIDGE - opened","","Medication","[]","","NAD + ","69593d53c98b3add2b7ee76e","1","units","","","opened","","active","6959b73d0a8f74ed2f1e84bd","2026-01-04T00:41:33.328000","2026-01-06T03:02:30.941000","695939a556b8082002a35a69","renukajackson1@gmail.com","false"
"Fridge","1","COLD VITAMINS: FRIDGE - unopened","","Medication","[]","","Myers Cocktail Mix ","69593d53c98b3add2b7ee76e","1","units","","","unopened","","active","6959b73d0a8f74ed2f1e84bc","2026-01-04T00:41:33.328000","2026-01-06T03:02:30.941000","695939a556b8082002a35a69","renukajackson1@gmail.com","false"
"Fridge","1","INJECTABLES","","Medication","[]","","Botox ","69593d53c98b3add2b7ee76e","1","units","","","opened","","active","6959b73d0a8f74ed2f1e84c4","2026-01-04T00:41:33.328000","2026-01-06T03:02:30.941000","695939a556b8082002a35a69","renukajackson1@gmail.com","false"
"Fridge","3","INJECTABLES","","Medication","","","Xeomin","69593d53c98b3add2b7ee76e","1","units","","","","","active","6959b73d0a8f74ed2f1e84c5","2026-01-04T00:41:33.328000","2026-01-06T03:02:30.941000","695939a556b8082002a35a69","renukajackson1@gmail.com","false"
"Lab Drawer","1","VIALS","","Medication","[]","","Estradiol vials","69593d53c98b3add2b7ee76e","1","vials","","","","","active","6959b73d0a8f74ed2f1e84b5","2026-01-04T00:41:33.328000","2026-01-06T03:02:30.941000","695939a556b8082002a35a69","renukajackson1@gmail.com","false"
"Fridge","4","VIALS - unopened","","Medication","[]","","Semaglutide vials ","69593d53c98b3add2b7ee76f","1","vials","","","unopened","","active","6959b73d0a8f74ed2f1e84b4","2026-01-04T00:41:33.328000","2026-01-19T04:38:11.094000","695939a556b8082002a35a69","renukajackson1@gmail.com","false"
"Lab Drawer","1","MED'S IN CABINET","","Medication","[]","","Ibuprofen","69593d53c98b3add2b7ee76e","1","bottles","","","","","active","6959b73d0a8f74ed2f1e84c6","2026-01-04T00:41:33.328000","2026-01-06T03:02:30.941000","695939a556b8082002a35a69","renukajackson1@gmail.com","false"
"Right Closet","84","CLOSET (right side)","","Medication","[]","2025-12-31","Xeomin exp 12.25","69593d53c98b3add2b7ee770","1","units","","","","","active","6959b6e679989b8889d17c5c","2026-01-04T00:40:06.526000","2026-01-06T03:02:30.941000","695939a556b8082002a35a69","renukajackson1@gmail.com","false"
"","2","CLOSET (right side)","","Medication","","2026-10-31","Xeomin exp 10.26","69593d53c98b3add2b7ee770","1","units","","","","","active","6959b6e679989b8889d17c5d","2026-01-04T00:40:06.526000","2026-01-06T03:02:30.941000","695939a556b8082002a35a69","renukajackson1@gmail.com","false"
"Big Lab-400","1","BIG LAB (BLDG 400) - opened","","Medication","[]","","Zofran ","69593d53c98b3add2b7ee770","1","boxes","","","opened","","active","6959b6e679989b8889d17c76","2026-01-04T00:40:06.526000","2026-01-06T03:02:30.941000","695939a556b8082002a35a69","renukajackson1@gmail.com","false"
"Right Closet","11","CLOSET (right side)","","Supply","[]","","EZPRF (EZ4K)","69593d53c98b3add2b7ee770","1","sets","","","","","active","6959b6e679989b8889d17c6a","2026-01-04T00:40:06.526000","2026-01-06T03:02:30.941000","695939a556b8082002a35a69","renukajackson1@gmail.com","false"
"Right Closet","26","CLOSET (right side)","","Product","[]","2027-01-31","Defyne exp 01.27","69593d53c98b3add2b7ee770","1","units","","","","","active","6959b6e679989b8889d17c5a","2026-01-04T00:40:06.526000","2026-01-06T03:02:30.941000","695939a556b8082002a35a69","renukajackson1@gmail.com","false"
"Right Closet","10","CLOSET (right side)","","Product","[]","2026-04-30","Contour exp 04.26","69593d53c98b3add2b7ee770","1","units","","","","","active","6959b6e679989b8889d17c61","2026-01-04T00:40:06.526000","2026-01-06T03:02:30.941000","695939a556b8082002a35a69","renukajackson1@gmail.com","false"
"Big Lab-400","1","BIG LAB (BLDG 400)","","Medication","[]","2027-07-31","Kenalog","69593d53c98b3add2b7ee770","1","boxes","","","","","active","6959b6e679989b8889d17c72","2026-01-04T00:40:06.526000","2026-01-06T03:02:30.941000","695939a556b8082002a35a69","renukajackson1@gmail.com","false"
"Big Lab-400","1","BIG LAB (BLDG 400)","","Medication","[]","2027-02-28","Valacyclovir (lab)","69593d53c98b3add2b7ee770","1","bottles","","","","","active","6959b6e679989b8889d17c71","2026-01-04T00:40:06.526000","2026-01-06T03:02:30.941000","695939a556b8082002a35a69","renukajackson1@gmail.com","false"
"Big Lab-400","1","BIG LAB (BLDG 400)","","Medication","[]","","Prednisone (lab)","69593d53c98b3add2b7ee770","1","bottles","","","","","active","6959b6e679989b8889d17c70","2026-01-04T00:40:06.526000","2026-01-06T03:02:30.941000","695939a556b8082002a35a69","renukajackson1@gmail.com","false"
"Left Closet","10","CLOSET (left side)","","Supply","[]","","Subnovii","69593d53c98b3add2b7ee770","1","units","","","","","active","6959b6e679989b8889d17c58","2026-01-04T00:40:06.526000","2026-01-06T03:02:30.941000","695939a556b8082002a35a69","renukajackson1@gmail.com","false"
"Big Lab-400","1","BIG LAB (BLDG 400) - unopened","","Medication","[]","","Zofran ","69593d53c98b3add2b7ee770","1","boxes","","","unopened","","active","6959b6e679989b8889d17c77","2026-01-04T00:40:06.526000","2026-01-06T03:02:30.941000","695939a556b8082002a35a69","renukajackson1@gmail.com","false"
"Left Closet","4","CLOSET (left side)","","Medication","[]","2027-02-28","Valacyclovir","69593d53c98b3add2b7ee770","1","bottles","","","","","active","6959b6e679989b8889d17c4e","2026-01-04T00:40:06.526000","2026-01-06T03:02:30.941000","695939a556b8082002a35a69","renukajackson1@gmail.com","false"
"Big Lab-400","1","BIG LAB (BLDG 400) - opened","","Supply","[]","","Bacteriostactic 0.9% Sodium","69593d53c98b3add2b7ee770","1","boxes","","","opened","","active","6959b6e679989b8889d17c79","2026-01-04T00:40:06.526000","2026-01-06T03:02:30.941000","695939a556b8082002a35a69","renukajackson1@gmail.com","false"
"Right Closet","4","CLOSET (right side)","","Product","[]","","Sculptra","69593d53c98b3add2b7ee770","1","boxes","","","","","active","6959b6e679989b8889d17c65","2026-01-04T00:40:06.526000","2026-01-06T03:02:30.941000","695939a556b8082002a35a69","renukajackson1@gmail.com","false"
"Left Closet","4","CLOSET (left side)","","Medication","[]","","Zofran","69593d53c98b3add2b7ee770","1","boxes","","","unopened","","active","6959b6e679989b8889d17c4c","2026-01-04T00:40:06.526000","2026-01-06T03:02:30.941000","695939a556b8082002a35a69","renukajackson1@gmail.com","false"
"Right Closet","11","CLOSET (right side)","","Supply","[]","","EZ GEL kit","69593d53c98b3add2b7ee770","1","kits","","","","","active","6959b6e679989b8889d17c68","2026-01-04T00:40:06.526000","2026-01-06T03:02:30.941000","695939a556b8082002a35a69","renukajackson1@gmail.com","false"
"","2","BIG LAB (BLDG 400) - unopened","","Supply","","","Bactersiostactic Water (boxes)","69593d53c98b3add2b7ee770","1","boxes","","","","","active","6959b6e679989b8889d17c7c","2026-01-04T00:40:06.526000","2026-01-06T03:02:30.941000","695939a556b8082002a35a69","renukajackson1@gmail.com","false"
"Big Lab-400","1","BIG LAB (BLDG 400)","","Medication","[]","","Bromelain (lab)","69593d53c98b3add2b7ee770","1","bottles","","","","","active","6959b6e679989b8889d17c6d","2026-01-04T00:40:06.526000","2026-01-06T03:02:30.941000","695939a556b8082002a35a69","renukajackson1@gmail.com","false"
"Big Lab-400","2","BIG LAB (BLDG 400)","","Medication","[]","","AZO","69593d53c98b3add2b7ee770","1","bottles","","","","","active","6959b6e679989b8889d17c73","2026-01-04T00:40:06.526000","2026-01-06T03:02:30.941000","695939a556b8082002a35a69","renukajackson1@gmail.com","false"
"Left Closet","3","CLOSET (left side)","","Medication","[]","2026-01-31","Prednisone","69593d53c98b3add2b7ee770","1","bottles","","","","","active","6959b6e679989b8889d17c50","2026-01-04T00:40:06.526000","2026-01-06T03:02:30.941000","695939a556b8082002a35a69","renukajackson1@gmail.com","false"
"Left Closet","1","CLOSET (left side)","","Medication","[]","2027-06-30","Metoprolol Tartrate","69593d53c98b3add2b7ee770","1","bottles","","","","","active","6959b6e679989b8889d17c53","2026-01-04T00:40:06.526000","2026-01-06T03:02:30.941000","695939a556b8082002a35a69","renukajackson1@gmail.com","false"
"Big Lab-400","2","BIG LAB (BLDG 400)","","Medication","[]","","Keflex (lab)","69593d53c98b3add2b7ee770","1","bottles","","","","","active","6959b6e679989b8889d17c6c","2026-01-04T00:40:06.526000","2026-01-06T03:02:30.941000","695939a556b8082002a35a69","renukajackson1@gmail.com","false"
"Big Lab-400","1","BIG LAB (BLDG 400)","","Medication","[]","2025-02-28","ANA exp 02.25","69593d53c98b3add2b7ee770","1","units","","","","","active","6959b6e679989b8889d17c6f","2026-01-04T00:40:06.526000","2026-01-06T03:02:30.941000","695939a556b8082002a35a69","renukajackson1@gmail.com","false"
"Big Lab-400","2","BIG LAB (BLDG 400)","","Medication","[]","","EPIPEN","69593d53c98b3add2b7ee770","1","units","","","","","active","6959b6e679989b8889d17c75","2026-01-04T00:40:06.526000","2026-01-06T03:02:30.941000","695939a556b8082002a35a69","renukajackson1@gmail.com","false"
"Left Closet","2","CLOSET (left side)","","Medication","[]","2026-02-28","Anastrozole","69593d53c98b3add2b7ee770","1","bottles","","","","","active","6959b6e679989b8889d17c4f","2026-01-04T00:40:06.526000","2026-01-06T03:02:30.941000","695939a556b8082002a35a69","renukajackson1@gmail.com","false"
"","7","CLOSET (right side)","","Medication","","2025-09-30","Xeomin exp 09.25","69593d53c98b3add2b7ee770","1","units","","","","","active","6959b6e679989b8889d17c5b","2026-01-04T00:40:06.526000","2026-01-06T03:02:30.941000","695939a556b8082002a35a69","renukajackson1@gmail.com","false"
"Left Closet","3","CLOSET (left side) - MICRO-NEEDLING","","Supply","[]","","Smart Micro-needling","69593d53c98b3add2b7ee770","1","units","","","","","active","6959b6e679989b8889d17c54","2026-01-04T00:40:06.526000","2026-01-06T03:02:30.941000","695939a556b8082002a35a69","renukajackson1@gmail.com","false"
"Big Lab-400","1","BIG LAB (BLDG 400)","","Medication","[]","2025-11-30","ANA exp 11.25","69593d53c98b3add2b7ee770","1","units","","","","","active","6959b6e679989b8889d17c6e","2026-01-04T00:40:06.526000","2026-01-06T03:02:30.941000","695939a556b8082002a35a69","renukajackson1@gmail.com","false"
"","1","CLOSET (left side)","","Medication","","","Claritin D","69593d53c98b3add2b7ee770","1","packs","","","","","active","6959b6e679989b8889d17c4b","2026-01-04T00:40:06.526000","2026-01-06T03:02:30.941000","695939a556b8082002a35a69","renukajackson1@gmail.com","false"
"Right Closet","9","CLOSET (right side)","","Product","[]","2026-08-31","Defyne exp 08.26","69593d53c98b3add2b7ee770","1","units","","","","","active","6959b6e679989b8889d17c59","2026-01-04T00:40:06.526000","2026-01-06T03:02:30.941000","695939a556b8082002a35a69","renukajackson1@gmail.com","false"
"Right Closet","6","CLOSET (right side)","","Product","[]","","Liletta IUD (closet)","69593d53c98b3add2b7ee770","1","boxes","","","","","active","6959b6e679989b8889d17c6b","2026-01-04T00:40:06.526000","2026-01-06T03:02:30.941000","695939a556b8082002a35a69","renukajackson1@gmail.com","false"
"","10","CLOSET (right side)","","Product","","2026-09-30","Kysse exp 09.26","69593d53c98b3add2b7ee770","1","units","","","","","active","6959b6e679989b8889d17c64","2026-01-04T00:40:06.526000","2026-01-06T03:02:30.941000","695939a556b8082002a35a69","renukajackson1@gmail.com","false"
"Left Closet","2","CLOSET (left side) - MICRO-NEEDLING","","Supply","[]","","Masks","69593d53c98b3add2b7ee770","1","bags","","","","","active","6959b6e679989b8889d17c57","2026-01-04T00:40:06.526000","2026-01-06T03:02:30.941000","695939a556b8082002a35a69","renukajackson1@gmail.com","false"
"Big Lab-400","1","BIG LAB (BLDG 400)","","Medication","[]","2027-10-31","Fluconazole","69593d53c98b3add2b7ee770","1","boxes","","","","","active","6959b6e679989b8889d17c81","2026-01-04T00:40:06.526000","2026-01-06T03:02:30.941000","695939a556b8082002a35a69","renukajackson1@gmail.com","false"
"Right Closet","21","CLOSET (right side)","","Product","[]","2025-11-30","Lyft exp 11.25","69593d53c98b3add2b7ee770","1","units","","","","","active","6959b6e679989b8889d17c60","2026-01-04T00:40:06.526000","2026-01-06T03:02:30.941000","695939a556b8082002a35a69","renukajackson1@gmail.com","false"
"","9","BIG LAB (BLDG 400)","","Supply","","","Bactersiostactic Water (vials)","69593d53c98b3add2b7ee770","1","vials","","","","","active","6959b6e679989b8889d17c7b","2026-01-04T00:40:06.526000","2026-01-06T03:02:30.941000","695939a556b8082002a35a69","renukajackson1@gmail.com","false"
"Right Closet","4","CLOSET (right side)","","Supply","[]","","EZPRF sets","69593d53c98b3add2b7ee770","1","sets","","","","","active","6959b6e679989b8889d17c69","2026-01-04T00:40:06.526000","2026-01-06T03:02:30.941000","695939a556b8082002a35a69","renukajackson1@gmail.com","false"
"","11","CLOSET (right side)","","Product","","2026-02-28","Kysse exp 02.26 (closet)","69593d53c98b3add2b7ee770","1","units","","","","","active","6959b6e679989b8889d17c62","2026-01-04T00:40:06.526000","2026-01-06T03:02:30.941000","695939a556b8082002a35a69","renukajackson1@gmail.com","false"
"Big Lab-400","1","BIG LAB (BLDG 400) - opened","","Supply","[]","","Sterile Water ","69593d53c98b3add2b7ee770","1","boxes","","","opened","","active","6959b6e679989b8889d17c7e","2026-01-04T00:40:06.526000","2026-01-06T03:02:30.941000","695939a556b8082002a35a69","renukajackson1@gmail.com","false"
"Big Lab-400","2","BIG LAB (BLDG 400) - unopened","","Supply","[]","","Sterile Water ","69593d53c98b3add2b7ee770","1","boxes","","","unopened","","active","6959b6e679989b8889d17c7f","2026-01-04T00:40:06.526000","2026-01-06T03:02:30.941000","695939a556b8082002a35a69","renukajackson1@gmail.com","false"
"Left Closet","2","CLOSET (left side)","","Medication","[]","","Sermorelin Acetate","69593d53c98b3add2b7ee770","1","bottles","","","","","active","6959b6e679989b8889d17c51","2026-01-04T00:40:06.526000","2026-01-06T03:02:30.941000","695939a556b8082002a35a69","renukajackson1@gmail.com","false"
"Left Closet","2","CLOSET (left side)","","Supply","[]","","Diluent","69593d53c98b3add2b7ee770","1","bottles","","","","","active","6959b6e679989b8889d17c52","2026-01-04T00:40:06.526000","2026-01-06T03:02:30.941000","695939a556b8082002a35a69","renukajackson1@gmail.com","false"
"Left Closet","2","CLOSET (left side) - MICRO-NEEDLING","","Supply","[]","","Exact Micro-needling","69593d53c98b3add2b7ee770","1","units","","","","","active","6959b6e679989b8889d17c55","2026-01-04T00:40:06.526000","2026-01-06T03:02:30.941000","695939a556b8082002a35a69","renukajackson1@gmail.com","false"
"","24","CLOSET (right side) - (12) sets of (2) syringes","","Product","","2025-11-30","Radiesse","69593d53c98b3add2b7ee770","1","syringes","","","","","active","6959b6e679989b8889d17c5f","2026-01-04T00:40:06.526000","2026-01-06T03:02:30.941000","695939a556b8082002a35a69","renukajackson1@gmail.com","false"
"Right Closet","5","CLOSET (right side)","","Product","[]","2026-07-31","Kysse exp 07.26","69593d53c98b3add2b7ee770","1","units","","","","","active","6959b6e679989b8889d17c63","2026-01-04T00:40:06.526000","2026-01-06T03:02:30.941000","695939a556b8082002a35a69","renukajackson1@gmail.com","false"
"Big Lab-400","1","BIG LAB (BLDG 400) - unopened","","Supply","[]","","Bacteriostactic 0.9% Sodium ","69593d53c98b3add2b7ee770","1","boxes","","","unopened","","active","6959b6e679989b8889d17c7a","2026-01-04T00:40:06.526000","2026-01-06T03:02:30.941000","695939a556b8082002a35a69","renukajackson1@gmail.com","false"
"Big Lab-400","1","BIG LAB (BLDG 400) - opened","","Medication","[]","","Lidocaine Hydrochloride","69593d53c98b3add2b7ee770","1","boxes","","","","","active","6959b6e679989b8889d17c7d","2026-01-04T00:40:06.526000","2026-01-06T03:02:30.941000","695939a556b8082002a35a69","renukajackson1@gmail.com","false"
"Big Lab-400","11","BIG LAB (BLDG 400) - opened","","Medication","[]","2027-09-30","Rocephin (Ceftriaxone)","69593d53c98b3add2b7ee770","1","vials","","","","","active","6959b6e679989b8889d17c82","2026-01-04T00:40:06.526000","2026-01-06T03:02:30.941000","695939a556b8082002a35a69","renukajackson1@gmail.com","false"
"Left Closet","3","CLOSET (left side) - MICRO-NEEDLING","","Supply","[]","","Deep Micro-needling","69593d53c98b3add2b7ee770","1","units","","","","","active","6959b6e679989b8889d17c56","2026-01-04T00:40:06.526000","2026-01-06T03:02:30.941000","695939a556b8082002a35a69","renukajackson1@gmail.com","false"
"","2","CLOSET (left side)","","Medication","","","Azithromycin","69593d53c98b3add2b7ee770","1","packs","","","","","active","6959b6e679989b8889d17c4a","2026-01-04T00:40:06.526000","2026-01-06T03:02:30.941000","695939a556b8082002a35a69","renukajackson1@gmail.com","false"
"Big Lab-400","3","BIG LAB (BLDG 400)","","Supply","[]","","EyeWash/Flush","69593d53c98b3add2b7ee770","1","bottles","","","","","active","6959b6e679989b8889d17c80","2026-01-04T00:40:06.526000","2026-01-06T03:02:30.941000","695939a556b8082002a35a69","renukajackson1@gmail.com","false"
"Big Lab-400","15","BIG LAB (BLDG 400)","","Medication","[]","","Sodium Bicarbonate 8.4%","69593d53c98b3add2b7ee770","1","bottles","","","","","active","6959b6e679989b8889d17c74","2026-01-04T00:40:06.526000","2026-01-06T03:02:30.941000","695939a556b8082002a35a69","renukajackson1@gmail.com","false"
"Left Closet","3","CLOSET (left side)","","Medication","[]","2027-12-31","Bromelain","69593d53c98b3add2b7ee770","1","bottles","","","","","active","6959b6e679989b8889d17c4d","2026-01-04T00:40:06.526000","2026-01-06T03:02:30.941000","695939a556b8082002a35a69","renukajackson1@gmail.com","false"
"Right Closet","4","CLOSET (right side) - (2) sets of (2) syringes","","Product","[]","2026-08-31","Juvederm ULTRA PLUS","69593d53c98b3add2b7ee770","1","syringes","","","","","active","6959b6e679989b8889d17c67","2026-01-04T00:40:06.526000","2026-01-06T03:02:30.941000","695939a556b8082002a35a69","renukajackson1@gmail.com","false"
"Right Closet","3","CLOSET (right side)","","Medication","[]","2027-03-31","Daxxify exp 03.27","69593d53c98b3add2b7ee770","1","units","","","","","active","6959b6e679989b8889d17c5e","2026-01-04T00:40:06.526000","2026-01-06T03:02:30.941000","695939a556b8082002a35a69","renukajackson1@gmail.com","false"
"Left Closet","8","CLOSET (left side)","","Medication","[]","","MethylPrednisone","69593d53c98b3add2b7ee770","1","packs","","","","","active","6959b6e679989b8889d17c49","2026-01-04T00:40:06.526000","2026-01-06T03:02:30.941000","695939a556b8082002a35a69","renukajackson1@gmail.com","false"
"Big Lab-400","7","BIG LAB (BLDG 400)","","Supply","[]","2026-11-30","DermaPak Kits","69593d53c98b3add2b7ee770","1","kits","","","","","active","6959b6e679989b8889d17c78","2026-01-04T00:40:06.526000","2026-01-06T03:02:30.941000","695939a556b8082002a35a69","renukajackson1@gmail.com","false"
"","1","MINI FRIDGE","","Medication","","","Xeomin","69593d53c98b3add2b7ee770","1","units","","","","","active","6959b6e679989b8889d17c26","2026-01-04T00:40:06.525000","2026-01-06T03:02:30.941000","695939a556b8082002a35a69","renukajackson1@gmail.com","false"
"Black Metal Cabinet","2","IN BLACK CABINET","","Medication","[]","","Estradiol Vials 5mg","69593d53c98b3add2b7ee770","1","vials","","","","","active","6959b6e679989b8889d17c44","2026-01-04T00:40:06.525000","2026-01-06T03:02:30.941000","695939a556b8082002a35a69","renukajackson1@gmail.com","false"
"Black Metal Cabinet","1","IN BLACK CABINET","","Medication","[]","","Estradiol Vials 1mg","69593d53c98b3add2b7ee770","1","vials","","","","","active","6959b6e679989b8889d17c43","2026-01-04T00:40:06.525000","2026-01-06T03:02:30.941000","695939a556b8082002a35a69","renukajackson1@gmail.com","false"
"","1","MINI FRIDGE - opened","","Medication","[]","","Jeuveau ","69593d53c98b3add2b7ee770","1","units","","","opened","","active","6959b6e679989b8889d17c27","2026-01-04T00:40:06.525000","2026-01-06T03:02:30.941000","695939a556b8082002a35a69","renukajackson1@gmail.com","false"
"Fridge","1","","","Medication","[]","2026-02-10","Semaglutide","69593d53c98b3add2b7ee76e","1","vial","","","opened","","active","6959b6e679989b8889d17c2f","2026-01-04T00:40:06.525000","2026-01-19T04:46:02.822000","695939a556b8082002a35a69","renukajackson1@gmail.com","false"
"Fridge","1","COLD VITAMINS: KIMS FRIDGE - backstock","","Medication","[]","","Preserved Ascorbic Acid","69593d53c98b3add2b7ee770","1","units","","","","","active","6959b6e679989b8889d17c20","2026-01-04T00:40:06.525000","2026-01-06T03:02:30.941000","695939a556b8082002a35a69","renukajackson1@gmail.com","false"
"Kim's Mini Fridge ","2","MINI FRIDGE - not opened","","Medication","[]","","Preserved Ascorbic Acid (not opened)","69593d53c98b3add2b7ee770","1","units","","","unopened","","active","6959b6e679989b8889d17c2b","2026-01-04T00:40:06.525000","2026-01-08T13:39:38.668000","695939a556b8082002a35a69","renukajackson1@gmail.com","false"
"Black Metal Cabinet","18","VIALS - unopened","","Medication","[]","","Testosterone vials 200mg","69593d53c98b3add2b7ee770","1","vials","","","","","active","6959b6e679989b8889d17c18","2026-01-04T00:40:06.525000","2026-01-06T03:02:30.941000","695939a556b8082002a35a69","renukajackson1@gmail.com","false"
"Black Metal Cabinet","4","IN BLACK CABINET","","Medication","[]","","Triamcinolone Acetonide Injectable","69593d53c98b3add2b7ee770","1","units","","","","","active","6959b6e679989b8889d17c37","2026-01-04T00:40:06.525000","2026-01-06T03:02:30.941000","695939a556b8082002a35a69","renukajackson1@gmail.com","false"
"","50","INJECTABLES - plenty","","Medication","","","Xeomin (backstock)","69593d53c98b3add2b7ee770","1","units","","","","","active","6959b6e679989b8889d17c33","2026-01-04T00:40:06.525000","2026-01-06T03:02:30.941000","695939a556b8082002a35a69","renukajackson1@gmail.com","false"
"Fridge","48","MINI FRIDGE - not opened","","Medication","[]","","Dysport (not opened)","69593d53c98b3add2b7ee770","1","units","","","","","active","6959b6e679989b8889d17c24","2026-01-04T00:40:06.525000","2026-01-06T03:02:30.941000","695939a556b8082002a35a69","renukajackson1@gmail.com","false"
"","6","INJECTABLES","","Medication","","","Daxxify (backstock)","69593d53c98b3add2b7ee770","1","units","","","","","active","6959b6e679989b8889d17c34","2026-01-04T00:40:06.525000","2026-01-06T03:02:30.941000","695939a556b8082002a35a69","renukajackson1@gmail.com","false"
"Black Metal Cabinet","3","IN BLACK CABINET","","Product","[]","2026-03-31","Contour exp 03.31","69593d53c98b3add2b7ee770","1","syringes","","","unopened","","active","6959b6e679989b8889d17c39","2026-01-04T00:40:06.525000","2026-01-06T03:02:30.941000","695939a556b8082002a35a69","renukajackson1@gmail.com","false"
"Black Metal Cabinet","2","IN BLACK CABINET","","Product","[]","","Liletta IUD","69593d53c98b3add2b7ee770","1","units","","","","","active","6959b6e679989b8889d17c40","2026-01-04T00:40:06.525000","2026-01-06T03:02:30.941000","695939a556b8082002a35a69","renukajackson1@gmail.com","false"
"Kim's Mini Fridge ","4","COLD VITAMINS: KIMS FRIDGE - backstock","","Medication","[]","","NAD","69593d53c98b3add2b7ee770","1","units","","","unopened","","active","6959b6e679989b8889d17c1d","2026-01-04T00:40:06.525000","2026-01-08T13:39:38.498000","695939a556b8082002a35a69","renukajackson1@gmail.com","false"
"Kim's Mini Fridge ","5","VIALS - backstock","","Medication","[]","","Tirzepatide vials","69593d53c98b3add2b7ee770","1","vials","","","unopened","","active","6959b6e679989b8889d17c16","2026-01-04T00:40:06.525000","2026-01-08T13:39:38.470000","695939a556b8082002a35a69","renukajackson1@gmail.com","false"
"Black Metal Cabinet","2","VIALS - unopened","","Medication","[]","","Testosterone vials 50mg","69593d53c98b3add2b7ee770","1","vials","","","","","active","6959b6e679989b8889d17c19","2026-01-04T00:40:06.525000","2026-01-06T03:02:30.941000","695939a556b8082002a35a69","renukajackson1@gmail.com","false"
"Kim's Mini Fridge ","2","COLD VITAMINS: KIMS FRIDGE","","Medication","[]","","BPC-157","69593d53c98b3add2b7ee770","1","units","","","","","active","6959b6e679989b8889d17c21","2026-01-04T00:40:06.525000","2026-01-06T03:02:30.941000","695939a556b8082002a35a69","renukajackson1@gmail.com","false"
"Fridge","2","MINI FRIDGE","","Medication","[]","","Botox","69593d53c98b3add2b7ee770","1","units","","","","","active","6959b6e679989b8889d17c22","2026-01-04T00:40:06.525000","2026-01-06T03:02:30.941000","695939a556b8082002a35a69","renukajackson1@gmail.com","false"
"Black Metal Cabinet","1","IN BLACK CABINET","","Product","[]","2026-10-31","Contour exp 10.26","69593d53c98b3add2b7ee770","1","units","","","","","active","6959b6e679989b8889d17c3a","2026-01-04T00:40:06.525000","2026-01-06T03:02:30.941000","695939a556b8082002a35a69","renukajackson1@gmail.com","false"
"Fridge","1","MINI FRIDGE - opened","","Medication","[]","","Myers Mix (opened)","69593d53c98b3add2b7ee770","1","units","","","","","active","6959b6e679989b8889d17c2e","2026-01-04T00:40:06.525000","2026-01-06T03:02:30.941000","695939a556b8082002a35a69","renukajackson1@gmail.com","false"
"","5","MINI FRIDGE - not opened","","Medication","","","Jeuveau (not opened)","69593d53c98b3add2b7ee770","1","units","","","","","active","6959b6e679989b8889d17c28","2026-01-04T00:40:06.525000","2026-01-06T03:02:30.941000","695939a556b8082002a35a69","renukajackson1@gmail.com","false"
"Kim's Mini Fridge ","0","COLD VITAMINS: KIMS FRIDGE - backstock","","Medication","[]","","Lipo-Mino","69593d53c98b3add2b7ee770","1","units","","","unopened","","active","6959b6e679989b8889d17c1e","2026-01-04T00:40:06.525000","2026-01-08T13:39:38.498000","695939a556b8082002a35a69","renukajackson1@gmail.com","false"
"Kim's Mini Fridge ","3","COLD VITAMINS: KIMS FRIDGE - backstock","","Medication","[]","","Myers Cocktail","69593d53c98b3add2b7ee770","1","units","","","unopened","","active","6959b6e679989b8889d17c1c","2026-01-04T00:40:06.525000","2026-01-08T13:39:38.708000","695939a556b8082002a35a69","renukajackson1@gmail.com","false"
"Fridge","3","MINI FRIDGE","","Medication","[]","","Hylenex","69593d53c98b3add2b7ee770","1","units","","","","","active","6959b6e679989b8889d17c29","2026-01-04T00:40:06.525000","2026-01-06T03:02:30.941000","695939a556b8082002a35a69","renukajackson1@gmail.com","false"
"Black Metal Cabinet","75","IN BLACK CABINET - (3) boxes of (25) vials","","Medication","[]","","Ketorolac","69593d53c98b3add2b7ee770","1","vials","","","","","active","6959b6e679989b8889d17c38","2026-01-04T00:40:06.525000","2026-01-06T03:02:30.941000","695939a556b8082002a35a69","renukajackson1@gmail.com","false"
"Fridge","1","MINI FRIDGE - opened","","Medication","[]","","Preserved Ascorbic Acid (opened)","69593d53c98b3add2b7ee770","1","units","","","","","active","6959b6e679989b8889d17c2a","2026-01-04T00:40:06.525000","2026-01-06T03:02:30.941000","695939a556b8082002a35a69","renukajackson1@gmail.com","false"
"Black Metal Cabinet","2","IN BLACK CABINET","","Supply","[]","","EZPRF blood concentrate","69593d53c98b3add2b7ee770","1","units","","","","","active","6959b6e679989b8889d17c36","2026-01-04T00:40:06.525000","2026-01-06T03:02:30.941000","695939a556b8082002a35a69","renukajackson1@gmail.com","false"
"Black Metal Cabinet","20","IN BLACK CABINET - plenty","","Supply","[]","","Numbing cream","69593d53c98b3add2b7ee770","1","units","","","","","active","6959b6e679989b8889d17c35","2026-01-04T00:40:06.525000","2026-01-06T03:02:30.941000","695939a556b8082002a35a69","renukajackson1@gmail.com","false"
"Black Metal Cabinet","1","IN BLACK CABINET","","Medication","[]","","Xeomin (cabinet)","69593d53c98b3add2b7ee770","1","units","","","","","active","6959b6e679989b8889d17c3f","2026-01-04T00:40:06.525000","2026-01-06T03:02:30.941000","695939a556b8082002a35a69","renukajackson1@gmail.com","false"
"Black Metal Cabinet","1","IN BLACK CABINET","","Product","[]","","Lyft","69593d53c98b3add2b7ee770","1","units","","","","","active","6959b6e679989b8889d17c3b","2026-01-04T00:40:06.525000","2026-01-06T03:02:30.941000","695939a556b8082002a35a69","renukajackson1@gmail.com","false"
"Fridge","1","MINI FRIDGE - opened","","Medication","[]","","Dysport (opened)","69593d53c98b3add2b7ee770","1","units","","","","","active","6959b6e679989b8889d17c23","2026-01-04T00:40:06.525000","2026-01-06T03:02:30.941000","695939a556b8082002a35a69","renukajackson1@gmail.com","false"
"Kim's Fridge","11","VIALS - backstock","9","Medication","[]","","Semaglutide vials","69593d53c98b3add2b7ee770","4","vials","","RX Compound","unopened","","active","6959b6e679989b8889d17c17","2026-01-04T00:40:06.525000","2026-01-20T19:23:57.419000","695939a556b8082002a35a69","renukajackson1@gmail.com","false"
"Black Metal Cabinet","1","IN BLACK CABINET","","Medication","[]","","Testosterone Vials 50mg (cabinet)","69593d53c98b3add2b7ee770","1","vials","","","","","active","6959b6e679989b8889d17c42","2026-01-04T00:40:06.525000","2026-01-06T03:02:30.941000","695939a556b8082002a35a69","renukajackson1@gmail.com","false"
"Black Metal Cabinet","11","IN BLACK CABINET","","Medication","[]","","Testosterone Vials 200mg (cabinet)","69593d53c98b3add2b7ee770","1","vials","","","","","active","6959b6e679989b8889d17c41","2026-01-04T00:40:06.525000","2026-01-06T03:02:30.941000","695939a556b8082002a35a69","renukajackson1@gmail.com","false"
"Fridge","1","MINI FRIDGE - opened","","Medication","[]","","Tirzepatide (opened)","69593d53c98b3add2b7ee770","1","units","","","","","active","6959b6e679989b8889d17c30","2026-01-04T00:40:06.525000","2026-01-06T03:02:30.941000","695939a556b8082002a35a69","renukajackson1@gmail.com","false"
"Fridge","1","MINI FRIDGE - opened","","Medication","[]","","Glutathione (opened)","69593d53c98b3add2b7ee770","1","units","","","","","active","6959b6e679989b8889d17c2d","2026-01-04T00:40:06.525000","2026-01-06T03:02:30.941000","695939a556b8082002a35a69","renukajackson1@gmail.com","false"
"Fridge","1","MINI FRIDGE","","Medication","[]","","Daxxify","69593d53c98b3add2b7ee770","1","units","","","","","active","6959b6e679989b8889d17c25","2026-01-04T00:40:06.525000","2026-01-06T03:02:30.941000","695939a556b8082002a35a69","renukajackson1@gmail.com","false"
"Fridge","2","MINI FRIDGE - opened","","Medication","[]","","NAD ","69593d53c98b3add2b7ee770","1","units","","","opened","","active","6959b6e679989b8889d17c2c","2026-01-04T00:40:06.525000","2026-01-06T05:08:47.269000","695939a556b8082002a35a69","renukajackson1@gmail.com","false"
"Black Metal Cabinet","3","IN BLACK CABINET","","Product","[]","2026-02-28","Kysse exp 02.26","69593d53c98b3add2b7ee770","1","units","","","","","active","6959b6e679989b8889d17c3e","2026-01-04T00:40:06.525000","2026-01-06T03:02:30.941000","695939a556b8082002a35a69","renukajackson1@gmail.com","false"
"Kim's Mini Fridge ","2","COLD VITAMINS: KIMS FRIDGE - backstock","","Medication","[]","","Glutathione","69593d53c98b3add2b7ee770","1","units","","","unopened","","active","6959b6e679989b8889d17c1f","2026-01-04T00:40:06.525000","2026-01-08T13:39:38.494000","695939a556b8082002a35a69","renukajackson1@gmail.com","false"
"Fridge","3","INJECTABLES - backstock","","Medication","[]","","Botox (backstock)","69593d53c98b3add2b7ee770","1","units","","","","","active","6959b6e679989b8889d17c31","2026-01-04T00:40:06.525000","2026-01-06T03:02:30.941000","695939a556b8082002a35a69","renukajackson1@gmail.com","false"
"Black Metal Cabinet","3","IN BLACK CABINET","","Product","[]","2026-01-31","Kysse exp 01.26","69593d53c98b3add2b7ee770","1","units","","","","","active","6959b6e679989b8889d17c3d","2026-01-04T00:40:06.525000","2026-01-06T03:02:30.941000","695939a556b8082002a35a69","renukajackson1@gmail.com","false"
"Black Metal Cabinet","5","IN BLACK CABINET","","Product","[]","","Defyne","69593d53c98b3add2b7ee770","1","units","","","","","active","6959b6e679989b8889d17c3c","2026-01-04T00:40:06.525000","2026-01-06T03:02:30.941000","695939a556b8082002a35a69","renukajackson1@gmail.com","false"
"Black Metal Cabinet","1","IN BLACK CABINET","","Medication","[]","","Estradiol Vials 10mg","69593d53c98b3add2b7ee770","1","vials","","","","","active","6959b6e679989b8889d17c45","2026-01-04T00:40:06.525000","2026-01-06T03:02:30.941000","695939a556b8082002a35a69","renukajackson1@gmail.com","false"
"Black Metal Cabinet","4","IN BLACK CABINET","","Medication","[]","","Estradiol Vials 20mg","69593d53c98b3add2b7ee770","1","vials","","","","","active","6959b6e679989b8889d17c46","2026-01-04T00:40:06.525000","2026-01-06T03:02:30.941000","695939a556b8082002a35a69","renukajackson1@gmail.com","false"
"Left Closet","3","CLOSET (left side)","","Medication","[]","","Ibuprofen","69593d53c98b3add2b7ee770","1","bottles","","","","","active","6959b6e679989b8889d17c47","2026-01-04T00:40:06.525000","2026-01-06T03:02:30.941000","695939a556b8082002a35a69","renukajackson1@gmail.com","false"
"Left Closet","1","CLOSET (left side)","","Medication","[]","2027-05-31","Keflex","69593d53c98b3add2b7ee770","1","bottles","","","","","active","6959b6e679989b8889d17c48","2026-01-04T00:40:06.525000","2026-01-06T03:02:30.941000","695939a556b8082002a35a69","renukajackson1@gmail.com","false"