clinic_location_ids,is_favorite,taxable,item_type,name,description,categories,area_based,pricing_tiers,status,id,created_date,updated_date,created_by_id,created_by,is_sample
"","false","true","Product","Elemis Resurfacing Facial Pads","","[""Elemis Skincare""]","false","[{""tier_name"": ""Standard"", ""price"": 67.00, ""sessions"": 1}]","active","698024c6e96036f2f04509ee","2026-02-02T04:15:02.021000","2026-02-02T04:15:02.021000","695939a556b8082002a35a69","renukajackson1@gmail.com","false"
"","false","true","Product","Elemis Peel & Reset","","[""Elemis Skincare""]","false","[{""tier_name"": ""Standard"", ""price"": 122.00, ""sessions"": 1}]","active","698024c6e96036f2f04509ed","2026-02-02T04:15:02.021000","2026-02-02T04:15:02.021000","695939a556b8082002a35a69","renukajackson1@gmail.com","false"
"","false","true","Product","Elemis Japanese Camelia Body Oil Blend","","[""Elemis Body Care""]","false","[{""tier_name"": ""Standard"", ""price"": 65.00, ""sessions"": 1}]","active","698024c6e96036f2f04509f1","2026-02-02T04:15:02.021000","2026-02-02T04:15:02.021000","695939a556b8082002a35a69","renukajackson1@gmail.com","false"
"","false","true","Product","Elemis Revitalise Me Hand and Body Wash","","[""Elemis Body Care""]","false","[{""tier_name"": ""Standard"", ""price"": 46.00, ""sessions"": 1}]","active","698024c6e96036f2f04509f3","2026-02-02T04:15:02.021000","2026-02-02T04:15:02.021000","695939a556b8082002a35a69","renukajackson1@gmail.com","false"
"","false","true","Product","Elemis Facial Wash","","[""Elemis Skincare""]","false","[{""tier_name"": ""Standard"", ""price"": 57.00, ""sessions"": 1}]","active","698024c6e96036f2f04509eb","2026-02-02T04:15:02.021000","2026-02-02T04:15:02.021000","695939a556b8082002a35a69","renukajackson1@gmail.com","false"
"","false","true","Product","Elemis Super-C Serum","","[""Elemis Skincare""]","false","[{""tier_name"": ""Standard"", ""price"": 145.00, ""sessions"": 1}]","active","698024c6e96036f2f04509ef","2026-02-02T04:15:02.021000","2026-02-02T04:15:02.021000","695939a556b8082002a35a69","renukajackson1@gmail.com","false"
"","false","true","Product","Elemis Gel Mask","","[""Elemis Skincare""]","false","[{""tier_name"": ""Standard"", ""price"": 88.00, ""sessions"": 1}]","active","698024c6e96036f2f04509ec","2026-02-02T04:15:02.021000","2026-02-02T04:15:02.021000","695939a556b8082002a35a69","renukajackson1@gmail.com","false"
"","false","true","Product","Elemis Mayfair No. 9 Hand & Body Lotion","","[""Elemis Body Care""]","false","[{""tier_name"": ""Standard"", ""price"": 40.00, ""sessions"": 1}]","active","698024c6e96036f2f04509f0","2026-02-02T04:15:02.021000","2026-02-02T04:15:02.021000","695939a556b8082002a35a69","renukajackson1@gmail.com","false"
"","false","true","Product","Elemis Revitalise Me Hand & Body Lotion","","[""Elemis Body Care""]","false","[{""tier_name"": ""Standard"", ""price"": 35.00, ""sessions"": 1}]","active","698024c6e96036f2f04509f2","2026-02-02T04:15:02.021000","2026-02-02T04:15:02.021000","695939a556b8082002a35a69","renukajackson1@gmail.com","false"
"","false","true","Product","Elemis Superfood Midnight Facial","","[""Elemis Skincare""]","false","[{""tier_name"": ""Standard"", ""price"": 62.00, ""sessions"": 1}]","active","698024c6e96036f2f04509f4","2026-02-02T04:15:02.021000","2026-02-02T04:15:02.021000","695939a556b8082002a35a69","renukajackson1@gmail.com","false"
"","false","true","Product","Elemis Vitality Eye Cream","","[""Elemis Skincare""]","false","[{""tier_name"": ""Standard"", ""price"": 115.00, ""sessions"": 1}]","active","698024c6e96036f2f04509e2","2026-02-02T04:15:02.020000","2026-02-02T04:15:02.020000","695939a556b8082002a35a69","renukajackson1@gmail.com","false"
"","false","true","Product","Elemis Marine Cream SPF 30, 100ML","","[""Elemis Skincare""]","false","[{""tier_name"": ""Standard"", ""price"": 255.00, ""sessions"": 1}]","active","698024c6e96036f2f04509e4","2026-02-02T04:15:02.020000","2026-02-02T04:15:02.020000","695939a556b8082002a35a69","renukajackson1@gmail.com","false"
"","false","true","Product","Elemis Skin Protection Fluid SPF 50","","[""Elemis Skincare""]","false","[{""tier_name"": ""Standard"", ""price"": 70.00, ""sessions"": 1}]","active","698024c6e96036f2f04509e0","2026-02-02T04:15:02.020000","2026-02-02T04:15:02.020000","695939a556b8082002a35a69","renukajackson1@gmail.com","false"
"","false","true","Product","Elemis Marine Cream SPF 30, 50 ML","","[""Elemis Skincare""]","false","[{""tier_name"": ""Standard"", ""price"": 140.00, ""sessions"": 1}]","active","698024c6e96036f2f04509e3","2026-02-02T04:15:02.020000","2026-02-02T04:15:02.020000","695939a556b8082002a35a69","renukajackson1@gmail.com","false"
"[]","false","true","Product","Elemis Night Genius","","[""Elemis Skincare"",""Elemis""]","false","[{""tier_name"":""Standard"",""price"":340,""sessions"":1,""unit_type"":""sessions""}]","active","698024c6e96036f2f04509e6","2026-02-02T04:15:02.020000","2026-02-02T04:18:41.105000","695939a556b8082002a35a69","renukajackson1@gmail.com","false"
"","false","true","Product","Elemis Cleansing Balm","","[""Elemis Skincare""]","false","[{""tier_name"": ""Standard"", ""price"": 69.00, ""sessions"": 1}]","active","698024c6e96036f2f04509e1","2026-02-02T04:15:02.020000","2026-02-02T04:15:02.020000","695939a556b8082002a35a69","renukajackson1@gmail.com","false"
"","false","true","Product","Elemis Aqua Infusion Mask","","[""Elemis Skincare""]","false","[{""tier_name"": ""Standard"", ""price"": 205.00, ""sessions"": 1}]","active","698024c6e96036f2f04509e5","2026-02-02T04:15:02.020000","2026-02-02T04:15:02.020000","695939a556b8082002a35a69","renukajackson1@gmail.com","false"
"","false","true","Product","Elemis Future Restore Serum","","[""Elemis Skincare""]","false","[{""tier_name"": ""Standard"", ""price"": 155.00, ""sessions"": 1}]","active","698024c6e96036f2f04509e8","2026-02-02T04:15:02.020000","2026-02-02T04:15:02.020000","695939a556b8082002a35a69","renukajackson1@gmail.com","false"
"","false","true","Product","Elemis Skin Future Supplements","","[""Elemis Skincare""]","false","[{""tier_name"": ""Standard"", ""price"": 105.00, ""sessions"": 1}]","active","698024c6e96036f2f04509e9","2026-02-02T04:15:02.020000","2026-02-02T04:15:02.020000","695939a556b8082002a35a69","renukajackson1@gmail.com","false"
"","false","true","Product","Elemis Eye Revive Mask","","[""Elemis Skincare""]","false","[{""tier_name"": ""Standard"", ""price"": 92.00, ""sessions"": 1}]","active","698024c6e96036f2f04509e7","2026-02-02T04:15:02.020000","2026-02-02T04:15:02.020000","695939a556b8082002a35a69","renukajackson1@gmail.com","false"
"","false","true","Product","Elemis Neck & Decolletage Balm","","[""Elemis Skincare""]","false","[{""tier_name"": ""Standard"", ""price"": 88.00, ""sessions"": 1}]","active","698024c6e96036f2f04509ea","2026-02-02T04:15:02.020000","2026-02-02T04:15:02.020000","695939a556b8082002a35a69","renukajackson1@gmail.com","false"
"[]","false","true","Product","Xtresse","Hair Growth Gummies","[""Product""]","false","[{""tier_name"":""Pack"",""price"":78,""sessions"":1,""unit_type"":""sessions""}]","active","695f24cd178bce0044b55a9a","2026-01-08T03:30:21.569000","2026-01-08T03:31:02.847000","695939a556b8082002a35a69","renukajackson1@gmail.com","false"
"[]","false","false","Product","_category_Aesthetics","","[""Aesthetics""]","false","[{""tier_name"":""N/A"",""price"":0,""sessions"":1}]","inactive","6959ee16e5f00a9deb64b77a","2026-01-04T04:35:34.258000","2026-01-04T04:35:34.258000","695939a556b8082002a35a69","renukajackson1@gmail.com","false"
"","false","true","Product","Obagi Nu-Derm Toner","Obagi Nu-Derm toner","[""Obagi""]","false","[{""tier_name"":""Single"",""price"":49,""sessions"":1}]","active","6959ad8c4265bd7be96b5fcc","2026-01-04T00:00:12.119000","2026-01-04T00:00:12.119000","695939a556b8082002a35a69","renukajackson1@gmail.com","false"
"","false","true","Product","Obagi Clenziderm Therapeutic Lotion","Obagi Clenziderm therapeutic lotion","[""Obagi""]","false","[{""tier_name"":""Single"",""price"":95,""sessions"":1}]","active","6959ad8c4265bd7be96b5fc1","2026-01-04T00:00:12.119000","2026-01-04T00:00:12.119000","695939a556b8082002a35a69","renukajackson1@gmail.com","false"
"","false","true","Product","Obagi Nu-Derm Gentle Cleanser","Obagi Nu-Derm gentle cleanser","[""Obagi""]","false","[{""tier_name"":""Single"",""price"":49,""sessions"":1}]","active","6959ad8c4265bd7be96b5fcb","2026-01-04T00:00:12.119000","2026-01-04T00:00:12.119000","695939a556b8082002a35a69","renukajackson1@gmail.com","false"
"","false","true","Product","Obagi Elastiderm Filler Concentrate","Obagi Elastiderm filler concentrate","[""Obagi""]","false","[{""tier_name"":""Single"",""price"":115,""sessions"":1}]","active","6959ad8c4265bd7be96b5fbb","2026-01-04T00:00:12.119000","2026-01-04T00:00:12.119000","695939a556b8082002a35a69","renukajackson1@gmail.com","false"
"","false","true","Product","Obagi Hydrate","Obagi Hydrate moisturizer","[""Obagi""]","false","[{""tier_name"":""Single"",""price"":65,""sessions"":1}]","active","6959ad8c4265bd7be96b5fc5","2026-01-04T00:00:12.119000","2026-01-04T00:00:12.119000","695939a556b8082002a35a69","renukajackson1@gmail.com","false"
"","false","true","Product","Obagi Sunshield Warm","Obagi Sunshield warm sunscreen","[""Obagi""]","false","[{""tier_name"":""Single"",""price"":59,""sessions"":1}]","active","6959ad8c4265bd7be96b5fc9","2026-01-04T00:00:12.119000","2026-01-04T00:00:12.119000","695939a556b8082002a35a69","renukajackson1@gmail.com","false"
"","false","true","Product","Obagi Elastiderm Neck/Decollete","Obagi Elastiderm neck and decollete treatment","[""Obagi""]","false","[{""tier_name"":""Single"",""price"":260,""sessions"":1}]","active","6959ad8c4265bd7be96b5fba","2026-01-04T00:00:12.119000","2026-01-04T00:00:12.119000","695939a556b8082002a35a69","renukajackson1@gmail.com","false"
"","false","true","Product","Obagi Nu-Derm Travel Toner","Obagi Nu-Derm toner travel size","[""Obagi""]","false","[{""tier_name"":""Single"",""price"":19,""sessions"":1}]","active","6959ad8c4265bd7be96b5fd2","2026-01-04T00:00:12.119000","2026-01-04T00:00:12.119000","695939a556b8082002a35a69","renukajackson1@gmail.com","false"
"","false","true","Product","Obagi Nu-Derm Foaming Gel","Obagi Nu-Derm foaming gel cleanser","[""Obagi""]","false","[{""tier_name"":""Single"",""price"":49,""sessions"":1}]","active","6959ad8c4265bd7be96b5fca","2026-01-04T00:00:12.119000","2026-01-04T00:00:12.119000","695939a556b8082002a35a69","renukajackson1@gmail.com","false"
"","false","true","Product","Obagi Clenziderm Daily Foaming Cleanser","Obagi Clenziderm daily foaming cleanser","[""Obagi""]","false","[{""tier_name"":""Single"",""price"":49,""sessions"":1}]","active","6959ad8c4265bd7be96b5fc2","2026-01-04T00:00:12.119000","2026-01-04T00:00:12.119000","695939a556b8082002a35a69","renukajackson1@gmail.com","false"
"","false","true","Product","Obagi Rebalance","Obagi Rebalance treatment","[""Obagi""]","false","[{""tier_name"":""Single"",""price"":115,""sessions"":1}]","active","6959ad8c4265bd7be96b5fd3","2026-01-04T00:00:12.119000","2026-01-04T00:00:12.119000","695939a556b8082002a35a69","renukajackson1@gmail.com","false"
"","false","true","Product","Obagi Hydro-Drops Eyes","Obagi Hydro-Drops for eyes","[""Obagi""]","false","[{""tier_name"":""Single"",""price"":75,""sessions"":1}]","active","6959ad8c4265bd7be96b5fd4","2026-01-04T00:00:12.119000","2026-01-04T00:00:12.119000","695939a556b8082002a35a69","renukajackson1@gmail.com","false"
"","false","true","Product","Obagi Nu-Derm Travel Gentle Cleanser","Obagi Nu-Derm gentle cleanser travel size","[""Obagi""]","false","[{""tier_name"":""Single"",""price"":19,""sessions"":1}]","active","6959ad8c4265bd7be96b5fd1","2026-01-04T00:00:12.119000","2026-01-04T00:00:12.119000","695939a556b8082002a35a69","renukajackson1@gmail.com","false"
"","false","true","Product","Obagi Professional C 15%","Obagi Professional C serum 15%","[""Obagi""]","false","[{""tier_name"":""Single"",""price"":125,""sessions"":1}]","active","6959ad8c4265bd7be96b5fbe","2026-01-04T00:00:12.119000","2026-01-04T00:00:12.119000","695939a556b8082002a35a69","renukajackson1@gmail.com","false"
"","false","false","Product","Obagi Tretinoin 0.1%","Obagi Tretinoin 0.1%","[""Obagi""]","false","[{""tier_name"":""Single"",""price"":105,""sessions"":1}]","active","6959ad8c4265bd7be96b5fb7","2026-01-04T00:00:12.119000","2026-01-04T00:00:12.119000","695939a556b8082002a35a69","renukajackson1@gmail.com","false"
"","false","true","Product","Obagi Nu-Derm Travel Foaming Gel","Obagi Nu-Derm foaming gel travel size","[""Obagi""]","false","[{""tier_name"":""Single"",""price"":19,""sessions"":1}]","active","6959ad8c4265bd7be96b5fd0","2026-01-04T00:00:12.119000","2026-01-04T00:00:12.119000","695939a556b8082002a35a69","renukajackson1@gmail.com","false"
"","false","true","Product","Obagi Elastiderm Eye Serum","Obagi Elastiderm eye serum","[""Obagi""]","false","[{""tier_name"":""Single"",""price"":125,""sessions"":1}]","active","6959ad8c4265bd7be96b5fb9","2026-01-04T00:00:12.119000","2026-01-04T00:00:12.119000","695939a556b8082002a35a69","renukajackson1@gmail.com","false"
"","false","true","Product","Obagi Elastiderm Lift & Sculpt","Obagi Elastiderm lift and sculpt treatment","[""Obagi""]","false","[{""tier_name"":""Single"",""price"":135,""sessions"":1}]","active","6959ad8c4265bd7be96b5fbc","2026-01-04T00:00:12.119000","2026-01-04T00:00:12.119000","695939a556b8082002a35a69","renukajackson1@gmail.com","false"
"","false","true","Product","Obagi-C Balancing Toner","Obagi-C balancing toner","[""Obagi""]","false","[{""tier_name"":""Single"",""price"":49,""sessions"":1}]","active","6959ad8c4265bd7be96b5fc4","2026-01-04T00:00:12.119000","2026-01-04T00:00:12.119000","695939a556b8082002a35a69","renukajackson1@gmail.com","false"
"","false","false","Product","Obagi Tretinoin 0.05%","Obagi Tretinoin 0.05%","[""Obagi""]","false","[{""tier_name"":""Single"",""price"":95,""sessions"":1}]","active","6959ad8c4265bd7be96b5fb6","2026-01-04T00:00:12.119000","2026-01-04T00:00:12.119000","695939a556b8082002a35a69","renukajackson1@gmail.com","false"
"","false","true","Product","Obagi Elastiderm Facial Serum","Obagi Elastiderm facial serum","[""Obagi""]","false","[{""tier_name"":""Single"",""price"":215,""sessions"":1}]","active","6959ad8c4265bd7be96b5fb8","2026-01-04T00:00:12.119000","2026-01-04T00:00:12.119000","695939a556b8082002a35a69","renukajackson1@gmail.com","false"
"","false","true","Product","Obagi Professional C 20%","Obagi Professional C serum 20%","[""Obagi""]","false","[{""tier_name"":""Single"",""price"":150,""sessions"":1}]","active","6959ad8c4265bd7be96b5fbf","2026-01-04T00:00:12.119000","2026-01-04T00:00:12.119000","695939a556b8082002a35a69","renukajackson1@gmail.com","false"
"","false","true","Product","Obagi Professional C 10%","Obagi Professional C serum 10%","[""Obagi""]","false","[{""tier_name"":""Single"",""price"":110,""sessions"":1}]","active","6959ad8c4265bd7be96b5fbd","2026-01-04T00:00:12.119000","2026-01-04T00:00:12.119000","695939a556b8082002a35a69","renukajackson1@gmail.com","false"
"","false","true","Product","Obagi C-Clarifying Serum","Obagi C clarifying serum","[""Obagi""]","false","[{""tier_name"":""Single"",""price"":148,""sessions"":1}]","active","6959ad8c4265bd7be96b5fc3","2026-01-04T00:00:12.119000","2026-01-04T00:00:12.119000","695939a556b8082002a35a69","renukajackson1@gmail.com","false"
"","false","false","Product","Obagi Tretinoin 0.025%","Obagi Tretinoin 0.025%","[""Obagi""]","false","[{""tier_name"":""Single"",""price"":88,""sessions"":1}]","active","6959ad8c4265bd7be96b5fb5","2026-01-04T00:00:12.119000","2026-01-04T00:00:12.119000","695939a556b8082002a35a69","renukajackson1@gmail.com","false"
"","false","true","Product","Obagi Sunshield Cool","Obagi Sunshield cool sunscreen","[""Obagi""]","false","[{""tier_name"":""Single"",""price"":59,""sessions"":1}]","active","6959ad8c4265bd7be96b5fc8","2026-01-04T00:00:12.119000","2026-01-04T00:00:12.119000","695939a556b8082002a35a69","renukajackson1@gmail.com","false"
"","false","false","Product","Obagi Nu-Derm Blender","Obagi Nu-Derm Blender","[""Obagi""]","false","[{""tier_name"":""Single"",""price"":135,""sessions"":1}]","active","6959ad8c4265bd7be96b5fcf","2026-01-04T00:00:12.119000","2026-01-04T00:00:12.119000","695939a556b8082002a35a69","renukajackson1@gmail.com","false"
"","false","true","Product","Obagi Sunshield Matte","Obagi Sunshield matte sunscreen","[""Obagi""]","false","[{""tier_name"":""Single"",""price"":59,""sessions"":1}]","active","6959ad8c4265bd7be96b5fc7","2026-01-04T00:00:12.119000","2026-01-04T00:00:12.119000","695939a556b8082002a35a69","renukajackson1@gmail.com","false"
"","false","true","Product","Obagi Hydrate Luxe","Obagi Hydrate Luxe moisturizer","[""Obagi""]","false","[{""tier_name"":""Single"",""price"":80,""sessions"":1}]","active","6959ad8c4265bd7be96b5fc6","2026-01-04T00:00:12.119000","2026-01-04T00:00:12.119000","695939a556b8082002a35a69","renukajackson1@gmail.com","false"
"","false","true","Product","Obagi Nu-Derm Exfoderm","Obagi Nu-Derm Exfoderm exfoliant","[""Obagi""]","false","[{""tier_name"":""Single"",""price"":95,""sessions"":1}]","active","6959ad8c4265bd7be96b5fce","2026-01-04T00:00:12.119000","2026-01-04T00:00:12.119000","695939a556b8082002a35a69","renukajackson1@gmail.com","false"
"","false","true","Product","Obagi Clenziderm Pore Therapy","Obagi Clenziderm pore therapy","[""Obagi""]","false","[{""tier_name"":""Single"",""price"":49,""sessions"":1}]","active","6959ad8c4265bd7be96b5fc0","2026-01-04T00:00:12.119000","2026-01-04T00:00:12.119000","695939a556b8082002a35a69","renukajackson1@gmail.com","false"
"","false","false","Product","Obagi Nu-Derm Clear","Obagi Nu-Derm Clear","[""Obagi""]","false","[{""tier_name"":""Single"",""price"":135,""sessions"":1}]","active","6959ad8c4265bd7be96b5fcd","2026-01-04T00:00:12.119000","2026-01-04T00:00:12.119000","695939a556b8082002a35a69","renukajackson1@gmail.com","false"
"[]","false","true","Product"," Noon Experience Kit","Noon starter kit","[""Noon""]","false","[{""tier_name"":""Single"",""price"":99,""sessions"":1,""unit_type"":""sessions""}]","active","6959abd087169ceb3249781a","2026-01-03T23:52:48.746000","2026-01-04T04:37:45.628000","695939a556b8082002a35a69","renukajackson1@gmail.com","false"
"[]","false","true","Product","Noon Igloo Moist","Noon moisturizer","[""Noon""]","false","[{""tier_name"":""Single"",""price"":64,""sessions"":1,""unit_type"":""sessions""}]","active","6959abd087169ceb32497802","2026-01-03T23:52:48.745000","2026-01-04T04:42:30.592000","695939a556b8082002a35a69","renukajackson1@gmail.com","false"
"[]","false","true","Product","Noon In-Depth Filler Cream","Noon filler cream","[""Noon""]","false","[{""tier_name"":""Single"",""price"":108,""sessions"":1,""unit_type"":""sessions""}]","active","6959abd087169ceb324977fa","2026-01-03T23:52:48.745000","2026-01-04T04:40:14.609000","695939a556b8082002a35a69","renukajackson1@gmail.com","false"
"[]","false","true","Product","Noon Double Fight","Noon targeted treatment","[""Noon""]","false","[{""tier_name"":""Single"",""price"":148,""sessions"":1,""unit_type"":""sessions""}]","active","6959abd087169ceb32497806","2026-01-03T23:52:48.745000","2026-01-04T04:42:55.100000","695939a556b8082002a35a69","renukajackson1@gmail.com","false"
"[]","false","true","Product","Noon Lacto Ceramide -15","Noon treatment","[""Noon""]","false","[{""tier_name"":""Single"",""price"":118,""sessions"":1,""unit_type"":""sessions""}]","active","6959abd087169ceb324977fc","2026-01-03T23:52:48.745000","2026-01-04T04:41:02.672000","695939a556b8082002a35a69","renukajackson1@gmail.com","false"
"[]","false","true","Product","Noon Lift/Whitening Ampoule","Noon ampoule","[""Noon""]","false","[{""tier_name"":""Single"",""price"":58,""sessions"":1,""unit_type"":""sessions""}]","active","6959abd087169ceb32497815","2026-01-03T23:52:48.745000","2026-01-04T04:44:06.503000","695939a556b8082002a35a69","renukajackson1@gmail.com","false"
"[]","false","true","Product","Noon Brush/Go Oily Skin Tone 1","Noon sun protector","[""Noon""]","false","[{""tier_name"":""Single"",""price"":69,""sessions"":1,""unit_type"":""sessions""}]","active","6959abd087169ceb32497810","2026-01-03T23:52:48.745000","2026-01-04T04:45:04.795000","695939a556b8082002a35a69","renukajackson1@gmail.com","false"
"[]","false","true","Product","Noon Restart Serum Refill","Noon serum refill","[""Noon""]","false","[{""tier_name"":""Single"",""price"":138,""sessions"":1,""unit_type"":""sessions""}]","active","6959abd087169ceb324977f8","2026-01-03T23:52:48.745000","2026-01-04T04:39:19.848000","695939a556b8082002a35a69","renukajackson1@gmail.com","false"
"[]","false","true","Product","Noon Refill Oily Brush/Go Tone 2","Noon sun protector refill","[""Noon""]","false","[{""tier_name"":""Single"",""price"":65,""sessions"":1,""unit_type"":""sessions""}]","active","6959abd087169ceb32497813","2026-01-03T23:52:48.745000","2026-01-04T04:44:35.345000","695939a556b8082002a35a69","renukajackson1@gmail.com","false"
"[]","false","true","Product","Noon Retinol 0.3","Noon retinol","[""Noon""]","false","[{""tier_name"":""Single"",""price"":99,""sessions"":1,""unit_type"":""sessions""}]","active","6959abd087169ceb32497803","2026-01-03T23:52:48.745000","2026-01-04T04:42:36.781000","695939a556b8082002a35a69","renukajackson1@gmail.com","false"
"[]","false","true","Product","Noon Brush/Go All Skin Tone 2","Noon sun protector","[""Noon""]","false","[{""tier_name"":""Single"",""price"":69,""sessions"":1,""unit_type"":""sessions""}]","active","6959abd087169ceb3249780d","2026-01-03T23:52:48.745000","2026-01-04T04:45:10.820000","695939a556b8082002a35a69","renukajackson1@gmail.com","false"
"[]","false","true","Product","Noon OMG Cream","Noon treatment","[""Noon""]","false","[{""tier_name"":""Single"",""price"":128,""sessions"":1,""unit_type"":""sessions""}]","active","6959abd087169ceb32497800","2026-01-03T23:52:48.745000","2026-01-04T04:42:15.684000","695939a556b8082002a35a69","renukajackson1@gmail.com","false"
"[]","false","true","Product","Noon Retinol 1.0","Noon retinol","[""Noon""]","false","[{""tier_name"":""Single"",""price"":109,""sessions"":1,""unit_type"":""sessions""}]","active","6959abd087169ceb32497804","2026-01-03T23:52:48.745000","2026-01-04T04:42:43.041000","695939a556b8082002a35a69","renukajackson1@gmail.com","false"
"[]","false","true","Product","Noon Brush/Go All Skin Tone 1","Noon sun protector","[""Noon""]","false","[{""tier_name"":""Single"",""price"":69,""sessions"":1,""unit_type"":""sessions""}]","active","6959abd087169ceb3249780c","2026-01-03T23:52:48.745000","2026-01-04T04:43:41.444000","695939a556b8082002a35a69","renukajackson1@gmail.com","false"
"[]","false","true","Product","Noon Restart Serum","Noon serum","[""Noon""]","false","[{""tier_name"":""Single"",""price"":158,""sessions"":1,""unit_type"":""sessions""}]","active","6959abd087169ceb324977f7","2026-01-03T23:52:48.745000","2026-01-04T04:39:12.943000","695939a556b8082002a35a69","renukajackson1@gmail.com","false"
"[]","false","true","Product","Noon Lacto 10","Noon treatment","[""Noon""]","false","[{""tier_name"":""Single"",""price"":69,""sessions"":1,""unit_type"":""sessions""}]","active","6959abd087169ceb324977fb","2026-01-03T23:52:48.745000","2026-01-04T04:40:55.618000","695939a556b8082002a35a69","renukajackson1@gmail.com","false"
"[]","false","true","Product","Noon Mediclay Mask","Noon mask","[""Noon""]","false","[{""tier_name"":""Single"",""price"":68,""sessions"":1,""unit_type"":""sessions""}]","active","6959abd087169ceb32497809","2026-01-03T23:52:48.745000","2026-01-04T04:43:20.003000","695939a556b8082002a35a69","renukajackson1@gmail.com","false"
"[]","false","true","Product","Noon Triolift Mask","Noon mask","[""Noon""]","false","[{""tier_name"":""Single"",""price"":78,""sessions"":1,""unit_type"":""sessions""}]","active","6959abd087169ceb3249780a","2026-01-03T23:52:48.745000","2026-01-04T04:43:27.099000","695939a556b8082002a35a69","renukajackson1@gmail.com","false"
"[]","false","true","Product","Noon Refill Oily Brush/Go Tone 1","Noon sun protector refill","[""Noon""]","false","[{""tier_name"":""Single"",""price"":65,""sessions"":1,""unit_type"":""sessions""}]","active","6959abd087169ceb32497812","2026-01-03T23:52:48.745000","2026-01-04T04:44:52.621000","695939a556b8082002a35a69","renukajackson1@gmail.com","false"
"[]","false","true","Product","Noon Refill All Skin Brush/Go Tone 2","Noon sun protector refill","[""Noon""]","false","[{""tier_name"":""Single"",""price"":65,""sessions"":1,""unit_type"":""sessions""}]","active","6959abd087169ceb3249780f","2026-01-03T23:52:48.745000","2026-01-04T04:44:58.904000","695939a556b8082002a35a69","renukajackson1@gmail.com","false"
"[]","false","true","Product","Noon Halo-Ronic Serum","Noon serum","[""Noon""]","false","[{""tier_name"":""Single"",""price"":118,""sessions"":1,""unit_type"":""sessions""}]","active","6959abd087169ceb324977f9","2026-01-03T23:52:48.745000","2026-01-04T04:40:36.213000","695939a556b8082002a35a69","renukajackson1@gmail.com","false"
"[]","false","true","Product","Noon Hydrocalming Ampoule","Noon ampoule","[""Noon""]","false","[{""tier_name"":""Single"",""price"":58,""sessions"":1,""unit_type"":""sessions""}]","active","6959abd087169ceb32497816","2026-01-03T23:52:48.745000","2026-01-04T04:44:13.201000","695939a556b8082002a35a69","renukajackson1@gmail.com","false"
"[]","false","true","Product","Noon Acno Complex Ampoule","Noon ampoule","[""Noon""]","false","[{""tier_name"":""Single"",""price"":58,""sessions"":1,""unit_type"":""sessions""}]","active","6959abd087169ceb32497814","2026-01-03T23:52:48.745000","2026-01-04T04:44:40.984000","695939a556b8082002a35a69","renukajackson1@gmail.com","false"
"[]","false","true","Product","Noon Igloo Mask","Noon mask","[""Noon""]","false","[{""tier_name"":""Single"",""price"":68,""sessions"":1,""unit_type"":""sessions""}]","active","6959abd087169ceb32497808","2026-01-03T23:52:48.745000","2026-01-04T04:43:09.607000","695939a556b8082002a35a69","renukajackson1@gmail.com","false"
"[]","false","true","Product"," Noon Acne Solution","Noon treatment","[""Noon""]","false","[{""tier_name"":""Single"",""price"":76,""sessions"":1,""unit_type"":""sessions""}]","active","6959abd087169ceb324977fe","2026-01-03T23:52:48.745000","2026-01-04T04:41:55.934000","695939a556b8082002a35a69","renukajackson1@gmail.com","false"
"[]","false","true","Product","Noon Retinol 1.6","Noon retinol","[""Noon""]","false","[{""tier_name"":""Single"",""price"":119,""sessions"":1,""unit_type"":""sessions""}]","active","6959abd087169ceb32497805","2026-01-03T23:52:48.745000","2026-01-04T04:42:49.263000","695939a556b8082002a35a69","renukajackson1@gmail.com","false"
"[]","false","true","Product","Noon Therapeutic Hydrogel","Noon treatment","[""Noon""]","false","[{""tier_name"":""Single"",""price"":76,""sessions"":1,""unit_type"":""sessions""}]","active","6959abd087169ceb324977fd","2026-01-03T23:52:48.745000","2026-01-04T04:41:27.261000","695939a556b8082002a35a69","renukajackson1@gmail.com","false"
"[]","false","true","Product","Noon Multivit Sun Protector","Noon sun protector","[""Noon""]","false","[{""tier_name"":""Single"",""price"":69,""sessions"":1,""unit_type"":""sessions""}]","active","6959abd087169ceb3249780b","2026-01-03T23:52:48.745000","2026-01-04T04:43:35.244000","695939a556b8082002a35a69","renukajackson1@gmail.com","false"
"[]","false","true","Product","Noon Refill All Skin Brush/Go Tone 1","Noon sun protector refill","[""Noon""]","false","[{""tier_name"":""Single"",""price"":65,""sessions"":1,""unit_type"":""sessions""}]","active","6959abd087169ceb3249780e","2026-01-03T23:52:48.745000","2026-01-04T04:45:16.544000","695939a556b8082002a35a69","renukajackson1@gmail.com","false"
"[]","false","true","Product","Noon Double White","Noon targeted treatment","[""Noon""]","false","[{""tier_name"":""Single"",""price"":158,""sessions"":1,""unit_type"":""sessions""}]","active","6959abd087169ceb32497807","2026-01-03T23:52:48.745000","2026-01-04T04:43:01.613000","695939a556b8082002a35a69","renukajackson1@gmail.com","false"
"[]","false","true","Product","Noon Brush/Go Oily Skin Tone 2","Noon sun protector","[""Noon""]","false","[{""tier_name"":""Single"",""price"":69,""sessions"":1,""unit_type"":""sessions""}]","active","6959abd087169ceb32497811","2026-01-03T23:52:48.745000","2026-01-04T04:44:47.178000","695939a556b8082002a35a69","renukajackson1@gmail.com","false"
"[]","false","true","Product","Noon Reform Eye Cream","Noon eye cream","[""Noon""]","false","[{""tier_name"":""Single"",""price"":139,""sessions"":1,""unit_type"":""sessions""}]","active","6959abd087169ceb324977f4","2026-01-03T23:52:48.745000","2026-01-04T04:38:56.971000","695939a556b8082002a35a69","renukajackson1@gmail.com","false"
"[]","false","true","Product","Noon SOS Cream","Noon treatment","[""Noon""]","false","[{""tier_name"":""Single"",""price"":108,""sessions"":1,""unit_type"":""sessions""}]","active","6959abd087169ceb32497801","2026-01-03T23:52:48.745000","2026-01-04T04:42:23.657000","695939a556b8082002a35a69","renukajackson1@gmail.com","false"
"[]","false","true","Product","Noon Benzoazelin Forte","Noon treatment","[""Noon""]","false","[{""tier_name"":""Single"",""price"":118,""sessions"":1,""unit_type"":""sessions""}]","active","6959abd087169ceb324977ff","2026-01-03T23:52:48.745000","2026-01-04T04:42:07.589000","695939a556b8082002a35a69","renukajackson1@gmail.com","false"
"[]","false","false","Procedure","Noon J Peel Delicate","Noon facial peel J Peel Delicate. Add dermaplaning for $75 per peel. Add additional peel layers for $20 (for thicker skin)","[""Peels/Facials"",""Noon""]","false","[{""tier_name"":""Single Peel"",""price"":250,""sessions"":1,""unit_type"":""sessions""},{""tier_name"":""Package of 3"",""price"":650,""sessions"":3,""unit_type"":""sessions""},{""tier_name"":""Package of 7"",""price"":1400,""sessions"":7,""unit_type"":""sessions""}]","active","6959a310dddfe594c7525a59","2026-01-03T23:15:28.529000","2026-01-03T23:34:21.037000","695939a556b8082002a35a69","renukajackson1@gmail.com","false"
"","false","false","Procedure","ViPeel Peels","ViPeel chemical peel treatment","[""Peels/Facials""]","false","[{""tier_name"":""Single Peel"",""price"":400,""sessions"":1},{""tier_name"":""Package of 3"",""price"":950,""sessions"":3}]","active","6959a310dddfe594c7525a52","2026-01-03T23:15:28.529000","2026-01-03T23:15:28.529000","695939a556b8082002a35a69","renukajackson1@gmail.com","false"
"","false","false","Procedure","Microdermabrasion Facial - Face, Neck & Chest","Microdermabrasion facial treatment for face, neck and chest","[""Peels/Facials""]","true","[{""tier_name"":""Single"",""price"":450,""sessions"":1},{""tier_name"":""Package of 3"",""price"":1050,""sessions"":3}]","active","6959a310dddfe594c7525a4a","2026-01-03T23:15:28.529000","2026-01-03T23:15:28.529000","695939a556b8082002a35a69","renukajackson1@gmail.com","false"
"","false","false","Procedure","SkinWave Hydro Facial - Face","Hydrogen facial treatment for face. Add dermaplaning for $75 per treatment","[""Peels/Facials""]","true","[{""tier_name"":""Single"",""price"":195,""sessions"":1},{""tier_name"":""Package of 3"",""price"":510,""sessions"":3},{""tier_name"":""Package of 6"",""price"":900,""sessions"":6}]","active","6959a310dddfe594c7525a4d","2026-01-03T23:15:28.529000","2026-01-03T23:15:28.529000","695939a556b8082002a35a69","renukajackson1@gmail.com","false"
"","false","false","Procedure","SkinWave Hydro Facial - Face, Neck & Chest","Hydrogen facial treatment for face, neck and chest. Add dermaplaning for $75 per treatment","[""Peels/Facials""]","true","[{""tier_name"":""Single"",""price"":350,""sessions"":1},{""tier_name"":""Package of 3"",""price"":900,""sessions"":3},{""tier_name"":""Package of 6"",""price"":1650,""sessions"":6}]","active","6959a310dddfe594c7525a4f","2026-01-03T23:15:28.529000","2026-01-03T23:15:28.529000","695939a556b8082002a35a69","renukajackson1@gmail.com","false"
"","false","false","Procedure","Obagi Radiance Peel","Obagi Radiance chemical peel. Add dermaplaning for $75 per peel","[""Peels/Facials""]","false","[{""tier_name"":""Single Peel"",""price"":150,""sessions"":1},{""tier_name"":""Package of 3"",""price"":375,""sessions"":3},{""tier_name"":""Package of 5"",""price"":550,""sessions"":5}]","active","6959a310dddfe594c7525a57","2026-01-03T23:15:28.529000","2026-01-03T23:15:28.529000","695939a556b8082002a35a69","renukajackson1@gmail.com","false"
"[]","false","false","Procedure","SkinCeuticals Advanced C","SkinCeuticals Advanced C chemical peel","[""Peels/Facials"",""Skinceuticals""]","false","[{""tier_name"":""Single Peel"",""price"":250,""sessions"":1,""unit_type"":""sessions""},{""tier_name"":""Package of 3"",""price"":650,""sessions"":3,""unit_type"":""sessions""},{""tier_name"":""Package of 6"",""price"":1050,""sessions"":6,""unit_type"":""sessions""}]","active","6959a310dddfe594c7525a56","2026-01-03T23:15:28.529000","2026-01-03T23:29:04.092000","695939a556b8082002a35a69","renukajackson1@gmail.com","false"
"[]","false","false","Procedure","SkinCeuticals MicroPeel 20","SkinCeuticals MicroPeel 20 chemical peel","[""Peels/Facials"",""Skinceuticals""]","false","[{""tier_name"":""Single Peel"",""price"":175,""sessions"":1,""unit_type"":""sessions""},{""tier_name"":""Package of 3"",""price"":425,""sessions"":3,""unit_type"":""sessions""},{""tier_name"":""Package of 6"",""price"":750,""sessions"":6,""unit_type"":""sessions""}]","active","6959a310dddfe594c7525a54","2026-01-03T23:15:28.529000","2026-01-03T23:28:37.802000","695939a556b8082002a35a69","renukajackson1@gmail.com","false"
"[]","false","false","Procedure","Noon S Peel 20","Noon facial peel S Peel 20. Includes Subz Cryo Therapy Treatment. Add dermaplaning for $75 per peel. Add additional peel layers for $20 (for thicker skin)","[""Peels/Facials"",""Noon""]","false","[{""tier_name"":""Single Peel"",""price"":350,""sessions"":1,""unit_type"":""sessions""},{""tier_name"":""Package of 3"",""price"":900,""sessions"":3,""unit_type"":""sessions""},{""tier_name"":""Package of 7"",""price"":1750,""sessions"":7,""unit_type"":""sessions""}]","active","6959a310dddfe594c7525a5b","2026-01-03T23:15:28.529000","2026-01-03T23:34:57.675000","695939a556b8082002a35a69","renukajackson1@gmail.com","false"
"","false","false","Procedure","ViPeel Body Peels","ViPeel body chemical peel treatment","[""Peels/Facials""]","false","[{""tier_name"":""Single Peel"",""price"":500,""sessions"":1},{""tier_name"":""Package of 3"",""price"":1200,""sessions"":3}]","active","6959a310dddfe594c7525a53","2026-01-03T23:15:28.529000","2026-01-03T23:15:28.529000","695939a556b8082002a35a69","renukajackson1@gmail.com","false"
"[]","false","false","Procedure","Noon P Peel 20 Nano","Noon facial peel P Peel 20 Nano. Includes Subz Cryo Therapy Treatment. Add dermaplaning for $75 per peel. Add additional peel layers for $20 (for thicker skin)","[""Peels/Facials"",""Noon""]","false","[{""tier_name"":""Single Peel"",""price"":350,""sessions"":1,""unit_type"":""sessions""},{""tier_name"":""Package of 3"",""price"":900,""sessions"":3,""unit_type"":""sessions""},{""tier_name"":""Package of 7"",""price"":1750,""sessions"":7,""unit_type"":""sessions""}]","active","6959a310dddfe594c7525a5c","2026-01-03T23:15:28.529000","2026-01-03T23:35:15.159000","695939a556b8082002a35a69","renukajackson1@gmail.com","false"
"","false","false","Procedure","High Frequency Facial","Standalone high frequency facial treatment","[""Peels/Facials""]","false","[{""tier_name"":""Single"",""price"":125,""sessions"":1},{""tier_name"":""Package of 3"",""price"":300,""sessions"":3}]","active","6959a310dddfe594c7525a4c","2026-01-03T23:15:28.529000","2026-01-03T23:15:28.529000","695939a556b8082002a35a69","renukajackson1@gmail.com","false"
"","false","false","Procedure","SkinWave Hydro Facial - Back","Hydrogen facial treatment for back. Add dermaplaning for $75 per treatment","[""Peels/Facials""]","true","[{""tier_name"":""Single"",""price"":425,""sessions"":1},{""tier_name"":""Package of 3"",""price"":1125,""sessions"":3},{""tier_name"":""Package of 6"",""price"":2100,""sessions"":6}]","active","6959a310dddfe594c7525a50","2026-01-03T23:15:28.529000","2026-01-03T23:15:28.529000","695939a556b8082002a35a69","renukajackson1@gmail.com","false"
"","false","false","Procedure","SkinWave Hydro Facial - Face & Neck","Hydrogen facial treatment for face and neck. Add dermaplaning for $75 per treatment","[""Peels/Facials""]","true","[{""tier_name"":""Single"",""price"":250,""sessions"":1},{""tier_name"":""Package of 3"",""price"":675,""sessions"":3},{""tier_name"":""Package of 6"",""price"":1200,""sessions"":6}]","active","6959a310dddfe594c7525a4e","2026-01-03T23:15:28.529000","2026-01-03T23:15:28.529000","695939a556b8082002a35a69","renukajackson1@gmail.com","false"
"","false","false","Procedure","Add Microderm to Facial or Peel","Add microdermabrasion to existing facial or peel treatment","[""Peels/Facials""]","false","[{""tier_name"":""Per Treatment"",""price"":125,""sessions"":1}]","active","6959a310dddfe594c7525a4b","2026-01-03T23:15:28.529000","2026-01-03T23:15:28.529000","695939a556b8082002a35a69","renukajackson1@gmail.com","false"
"","false","false","Procedure","Microdermabrasion Facial - Face & Neck","Microdermabrasion facial treatment for face and neck","[""Peels/Facials""]","true","[{""tier_name"":""Single"",""price"":400,""sessions"":1},{""tier_name"":""Package of 3"",""price"":900,""sessions"":3}]","active","6959a310dddfe594c7525a49","2026-01-03T23:15:28.529000","2026-01-03T23:15:28.529000","695939a556b8082002a35a69","renukajackson1@gmail.com","false"
"","false","false","Procedure","Bio Repeel Peels","Bio Repeel chemical peel treatment","[""Peels/Facials""]","false","[{""tier_name"":""Single Peel"",""price"":300,""sessions"":1},{""tier_name"":""Package of 3"",""price"":750,""sessions"":3},{""tier_name"":""Package of 5"",""price"":1125,""sessions"":5}]","active","6959a310dddfe594c7525a51","2026-01-03T23:15:28.529000","2026-01-03T23:15:28.529000","695939a556b8082002a35a69","renukajackson1@gmail.com","false"
"[]","false","false","Procedure","Noon P Peel 40 Nano","Noon facial peel P Peel 40 Nano. Includes Subz Cryo Therapy Treatment. Add dermaplaning for $75 per peel. Add additional peel layers for $20 (for thicker skin)","[""Peels/Facials"",""Noon""]","false","[{""tier_name"":""Single Peel"",""price"":350,""sessions"":1,""unit_type"":""sessions""},{""tier_name"":""Package of 3"",""price"":900,""sessions"":3,""unit_type"":""sessions""},{""tier_name"":""Package of 7"",""price"":1750,""sessions"":7,""unit_type"":""sessions""}]","active","6959a310dddfe594c7525a5d","2026-01-03T23:15:28.529000","2026-01-03T23:35:27.683000","695939a556b8082002a35a69","renukajackson1@gmail.com","false"
"[]","false","false","Procedure","Noon G Peel 50 Nano","Noon facial peel G Peel 50 Nano. Add dermaplaning for $75 per peel. Add additional peel layers for $20 (for thicker skin)","[""Peels/Facials"",""Noon""]","false","[{""tier_name"":""Single Peel"",""price"":250,""sessions"":1,""unit_type"":""sessions""},{""tier_name"":""Package of 3"",""price"":650,""sessions"":3,""unit_type"":""sessions""},{""tier_name"":""Package of 7"",""price"":1400,""sessions"":7,""unit_type"":""sessions""}]","active","6959a310dddfe594c7525a5a","2026-01-03T23:15:28.529000","2026-01-03T23:34:46.938000","695939a556b8082002a35a69","renukajackson1@gmail.com","false"
"[]","false","false","Procedure","Noon G Peel 50","Noon facial peel G Peel 50. Add dermaplaning for $75 per peel. Add additional peel layers for $20 (for thicker skin)","[""Peels/Facials"",""Noon""]","false","[{""tier_name"":""Single Peel"",""price"":250,""sessions"":1,""unit_type"":""sessions""},{""tier_name"":""Package of 3"",""price"":650,""sessions"":3,""unit_type"":""sessions""},{""tier_name"":""Package of 7"",""price"":1400,""sessions"":7,""unit_type"":""sessions""}]","active","6959a310dddfe594c7525a58","2026-01-03T23:15:28.529000","2026-01-03T23:34:08.741000","695939a556b8082002a35a69","renukajackson1@gmail.com","false"
"","false","false","Procedure","Microdermabrasion Facial - Face","Microdermabrasion facial treatment for face","[""Peels/Facials""]","true","[{""tier_name"":""Single"",""price"":350,""sessions"":1},{""tier_name"":""Package of 3"",""price"":750,""sessions"":3}]","active","6959a310dddfe594c7525a48","2026-01-03T23:15:28.529000","2026-01-03T23:15:28.529000","695939a556b8082002a35a69","renukajackson1@gmail.com","false"
"[]","false","false","Procedure","SkinCeuticals MicroPeel 30","SkinCeuticals MicroPeel 30 chemical peel","[""Peels/Facials"",""Skinceuticals""]","false","[{""tier_name"":""Single Peel"",""price"":175,""sessions"":1,""unit_type"":""sessions""},{""tier_name"":""Package of 3"",""price"":425,""sessions"":3,""unit_type"":""sessions""},{""tier_name"":""Package of 6"",""price"":750,""sessions"":6,""unit_type"":""sessions""}]","active","6959a310dddfe594c7525a55","2026-01-03T23:15:28.529000","2026-01-03T23:28:48.818000","695939a556b8082002a35a69","renukajackson1@gmail.com","false"
"","false","false","Procedure","Acne Clearing Facial","Acne clearing facial treatment","[""Peels/Facials""]","false","[{""tier_name"":""Single"",""price"":135,""sessions"":1},{""tier_name"":""Package of 3"",""price"":360,""sessions"":3}]","active","6959a2b6df81826147fc4402","2026-01-03T23:13:58.497000","2026-01-03T23:13:58.497000","695939a556b8082002a35a69","renukajackson1@gmail.com","false"
"","false","false","Procedure","LED Red Light Therapy Facial Add-On","LED red light therapy - 15 minutes face","[""Peels/Facials""]","false","[{""tier_name"":""Per Facial"",""price"":35,""sessions"":1}]","active","6959a2b6df81826147fc4406","2026-01-03T23:13:58.497000","2026-01-03T23:13:58.497000","695939a556b8082002a35a69","renukajackson1@gmail.com","false"
"","false","false","Procedure","Ultrasonic Facial Add-On","Ultrasonic facial enhancement (Face)","[""Peels/Facials""]","false","[{""tier_name"":""Per Facial"",""price"":50,""sessions"":1}]","active","6959a2b6df81826147fc4404","2026-01-03T23:13:58.497000","2026-01-03T23:13:58.497000","695939a556b8082002a35a69","renukajackson1@gmail.com","false"
"","false","false","Procedure","Microdermabrasion Facial Add-On","Microdermabrasion facial enhancement (Face)","[""Peels/Facials""]","false","[{""tier_name"":""Per Facial"",""price"":125,""sessions"":1}]","active","6959a2b6df81826147fc4407","2026-01-03T23:13:58.497000","2026-01-03T23:13:58.497000","695939a556b8082002a35a69","renukajackson1@gmail.com","false"
"","false","false","Procedure","Glow Facial","Glow facial treatment","[""Peels/Facials""]","false","[{""tier_name"":""Single"",""price"":135,""sessions"":1},{""tier_name"":""Package of 3"",""price"":360,""sessions"":3}]","active","6959a2b6df81826147fc4401","2026-01-03T23:13:58.497000","2026-01-03T23:13:58.497000","695939a556b8082002a35a69","renukajackson1@gmail.com","false"
"","false","false","Procedure","Anti-Aging Facial","Anti-aging facial treatment","[""Peels/Facials""]","false","[{""tier_name"":""Single"",""price"":135,""sessions"":1},{""tier_name"":""Package of 3"",""price"":360,""sessions"":3}]","active","6959a2b6df81826147fc4403","2026-01-03T23:13:58.497000","2026-01-03T23:13:58.497000","695939a556b8082002a35a69","renukajackson1@gmail.com","false"
"","false","false","Procedure","High Frequency Facial Add-On","High frequency facial enhancement (Face)","[""Peels/Facials""]","false","[{""tier_name"":""Per Facial"",""price"":30,""sessions"":1}]","active","6959a2b6df81826147fc4405","2026-01-03T23:13:58.497000","2026-01-03T23:13:58.497000","695939a556b8082002a35a69","renukajackson1@gmail.com","false"
"","false","false","Procedure","Dermaplaning Facial Add-On","Dermaplaning facial enhancement (Face)","[""Peels/Facials""]","false","[{""tier_name"":""Per Facial"",""price"":75,""sessions"":1}]","active","6959a2b6df81826147fc4408","2026-01-03T23:13:58.497000","2026-01-03T23:13:58.497000","695939a556b8082002a35a69","renukajackson1@gmail.com","false"
"","false","false","Procedure","Dermaplaning Facial","Standalone dermaplaning facial treatment. Can be added to Facial, Microneedling, SkinWave, Microdermabrasion Facial or Chemical Peel for $75 per treatment","[""Peels/Facials""]","false","[{""tier_name"":""Single"",""price"":125,""sessions"":1},{""tier_name"":""Package of 3"",""price"":300,""sessions"":3}]","active","6959a2b6df81826147fc4409","2026-01-03T23:13:58.497000","2026-01-03T23:13:58.497000","695939a556b8082002a35a69","renukajackson1@gmail.com","false"
"","false","false","Procedure","HYPERDILUTE RADIESSE TX","Price is for each syringe of radiesse hyperdiluted. Standard syringe pricing & specials do NOT apply.","[""Injectable Treatments""]","false","[{""tier_name"":""1 Syringe"",""price"":950,""sessions"":1},{""tier_name"":""2 Syringes"",""price"":900,""sessions"":1,""unit_type"":""per syringe""},{""tier_name"":""3 Syringes"",""price"":850,""sessions"":1,""unit_type"":""per syringe""},{""tier_name"":""4 Syringes"",""price"":800,""sessions"":1,""unit_type"":""per syringe""},{""tier_name"":""5-9 Syringes"",""price"":750,""sessions"":1,""unit_type"":""per syringe""},{""tier_name"":""10+ Syringes"",""price"":700,""sessions"":1,""unit_type"":""per syringe""}]","active","6959a28f0ebd8a88e741c518","2026-01-03T23:13:19.959000","2026-01-03T23:13:19.959000","695939a556b8082002a35a69","renukajackson1@gmail.com","false"
"","false","false","Treatment Package","TIRZEPATIDE THERAPY","Tirzepatide therapy for weight loss","[""Weight Loss""]","false","[{""tier_name"":""2.5mg or 5mg weekly dose"",""price"":150,""sessions"":1},{""tier_name"":""7.5mg or 10mg weekly dose"",""price"":200,""sessions"":1},{""tier_name"":""12.5mg or 15mg weekly dose"",""price"":250,""sessions"":1},{""tier_name"":""Initial Visit & Labs & ECG"",""price"":199,""sessions"":1}]","active","6959a24e634866d811371e42","2026-01-03T23:12:14.851000","2026-01-03T23:12:14.851000","695939a556b8082002a35a69","renukajackson1@gmail.com","false"
"","false","false","Treatment Package","SEMAGLUTIDE THERAPY","Semaglutide therapy for weight loss","[""Weight Loss""]","false","[{""tier_name"":""Weekly Injection Combo"",""price"":135,""sessions"":1},{""tier_name"":""Initial Visit & Labs & ECG"",""price"":199,""sessions"":1}]","active","6959a24e634866d811371e41","2026-01-03T23:12:14.851000","2026-01-03T23:12:14.851000","695939a556b8082002a35a69","renukajackson1@gmail.com","false"
"","false","false","Procedure","LIPOPLASTY EXCISION","Surgical excision procedure","[""Procedures""]","false","[{""tier_name"":""Surgical Excision"",""price"":3500,""sessions"":1}]","active","6959a218f650d58aba854da5","2026-01-03T23:11:20.976000","2026-01-03T23:11:20.976000","695939a556b8082002a35a69","renukajackson1@gmail.com","false"
"","false","false","Procedure","HEMORRHOIDECTOMY","Hemorrhoidectomy procedure","[""Procedures""]","false","[{""tier_name"":""Each Session"",""price"":850,""sessions"":1}]","active","6959a218f650d58aba854da6","2026-01-03T23:11:20.976000","2026-01-03T23:11:20.976000","695939a556b8082002a35a69","renukajackson1@gmail.com","false"
"","false","false","Procedure","LABIAPLASTY - MINORA/MAJORA & MINORA","Labiaplasty surgery - Minora/Majora & Minora","[""Procedures""]","false","[{""tier_name"":""Minora"",""price"":3950,""sessions"":1},{""tier_name"":""Majora & Minora"",""price"":4800,""sessions"":1}]","active","6959a1fcff35623db8993153","2026-01-03T23:10:52.530000","2026-01-03T23:10:52.530000","695939a556b8082002a35a69","renukajackson1@gmail.com","false"
"","false","false","Procedure","EARLOBE SURGICAL TEAR REPAIR","Earlobe surgical tear repair","[""Procedures""]","false","[{""tier_name"":""Single Ear"",""price"":700,""sessions"":1},{""tier_name"":""Both Ears"",""price"":1000,""sessions"":1}]","active","6959a1fcff35623db8993150","2026-01-03T23:10:52.530000","2026-01-03T23:10:52.530000","695939a556b8082002a35a69","renukajackson1@gmail.com","false"
"","false","false","Procedure","LABIAPLASTY - MINORA & CLITORAL HOOD","Labiaplasty surgery - Minora & Clitoral Hood","[""Procedures""]","false","[{""tier_name"":""Minora & Clitoral Hood"",""price"":4800,""sessions"":1}]","active","6959a1fcff35623db8993154","2026-01-03T23:10:52.530000","2026-01-03T23:10:52.530000","695939a556b8082002a35a69","renukajackson1@gmail.com","false"
"","false","false","Procedure","PERINEOPLASTY/RECTOCELE","Perineoplasty & Rectocele surgical procedure","[""Procedures""]","false","[{""tier_name"":""Perineoplasty & Rectocele"",""price"":3000,""sessions"":1}]","active","6959a1fcff35623db899314e","2026-01-03T23:10:52.530000","2026-01-03T23:10:52.530000","695939a556b8082002a35a69","renukajackson1@gmail.com","false"
"","false","false","Procedure","VAGINAL REJUVENATION","Vaginal rejuvenation surgery (price may vary)","[""Procedures""]","false","[{""tier_name"":""Starting Price"",""price"":4000,""sessions"":1}]","active","6959a1fcff35623db8993155","2026-01-03T23:10:52.530000","2026-01-03T23:10:52.530000","695939a556b8082002a35a69","renukajackson1@gmail.com","false"
"","false","false","Procedure","EARLOBE REVOLUMIZING","Earlobe revolumizing treatment","[""Procedures""]","false","[{""tier_name"":""Starting Price"",""price"":600,""sessions"":1}]","active","6959a1fcff35623db8993151","2026-01-03T23:10:52.530000","2026-01-03T23:10:52.530000","695939a556b8082002a35a69","renukajackson1@gmail.com","false"
"","false","false","Procedure","EARLOBE SURGICAL RECONTOURING","Earlobe surgical recontouring","[""Procedures""]","false","[{""tier_name"":""Single Ear"",""price"":900,""sessions"":1},{""tier_name"":""Both Ears"",""price"":1500,""sessions"":1}]","active","6959a1fcff35623db8993152","2026-01-03T23:10:52.530000","2026-01-03T23:10:52.530000","695939a556b8082002a35a69","renukajackson1@gmail.com","false"
"","false","false","Procedure","NOVASURE ABLATION","Endometrial ablation procedure","[""Procedures""]","false","[{""tier_name"":""Endometrial Ablation"",""price"":2200,""sessions"":1}]","active","6959a1fcff35623db899314f","2026-01-03T23:10:52.530000","2026-01-03T23:10:52.530000","695939a556b8082002a35a69","renukajackson1@gmail.com","false"
"[]","false","false","Product","_category_Procedures","","[""Procedures""]","false","[{""tier_name"":""N/A"",""price"":0,""sessions"":1}]","inactive","6959a1dc6976bb0c4680b7ed","2026-01-03T23:10:20.343000","2026-01-03T23:10:20.343000","695939a556b8082002a35a69","renukajackson1@gmail.com","false"
"","false","false","Procedure","VAMPIRE BREAST","Vampire Breast treatment","[""PRP/PRF""]","false","[{""tier_name"":""Single Treatment"",""price"":1800,""sessions"":1},{""tier_name"":""3 Treatments"",""price"":3600,""sessions"":3}]","active","6959a19d54c587c37d7cd988","2026-01-03T23:09:17.299000","2026-01-03T23:09:17.299000","695939a556b8082002a35a69","renukajackson1@gmail.com","false"
"","false","false","Procedure","VAMPIRE FACELIFT OR HANDS","Vampire FaceLift or Hands treatment","[""PRP/PRF""]","false","[{""tier_name"":""Single Treatment"",""price"":1500,""sessions"":1},{""tier_name"":""3 Treatments"",""price"":3600,""sessions"":3}]","active","6959a19d54c587c37d7cd985","2026-01-03T23:09:17.299000","2026-01-03T23:09:17.299000","695939a556b8082002a35a69","renukajackson1@gmail.com","false"
"","false","false","Procedure","O SHOT | ORGASM SHOT","O Shot (Orgasm Shot)","[""PRP/PRF""]","false","[{""tier_name"":""Initial Treatment"",""price"":1200,""sessions"":1},{""tier_name"":""2nd Treatment (within 12 months)"",""price"":800,""sessions"":1}]","active","6959a19d54c587c37d7cd989","2026-01-03T23:09:17.299000","2026-01-03T23:09:17.299000","695939a556b8082002a35a69","renukajackson1@gmail.com","false"
"","false","false","Procedure","VAMPIRE LABIA WINGLIFT","Vampire Labia WingLift treatment","[""PRP/PRF""]","false","[{""tier_name"":""Single Treatment"",""price"":1200,""sessions"":1},{""tier_name"":""3 Treatments"",""price"":3000,""sessions"":3}]","active","6959a19d54c587c37d7cd986","2026-01-03T23:09:17.299000","2026-01-03T23:09:17.299000","695939a556b8082002a35a69","renukajackson1@gmail.com","false"
"","false","false","Treatment Package","O SHOT & O SHOT COUPLES","O Shot & O Shot couples package","[""PRP/PRF""]","false","[{""tier_name"":""Couples Package"",""price"":1999,""sessions"":1}]","active","6959a19d54c587c37d7cd98c","2026-01-03T23:09:17.299000","2026-01-03T23:09:17.299000","695939a556b8082002a35a69","renukajackson1@gmail.com","false"
"","false","false","Treatment Package","O SHOT & P SHOT COUPLES","O Shot & P Shot couples package","[""PRP/PRF""]","false","[{""tier_name"":""Couples Package"",""price"":2499,""sessions"":1}]","active","6959a19d54c587c37d7cd98b","2026-01-03T23:09:17.299000","2026-01-03T23:09:17.299000","695939a556b8082002a35a69","renukajackson1@gmail.com","false"
"","false","false","Treatment Package","P SHOT & P SHOT COUPLES","P Shot & P Shot couples package","[""PRP/PRF""]","false","[{""tier_name"":""Couples Package"",""price"":2999,""sessions"":1}]","active","6959a19d54c587c37d7cd98d","2026-01-03T23:09:17.299000","2026-01-03T23:09:17.299000","695939a556b8082002a35a69","renukajackson1@gmail.com","false"
"","false","false","Procedure","VAMPIRE HAIR OR NIPPLE","Vampire Hair or Nipple treatment","[""PRP/PRF""]","false","[{""tier_name"":""Single Treatment"",""price"":1000,""sessions"":1},{""tier_name"":""3 Treatments"",""price"":2400,""sessions"":3}]","active","6959a19d54c587c37d7cd987","2026-01-03T23:09:17.299000","2026-01-03T23:09:17.299000","695939a556b8082002a35a69","renukajackson1@gmail.com","false"
"","false","false","Procedure","P SHOT | PRIAPUS SHOT","P Shot (Priapus Shot)","[""PRP/PRF""]","false","[{""tier_name"":""Initial Treatment"",""price"":1900,""sessions"":1},{""tier_name"":""2nd Treatment (within 12 months)"",""price"":1200,""sessions"":1}]","active","6959a19d54c587c37d7cd98a","2026-01-03T23:09:17.299000","2026-01-03T23:09:17.299000","695939a556b8082002a35a69","renukajackson1@gmail.com","false"
"","false","false","Procedure","VAMPIRE FACIAL + VIRTUERF","Vampire Facial with VirtueRF","[""PRP/PRF""]","false","[{""tier_name"":""Single Treatment"",""price"":1000,""sessions"":1},{""tier_name"":""3 Treatments"",""price"":2400,""sessions"":3}]","active","6959a19d54c587c37d7cd984","2026-01-03T23:09:17.299000","2026-01-03T23:09:17.299000","695939a556b8082002a35a69","renukajackson1@gmail.com","false"
"","false","false","Treatment Package","NAD+ & HGH PEPTIDE THERAPY","NAD+ & HGH peptide therapy","[""Wellness""]","false","[{""tier_name"":""1 Month"",""price"":495,""sessions"":1}]","active","6959a15bbc2bad7d09b9bbe0","2026-01-03T23:08:11.364000","2026-01-03T23:08:11.364000","695939a556b8082002a35a69","renukajackson1@gmail.com","false"
"","false","false","Treatment Package","HGH PEPTIDE THERAPY","HGH peptide therapy","[""Wellness""]","false","[{""tier_name"":""1 Month"",""price"":325,""sessions"":1},{""tier_name"":""3 Month"",""price"":825,""sessions"":3},{""tier_name"":""Initial Consult"",""price"":125,""sessions"":1},{""tier_name"":""Initial Labs (self pay)"",""price"":195,""sessions"":1},{""tier_name"":""Follow Up Labs (self pay)"",""price"":150,""sessions"":1}]","active","6959a15bbc2bad7d09b9bbe1","2026-01-03T23:08:11.364000","2026-01-03T23:08:11.364000","695939a556b8082002a35a69","renukajackson1@gmail.com","false"
"","false","false","Procedure","TCA MEDICAL PEEL","TCA medical peel treatment","[""Peels/Facials""]","true","[{""tier_name"":""1 Area"",""price"":1000,""sessions"":1},{""tier_name"":""Additional Area"",""price"":250,""sessions"":1}]","active","6959a0565e6dc768ae3431e9","2026-01-03T23:03:50.324000","2026-01-03T23:03:50.324000","695939a556b8082002a35a69","renukajackson1@gmail.com","false"
"[]","false","false","Product","_category_Peels/Facials","","[""Peels/Facials""]","false","[{""tier_name"":""N/A"",""price"":0,""sessions"":1}]","inactive","6959a02c8658257b44cf5792","2026-01-03T23:03:08.753000","2026-01-03T23:03:08.753000","695939a556b8082002a35a69","renukajackson1@gmail.com","false"
"","false","false","Procedure","HORMONE PELLET THERAPY","Hormone pellet insertion therapy","[""Hormone Therapy""]","false","[{""tier_name"":""Pellets & Insertion"",""price"":425,""sessions"":1},{""tier_name"":""Initial Labs (self pay)"",""price"":250,""sessions"":1},{""tier_name"":""Follow Up Labs (self pay)"",""price"":198,""sessions"":1}]","active","69599fee038ff1d2f6fd3840","2026-01-03T23:02:06.139000","2026-01-03T23:02:06.139000","695939a556b8082002a35a69","renukajackson1@gmail.com","false"
"","false","false","Procedure","HORMONE MICRODOSE SHOT THERAPY","Hormone microdose shot therapy","[""Hormone Therapy""]","false","[{""tier_name"":""1x Weekly"",""price"":39.95,""sessions"":1},{""tier_name"":""2x Weekly"",""price"":49.95,""sessions"":1},{""tier_name"":""Initial Labs (self pay)"",""price"":250,""sessions"":1},{""tier_name"":""Follow Up Labs (self pay)"",""price"":198,""sessions"":1}]","active","69599fee038ff1d2f6fd3841","2026-01-03T23:02:06.139000","2026-01-03T23:02:06.139000","695939a556b8082002a35a69","renukajackson1@gmail.com","false"
"","false","false","Procedure","ACOUSTIC WAVE THERAPY","Acoustic wave therapy for men's health","[""Mens Health""]","false","[{""tier_name"":""1 Treatment"",""price"":450,""sessions"":1},{""tier_name"":""6 Treatments"",""price"":2400,""sessions"":6},{""tier_name"":""12 Treatments"",""price"":4400,""sessions"":12},{""tier_name"":""6 Txs + 1 P Shot"",""price"":3900,""sessions"":1},{""tier_name"":""12 Txs + 2 P Shots"",""price"":7400,""sessions"":1}]","active","69599f3737576a65dcfe1b94","2026-01-03T22:59:03.092000","2026-01-03T22:59:03.092000","695939a556b8082002a35a69","renukajackson1@gmail.com","false"
"","false","false","Procedure","TESTOSTERONE INJECTIONS","100mg or 200mg testosterone injections","[""Mens Health""]","false","[{""tier_name"":""Per Injection"",""price"":39.95,""sessions"":1}]","active","69599f3737576a65dcfe1b95","2026-01-03T22:59:03.092000","2026-01-03T22:59:03.092000","695939a556b8082002a35a69","renukajackson1@gmail.com","false"
"","false","false","Procedure","TESTOSTERONE PELLET THERAPY","Testosterone pellet insertion therapy","[""Mens Health""]","false","[{""tier_name"":""Pellets & Insertion"",""price"":750,""sessions"":1},{""tier_name"":""Initial Labs (self pay)"",""price"":225,""sessions"":1},{""tier_name"":""Follow Up Labs (self pay)"",""price"":150,""sessions"":1}]","active","69599f3737576a65dcfe1b96","2026-01-03T22:59:03.092000","2026-01-03T22:59:03.092000","695939a556b8082002a35a69","renukajackson1@gmail.com","false"
"","false","false","Procedure","PENILE GIRTH ENHANCEMENT - Restylane","Penile girth enhancement using Restylane filler","[""Injectable Treatments"",""Mens Health""]","false","[{""tier_name"":""1 Syringe"",""price"":800,""sessions"":1},{""tier_name"":""4 Syringes"",""price"":2950,""sessions"":1},{""tier_name"":""6 Syringes"",""price"":4350,""sessions"":1},{""tier_name"":""8 Syringes"",""price"":5700,""sessions"":1},{""tier_name"":""10 Syringes"",""price"":6900,""sessions"":1},{""tier_name"":""12 Syringes"",""price"":7800,""sessions"":1},{""tier_name"":""15 Syringes"",""price"":9500,""sessions"":1}]","active","69599edeedc329946eb29d7f","2026-01-03T22:57:34.810000","2026-01-03T22:57:34.810000","695939a556b8082002a35a69","renukajackson1@gmail.com","false"
"","false","false","Procedure","PENILE GIRTH ENHANCEMENT - Juvederm","Penile girth enhancement using Juvederm filler","[""Injectable Treatments"",""Mens Health""]","false","[{""tier_name"":""1 Syringe"",""price"":850,""sessions"":1},{""tier_name"":""4 Syringes"",""price"":3300,""sessions"":1},{""tier_name"":""6 Syringes"",""price"":4800,""sessions"":1},{""tier_name"":""8 Syringes"",""price"":6200,""sessions"":1},{""tier_name"":""10 Syringes"",""price"":7500,""sessions"":1},{""tier_name"":""12 Syringes"",""price"":8900,""sessions"":1},{""tier_name"":""15 Syringes"",""price"":10500,""sessions"":1}]","active","69599edeedc329946eb29d80","2026-01-03T22:57:34.810000","2026-01-03T22:57:34.810000","695939a556b8082002a35a69","renukajackson1@gmail.com","false"
"","false","false","Procedure","PDO THREADS | NOVATHREAD","Customized PDO thread lifting treatment","[""Injectable Treatments""]","false","[{""tier_name"":""Customized (Starting)"",""price"":250,""sessions"":1}]","active","69599e8e87f41000c9208879","2026-01-03T22:56:14.572000","2026-01-03T22:56:14.572000","695939a556b8082002a35a69","renukajackson1@gmail.com","false"
"","false","false","Procedure","DERMAL FILLERS - Juvederm Brand","Dermal filler treatment using Juvederm brand","[""Injectable Treatments""]","false","[{""tier_name"":""Per Treatment"",""price"":800,""sessions"":1}]","active","69599e8e87f41000c9208874","2026-01-03T22:56:14.572000","2026-01-03T22:56:14.572000","695939a556b8082002a35a69","renukajackson1@gmail.com","false"
"","false","false","Procedure","SCULPTRA - PLLA INJECTABLE","Poly-L-lactic acid injectable treatment","[""Injectable Treatments""]","false","[{""tier_name"":""1 Vial"",""price"":750,""sessions"":1},{""tier_name"":""4 Vials"",""price"":2800,""sessions"":1},{""tier_name"":""6 Vials"",""price"":4200,""sessions"":1}]","active","69599e8e87f41000c9208877","2026-01-03T22:56:14.572000","2026-01-03T22:56:14.572000","695939a556b8082002a35a69","renukajackson1@gmail.com","false"
"","false","false","Procedure","DYSPORT HYPERHIDROSIS TX","100 unit treatment. Additional units @$12 each, individual dose varies","[""Injectable Treatments""]","false","[{""tier_name"":""100 Unit Treatment"",""price"":1000,""sessions"":1}]","active","69599e8e87f41000c920887b","2026-01-03T22:56:14.572000","2026-01-03T22:56:14.572000","695939a556b8082002a35a69","renukajackson1@gmail.com","false"
"","false","false","Procedure","DERMAL FILLERS - Radiesse Brand","Dermal filler treatment using Radiesse brand","[""Injectable Treatments""]","false","[{""tier_name"":""Per Treatment"",""price"":750,""sessions"":1}]","active","69599e8e87f41000c9208873","2026-01-03T22:56:14.572000","2026-01-03T22:56:14.572000","695939a556b8082002a35a69","renukajackson1@gmail.com","false"
"","false","false","Procedure","DERMAL FILLERS - Restylane Brand","Dermal filler treatment using Restylane brand","[""Injectable Treatments""]","false","[{""tier_name"":""Per Treatment"",""price"":725,""sessions"":1}]","active","69599e8e87f41000c9208872","2026-01-03T22:56:14.572000","2026-01-03T22:56:14.572000","695939a556b8082002a35a69","renukajackson1@gmail.com","false"
"","false","false","Procedure","NEUROMODULATORS - Botox/Juveau/Daxxify","Neuromodulator treatment using Botox, Juveau, or Daxxify","[""Injectable Treatments""]","false","[{""tier_name"":""Per Unit"",""price"":13,""sessions"":1}]","active","69599e8e87f41000c9208876","2026-01-03T22:56:14.572000","2026-01-03T22:56:14.572000","695939a556b8082002a35a69","renukajackson1@gmail.com","false"
"","false","false","Procedure","NEUROMODULATORS - Dysport/Xeomin","Neuromodulator treatment using Dysport or Xeomin","[""Injectable Treatments""]","false","[{""tier_name"":""Per Unit"",""price"":12,""sessions"":1}]","active","69599e8e87f41000c9208875","2026-01-03T22:56:14.572000","2026-01-03T22:56:14.572000","695939a556b8082002a35a69","renukajackson1@gmail.com","false"
"","false","false","Procedure","G SPOT SHOT","Hyaluronic Filler Enhancement","[""Injectable Treatments""]","false","[{""tier_name"":""Per Treatment"",""price"":1000,""sessions"":1}]","active","69599e8e87f41000c920887c","2026-01-03T22:56:14.572000","2026-01-03T22:56:14.572000","695939a556b8082002a35a69","renukajackson1@gmail.com","false"
"","false","false","Procedure","SCLEROTHERAPY","Sclerotherapy treatment for veins","[""Injectable Treatments""]","false","[{""tier_name"":""20 Minutes Session"",""price"":400,""sessions"":1},{""tier_name"":""3 Sessions"",""price"":1000,""sessions"":3}]","active","69599e8e87f41000c920887a","2026-01-03T22:56:14.572000","2026-01-03T22:56:14.572000","695939a556b8082002a35a69","renukajackson1@gmail.com","false"
"","false","false","Procedure","KYBELLA INJECTABLE","Kybella injectable treatment","[""Injectable Treatments""]","false","[{""tier_name"":""Per Vial"",""price"":650,""sessions"":1}]","active","69599e8e87f41000c9208878","2026-01-03T22:56:14.572000","2026-01-03T22:56:14.572000","695939a556b8082002a35a69","renukajackson1@gmail.com","false"
"","false","false","Procedure","LABIAL REVOLUMIZING - Juvederm","Labial revolumizing using Juvederm","[""Injectable Treatments""]","false","[{""tier_name"":""2CC"",""price"":1600,""sessions"":1},{""tier_name"":""3CC"",""price"":2300,""sessions"":1}]","active","69599e8e87f41000c920887e","2026-01-03T22:56:14.572000","2026-01-03T22:56:14.572000","695939a556b8082002a35a69","renukajackson1@gmail.com","false"
"","false","false","Procedure","LABIAL REVOLUMIZING - Restylane","Labial revolumizing using Restylane","[""Injectable Treatments""]","false","[{""tier_name"":""2CC"",""price"":1500,""sessions"":1},{""tier_name"":""3CC"",""price"":2100,""sessions"":1}]","active","69599e8e87f41000c920887d","2026-01-03T22:56:14.572000","2026-01-03T22:56:14.572000","695939a556b8082002a35a69","renukajackson1@gmail.com","false"
"","false","false","Procedure","SWEAT GLAND ABLATION TX PRECISIONTX HYPERHIDROSIS","Sweat gland ablation treatment for hyperhidrosis","[""Laser Treatments""]","false","[{""tier_name"":""1st Treatment"",""price"":2500,""sessions"":1},{""tier_name"":""2nd Treatment"",""price"":1750,""sessions"":1}]","active","69599e1b21ff2ed923b8bb31","2026-01-03T22:54:19.769000","2026-01-03T22:54:19.769000","695939a556b8082002a35a69","renukajackson1@gmail.com","false"
"","false","false","Procedure","EZ GEL PRF + ALBUMIN - Face or Larger Area","We provide individual quotes for other areas & volumes","[""Injectable Treatments""]","true","[{""tier_name"":""Single Treatment"",""price"":1500,""sessions"":1},{""tier_name"":""2 Treatments"",""price"":2500,""sessions"":2},{""tier_name"":""3 Treatments"",""price"":3500,""sessions"":3}]","active","69599dfb96a99005f826ef7a","2026-01-03T22:53:47.669000","2026-01-03T22:53:47.669000","695939a556b8082002a35a69","renukajackson1@gmail.com","false"
"","false","false","Procedure","EZ GEL PRF + ALBUMIN - Eyes or Single Small Area","We provide individual quotes for other areas & volumes","[""Injectable Treatments""]","true","[{""tier_name"":""Single Treatment"",""price"":1000,""sessions"":1},{""tier_name"":""2 Treatments"",""price"":1600,""sessions"":2},{""tier_name"":""3 Treatments"",""price"":2100,""sessions"":3}]","active","69599dfb96a99005f826ef79","2026-01-03T22:53:47.669000","2026-01-03T22:53:47.669000","695939a556b8082002a35a69","renukajackson1@gmail.com","false"
"[""69593d53c98b3add2b7ee770""]","false","false","Procedure","GROWTH & SPOT LASER TX MCL31 DERMABLATE LASER-ABLATION","These 3 Chrome treatments receive 1 NOON AFTERCARE KIT with single treatment or package","[""Laser Treatments""]","true","[{""tier_name"":""1-5 Spots"",""price"":200,""sessions"":1,""unit_type"":""sessions""},{""tier_name"":""6-10 Spots"",""price"":300,""sessions"":1,""unit_type"":""sessions""},{""tier_name"":""11-20 Spots"",""price"":500,""sessions"":1,""unit_type"":""sessions""}]","active","69599daf634866d811371cf7","2026-01-03T22:52:31.433000","2026-01-03T23:36:03.355000","695939a556b8082002a35a69","renukajackson1@gmail.com","false"
"","false","false","Procedure","JULIET/V-LASE INTIMATE LASER - Vaginal","Vaginal (inner) intimate laser treatment","[""Laser Treatments"", ""Gynecology""]","true","[{""tier_name"":""Vaginal (inner) - 1 Tx"",""price"":900,""sessions"":1},{""tier_name"":""Vaginal (inner) - 2 Tx"",""price"":1600,""sessions"":2},{""tier_name"":""Vaginal (inner) - 3 Tx"",""price"":2100,""sessions"":3}]","active","69599d86e9f434c887075e60","2026-01-03T22:51:50.485000","2026-01-03T22:51:50.485000","695939a556b8082002a35a69","renukajackson1@gmail.com","false"
"","false","false","Procedure","JULIET/V-LASE INTIMATE LASER - Labial","Labial (outer) intimate laser treatment","[""Laser Treatments"", ""Gynecology""]","true","[{""tier_name"":""Labial (outer) - 1 Tx"",""price"":500,""sessions"":1},{""tier_name"":""Labial (outer) - 2 Tx"",""price"":900,""sessions"":2},{""tier_name"":""Labial (outer) - 3 Tx"",""price"":1200,""sessions"":3}]","active","69599d86e9f434c887075e61","2026-01-03T22:51:50.485000","2026-01-03T22:51:50.485000","695939a556b8082002a35a69","renukajackson1@gmail.com","false"
"","false","false","Procedure","VIRTUE DEEP RF","Deep RF treatment. DEEP & EXACT come with cream for aftercare. We recommend 3 txs for optimal sweat reduction (Hyperhidrosis).","[""Virtue Microneedling""]","true","[{""tier_name"":""Submental OR Buccal - 1 Tx"",""price"":2500,""sessions"":1},{""tier_name"":""Submental OR Buccal - 3 Tx"",""price"":4000,""sessions"":3},{""tier_name"":""Upper Arms OR Flanks - 1 Tx"",""price"":750,""sessions"":1},{""tier_name"":""Upper Arms OR Flanks - 3 Tx"",""price"":1600,""sessions"":3},{""tier_name"":""Abdomen OR Hips OR Inner/Outer Thighs OR Buttocks - 1 Tx"",""price"":1600,""sessions"":1},{""tier_name"":""Abdomen OR Hips OR Inner/Outer Thighs OR Buttocks - 3 Tx"",""price"":3700,""sessions"":3},{""tier_name"":""Knees OR Love Handles - 1 Tx"",""price"":950,""sessions"":1},{""tier_name"":""Knees OR Love Handles - 3 Tx"",""price"":2200,""sessions"":3},{""tier_name"":""Scars OR Stretch Marks - Starting"",""price"":950,""sessions"":1},{""tier_name"":""Underarm Hyperhidrosis - 1 Tx"",""price"":800,""sessions"":1},{""tier_name"":""Underarm Hyperhidrosis - 3 Tx"",""price"":2100,""sessions"":3}]","active","69599bfa634866d811371c7e","2026-01-03T22:45:14.449000","2026-01-03T22:45:14.449000","695939a556b8082002a35a69","renukajackson1@gmail.com","false"
"","false","false","Procedure","VIRTUE EXACT RF","Peri Orbital Eye treatment. DEEP & EXACT come with cream for aftercare. Ask about all other body areas.","[""Virtue Microneedling""]","true","[{""tier_name"":""Peri Orbital Eye - 1 Tx"",""price"":2250,""sessions"":1},{""tier_name"":""Peri Orbital Eye - 3 Tx"",""price"":3600,""sessions"":3},{""tier_name"":""Bags OR Festoons Submental - 1 Tx"",""price"":1750,""sessions"":1},{""tier_name"":""Bags OR Festoons Submental - 3 Tx"",""price"":2800,""sessions"":3}]","active","69599bfa634866d811371c7d","2026-01-03T22:45:14.449000","2026-01-03T22:45:14.449000","695939a556b8082002a35a69","renukajackson1@gmail.com","false"
"","false","false","Procedure","VIRTUE SMART RF MICRONEEDLING","ONLY VIRTUE SMART RF receives 1 NOON AFTERCARE KIT with single treatment or package. Ask about all other body areas.","[""Virtue Microneedling""]","true","[{""tier_name"":""Face OR Neck OR Chest - 1 Tx"",""price"":950,""sessions"":1},{""tier_name"":""Face OR Neck OR Chest - 3 Tx"",""price"":2200,""sessions"":3},{""tier_name"":""Face & Neck - 1 Tx"",""price"":1150,""sessions"":1},{""tier_name"":""Face & Neck - 3 Tx"",""price"":2600,""sessions"":3},{""tier_name"":""Face & Neck & Chest - 1 Tx"",""price"":1350,""sessions"":1},{""tier_name"":""Face & Neck & Chest - 3 Tx"",""price"":3100,""sessions"":3}]","active","69599bfa634866d811371c7c","2026-01-03T22:45:14.449000","2026-01-03T22:45:14.449000","695939a556b8082002a35a69","renukajackson1@gmail.com","false"
"[]","false","false","Product","_category_Virtue Microneedling","","[""Virtue Microneedling""]","false","[{""tier_name"":""N/A"",""price"":0,""sessions"":1}]","inactive","69599bcd1672d63f1bca943a","2026-01-03T22:44:29.572000","2026-01-03T22:44:29.572000","695939a556b8082002a35a69","renukajackson1@gmail.com","false"
"","false","false","Procedure","TETRA FRACTIONAL CO2","Tetra Fractional CO2 laser treatment. Includes Exosomes for each treatment. Receives 1 NOON AFTERCARE KIT. Get quote for other areas.","[""Laser Treatments""]","true","[{""tier_name"":""Face OR Neck OR Chest - 1 Tx"",""price"":2200,""sessions"":1},{""tier_name"":""Face OR Neck OR Chest - 3 Tx"",""price"":2700,""sessions"":3},{""tier_name"":""Face & Neck - 1 Tx"",""price"":2500,""sessions"":1},{""tier_name"":""Face & Neck & Chest - 1 Tx"",""price"":2800,""sessions"":1},{""tier_name"":""Upper & Lower Eyelids - 1 Tx"",""price"":1200,""sessions"":1}]","active","69599aabbf5c4ab80c86695b","2026-01-03T22:39:39.434000","2026-01-03T22:39:39.434000","695939a556b8082002a35a69","renukajackson1@gmail.com","false"
"","false","false","Procedure","COOLPEEL FRACTIONAL CO2","Fractional CO2 laser treatment. Includes Exosomes each treatment. Receives 1 NOON AFTERCARE KIT with single treatment or package. Get quote for other areas.","[""Laser Treatments""]","true","[{""tier_name"":""Face, Neck OR Chest - 1 Tx"",""price"":1200,""sessions"":1},{""tier_name"":""Face, Neck OR Chest - 3 Tx"",""price"":3000,""sessions"":3},{""tier_name"":""Face, Neck OR Chest - 5 Tx"",""price"":4600,""sessions"":5},{""tier_name"":""Face & Neck - 1 Tx"",""price"":1600,""sessions"":1},{""tier_name"":""Face & Neck - 3 Tx"",""price"":3700,""sessions"":3},{""tier_name"":""Face & Neck - 5 Tx"",""price"":5800,""sessions"":5},{""tier_name"":""Face & Neck & Chest - 1 Tx"",""price"":1900,""sessions"":1},{""tier_name"":""Face & Neck & Chest - 3 Tx"",""price"":4300,""sessions"":3},{""tier_name"":""Face & Neck & Chest - 5 Tx"",""price"":6600,""sessions"":5},{""tier_name"":""Upper & Lower Eyelids - 1 Tx"",""price"":900,""sessions"":1},{""tier_name"":""Upper & Lower Eyelids - 3 Tx"",""price"":2100,""sessions"":3},{""tier_name"":""Upper & Lower Eyelids - 5 Tx"",""price"":3000,""sessions"":5}]","active","69599aabbf5c4ab80c86695a","2026-01-03T22:39:39.434000","2026-01-03T22:39:39.434000","695939a556b8082002a35a69","renukajackson1@gmail.com","false"
"","false","false","Procedure","TRILOGY COMBO - VIRTUERF+COOLPEEL+SUBNOVII","Virtue RF + CoolPeel + Subnovii combination. +2 adds 1 more Coolpeel & 1 more Virtue RF. All combos receive 1 NOON AFTERCARE KIT.","[""Laser Treatments""]","true","[{""tier_name"":""Face OR Neck OR Chest - 1 Tx"",""price"":2800,""sessions"":1},{""tier_name"":""Face OR Neck OR Chest - +2 Tx"",""price"":3800,""sessions"":2},{""tier_name"":""Face & Neck - 1 Tx"",""price"":3300,""sessions"":1},{""tier_name"":""Face & Neck - +2 Tx"",""price"":4500,""sessions"":2},{""tier_name"":""Face & Neck & Chest - 1 Tx"",""price"":4000,""sessions"":1},{""tier_name"":""Face & Neck & Chest - +2 Tx"",""price"":5500,""sessions"":2}]","active","695999b81f31c22f3ff2a74d","2026-01-03T22:35:36.206000","2026-01-03T22:35:36.206000","695939a556b8082002a35a69","renukajackson1@gmail.com","false"
"","false","false","Procedure","COLLAGEN COMBO - VIRTUERF+SUBNOVII","Virtue RF + Subnovii combination. All combos receive 1 NOON AFTERCARE KIT.","[""Laser Treatments""]","true","[{""tier_name"":""Mouth OR Jaw OR Tragus"",""price"":1300,""sessions"":1},{""tier_name"":""Forehead OR Crow's Feet OR Brow"",""price"":1600,""sessions"":1},{""tier_name"":""Full Eyes OR Chest OR Neck"",""price"":2400,""sessions"":1},{""tier_name"":""Mouth & Jaw & Neck"",""price"":3400,""sessions"":1},{""tier_name"":""Full Eyes & Face & Neck"",""price"":4500,""sessions"":1}]","active","695999b81f31c22f3ff2a751","2026-01-03T22:35:36.206000","2026-01-03T22:35:36.206000","695939a556b8082002a35a69","renukajackson1@gmail.com","false"
"","false","false","Procedure","ULTIMATE DUO COMBO - VIRTUE RF+COOLPEEL","Virtue RF + CoolPeel combination. Includes Exosomes each treatment. All combos receive 1 NOON AFTERCARE KIT with single treatment or package.","[""Laser Treatments""]","true","[{""tier_name"":""Face OR Neck OR Chest - 1 Tx"",""price"":1900,""sessions"":1},{""tier_name"":""Face OR Neck OR Chest - 3 Tx"",""price"":4750,""sessions"":3},{""tier_name"":""Face & Neck - 1 Tx"",""price"":2150,""sessions"":1},{""tier_name"":""Face & Neck - 3 Tx"",""price"":5500,""sessions"":3},{""tier_name"":""Face & Neck & Chest - 1 Tx"",""price"":2650,""sessions"":1},{""tier_name"":""Face & Neck & Chest - 3 Tx"",""price"":7000,""sessions"":3},{""tier_name"":""Arms OR 1/2 Legs - 1 Tx"",""price"":2900,""sessions"":1},{""tier_name"":""Arms OR 1/2 Legs - 3 Tx"",""price"":7600,""sessions"":3}]","active","695999b81f31c22f3ff2a74b","2026-01-03T22:35:36.206000","2026-01-03T22:35:36.206000","695939a556b8082002a35a69","renukajackson1@gmail.com","false"
"","false","false","Procedure","VIBRANCE COMBO - COOLPEEL+SUBNOVII","CoolPeel + Subnovii combination. All combos receive 1 NOON AFTERCARE KIT.","[""Laser Treatments""]","true","[{""tier_name"":""Mouth OR Jaw OR Tragus"",""price"":1200,""sessions"":1},{""tier_name"":""Forehead OR Crow's Feet OR Brow"",""price"":1500,""sessions"":1},{""tier_name"":""Full Eyes OR Chest OR Neck"",""price"":2300,""sessions"":1},{""tier_name"":""Mouth & Jaw & Neck"",""price"":3300,""sessions"":1},{""tier_name"":""Full Eyes & Face & Neck"",""price"":4300,""sessions"":1}]","active","695999b81f31c22f3ff2a752","2026-01-03T22:35:36.206000","2026-01-03T22:35:36.206000","695939a556b8082002a35a69","renukajackson1@gmail.com","false"
"[]","false","false","Procedure","EYE 360 COMBO - VIRTUE EXACT RF+SUBNOVII","Eye 360 combo gets 1 Subnovii Kit and 1 Exact cream - NO NOON Aftercare Kit ","[""Laser Treatments""]","true","[{""tier_name"":""Full Eye - Upper & Lower"",""price"":3850,""sessions"":1,""unit_type"":""sessions""},{""tier_name"":""Under Eye"",""price"":2850,""sessions"":1,""unit_type"":""sessions""}]","active","695999b81f31c22f3ff2a753","2026-01-03T22:35:36.206000","2026-01-03T22:38:01.584000","695939a556b8082002a35a69","renukajackson1@gmail.com","false"
"","false","false","Procedure","RENEW & REJUVENATE COMBO - SKINWAVE+VIRTUERF+SUBNOVII","Skinwave + Virtue RF + Subnovii combination. Ask about other areas. All combos receive 1 NOON AFTERCARE KIT.","[""Laser Treatments""]","true","[{""tier_name"":""Face OR Neck OR Chest - 1 Tx"",""price"":2300,""sessions"":1},{""tier_name"":""Face OR Neck OR Chest - 3 Tx"",""price"":5500,""sessions"":3},{""tier_name"":""Face & Neck - 1 Tx"",""price"":2500,""sessions"":1},{""tier_name"":""Face & Neck - 3 Tx"",""price"":5900,""sessions"":3},{""tier_name"":""Face & Neck & Chest - 1 Tx"",""price"":2700,""sessions"":1},{""tier_name"":""Face & Neck & Chest - 3 Tx"",""price"":6500,""sessions"":3}]","active","695999b81f31c22f3ff2a750","2026-01-03T22:35:36.206000","2026-01-03T22:35:36.206000","695939a556b8082002a35a69","renukajackson1@gmail.com","false"
"","false","false","Procedure","CLARITY TRIO COMBOS - KINWAVE+VIRTUERF+COOLPEEL","Kinwave + Virtue RF + CoolPeel combination. Ask about other areas. All combos receive 1 NOON AFTERCARE KIT.","[""Laser Treatments""]","true","[{""tier_name"":""Face OR Neck OR Chest - 1 Tx"",""price"":1600,""sessions"":1},{""tier_name"":""Face OR Neck OR Chest - 3 Tx"",""price"":3700,""sessions"":3},{""tier_name"":""Face & Neck - 1 Tx"",""price"":1750,""sessions"":1},{""tier_name"":""Face & Neck - 3 Tx"",""price"":4000,""sessions"":3},{""tier_name"":""Face & Neck & Chest - 1 Tx"",""price"":1900,""sessions"":1},{""tier_name"":""Face & Neck & Chest - 3 Tx"",""price"":4300,""sessions"":3}]","active","695999b81f31c22f3ff2a74c","2026-01-03T22:35:36.206000","2026-01-03T22:35:36.206000","695939a556b8082002a35a69","renukajackson1@gmail.com","false"
"","false","false","Procedure","AWAKEN COMBO - SKINWAVE+COOLPEEL","Skinwave + CoolPeel combination. Ask about other areas. All combos receive 1 NOON AFTERCARE KIT.","[""Laser Treatments""]","true","[{""tier_name"":""Face OR Neck OR Chest - 1 Tx"",""price"":1000,""sessions"":1},{""tier_name"":""Face OR Neck OR Chest - 3 Tx"",""price"":2350,""sessions"":3},{""tier_name"":""Face & Neck - 1 Tx"",""price"":1400,""sessions"":1},{""tier_name"":""Face & Neck - 3 Tx"",""price"":3100,""sessions"":3},{""tier_name"":""Face & Neck & Chest - 1 Tx"",""price"":1700,""sessions"":1},{""tier_name"":""Face & Neck & Chest - 3 Tx"",""price"":3700,""sessions"":3}]","active","695999b81f31c22f3ff2a74f","2026-01-03T22:35:36.206000","2026-01-03T22:35:36.206000","695939a556b8082002a35a69","renukajackson1@gmail.com","false"
"","false","false","Procedure","GLOW H20 COMBO - SKINWAVE+VIRTUERF","Skinwave + Virtue RF combination. Ask about other areas. All combos receive 1 NOON AFTERCARE KIT.","[""Laser Treatments""]","true","[{""tier_name"":""Face OR Neck OR Chest - 1 Tx"",""price"":1050,""sessions"":1},{""tier_name"":""Face OR Neck OR Chest - 3 Tx"",""price"":2500,""sessions"":3},{""tier_name"":""Face & Neck - 1 Tx"",""price"":1150,""sessions"":1},{""tier_name"":""Face & Neck - 3 Tx"",""price"":2700,""sessions"":3},{""tier_name"":""Face & Neck & Chest - 1 Tx"",""price"":1350,""sessions"":1},{""tier_name"":""Face & Neck & Chest - 3 Tx"",""price"":3100,""sessions"":3}]","active","695999b81f31c22f3ff2a74e","2026-01-03T22:35:36.206000","2026-01-03T22:35:36.206000","695939a556b8082002a35a69","renukajackson1@gmail.com","false"
"","false","false","Procedure","MOTUS VL - BROKEN VESSELS & ROSACEA","Broken vessels and rosacea treatment","[""Motus""]","false","[{""tier_name"":""Facial - 1 Tx"",""price"":350,""sessions"":1},{""tier_name"":""Facial - 3 Tx"",""price"":900,""sessions"":3}]","active","695998f0634866d811371b9b","2026-01-03T22:32:16.795000","2026-01-03T22:32:16.795000","695939a556b8082002a35a69","renukajackson1@gmail.com","false"
"","false","false","Procedure","MOTUS AZ+ LASER HAIR REDUCTION","Laser hair reduction treatment","[""Motus""]","true","[{""tier_name"":""Lower Face OR Ears OR Toes - 1 Tx"",""price"":100,""sessions"":1},{""tier_name"":""Lower Face OR Ears OR Toes - 8 Tx"",""price"":650,""sessions"":8},{""tier_name"":""Lower Face OR Ears OR Toes - Additional"",""price"":70,""sessions"":1},{""tier_name"":""Underarms, Neck OR Full Face - 1 Tx"",""price"":150,""sessions"":1},{""tier_name"":""Underarms, Neck OR Full Face - 8 Tx"",""price"":1000,""sessions"":8},{""tier_name"":""Underarms, Neck OR Full Face - Additional"",""price"":100,""sessions"":1},{""tier_name"":""Bikini, Scalp OR Forearms - 1 Tx"",""price"":200,""sessions"":1},{""tier_name"":""Bikini, Scalp OR Forearms - 8 Tx"",""price"":1300,""sessions"":8},{""tier_name"":""Bikini, Scalp OR Forearms - Additional"",""price"":140,""sessions"":1},{""tier_name"":""Brazilian OR Abdomen - 1 Tx"",""price"":250,""sessions"":1},{""tier_name"":""Brazilian OR Abdomen - 8 Tx"",""price"":1700,""sessions"":8},{""tier_name"":""Brazilian OR Abdomen - Additional"",""price"":175,""sessions"":1},{""tier_name"":""1/2 Leg, Arms, Chest OR Back - 1 Tx"",""price"":350,""sessions"":1},{""tier_name"":""1/2 Leg, Arms, Chest OR Back - 8 Tx"",""price"":2400,""sessions"":8},{""tier_name"":""1/2 Leg, Arms, Chest OR Back - Additional"",""price"":240,""sessions"":1},{""tier_name"":""Full Legs - 1 Tx"",""price"":450,""sessions"":1},{""tier_name"":""Full Legs - 8 Tx"",""price"":3000,""sessions"":8},{""tier_name"":""Full Legs - Additional"",""price"":300,""sessions"":1}]","active","695998f0634866d811371b9d","2026-01-03T22:32:16.795000","2026-01-03T22:32:16.795000","695939a556b8082002a35a69","renukajackson1@gmail.com","false"
"","false","false","Procedure","MOTUS SL - SKIN RESURFACING & SCARS","Skin resurfacing and scar treatment","[""Motus""]","true","[{""tier_name"":""Face OR 1 Area - 1 Tx"",""price"":350,""sessions"":1},{""tier_name"":""Face OR 1 Area - 3 Tx"",""price"":900,""sessions"":3}]","active","695998f0634866d811371b9a","2026-01-03T22:32:16.795000","2026-01-03T22:32:16.795000","695939a556b8082002a35a69","renukajackson1@gmail.com","false"
"","false","false","Procedure","MOTUS PL - PIGMENT & BROWN SPOTS","Pigment and brown spots treatment","[""Motus""]","true","[{""tier_name"":""Face OR Neck OR Chest - 1 Tx"",""price"":250,""sessions"":1},{""tier_name"":""Face OR Neck OR Chest - 3 Tx"",""price"":600,""sessions"":3},{""tier_name"":""Face & Neck & Chest - 1 Tx"",""price"":350,""sessions"":1},{""tier_name"":""Face & Neck & Chest - 3 Tx"",""price"":900,""sessions"":3},{""tier_name"":""Arms OR 1/2 Legs OR Back - 1 Tx"",""price"":450,""sessions"":1},{""tier_name"":""Arms OR 1/2 Legs OR Back - 3 Tx"",""price"":1050,""sessions"":3}]","active","695998f0634866d811371b99","2026-01-03T22:32:16.795000","2026-01-03T22:32:16.795000","695939a556b8082002a35a69","renukajackson1@gmail.com","false"
"","false","false","Procedure","MOTUS GLO PHOTO COLLAGEN BOOST","Photo collagen boost treatment","[""Motus""]","true","[{""tier_name"":""Face OR Neck OR Chest - 1 Tx"",""price"":600,""sessions"":1},{""tier_name"":""Face OR Neck OR Chest - 3 Tx"",""price"":1200,""sessions"":3},{""tier_name"":""Face & Neck & Chest - 1 Tx"",""price"":900,""sessions"":1},{""tier_name"":""Face & Neck & Chest - 3 Tx"",""price"":2100,""sessions"":3},{""tier_name"":""1/2 Legs OR Arms OR Back - 1 Tx"",""price"":1200,""sessions"":1},{""tier_name"":""1/2 Legs OR Arms OR Back - 3 Tx"",""price"":3000,""sessions"":3}]","active","695998f0634866d811371b9c","2026-01-03T22:32:16.795000","2026-01-03T22:32:16.795000","695939a556b8082002a35a69","renukajackson1@gmail.com","false"
"","false","false","Procedure","PULSEWAVE CELLULITE","Cellulite reduction treatment","[""Body Sculpting""]","false","[{""tier_name"":""1 Tx"",""price"":350,""sessions"":1},{""tier_name"":""6 Tx"",""price"":1750,""sessions"":6},{""tier_name"":""12 Tx"",""price"":2950,""sessions"":12},{""tier_name"":""18 Tx"",""price"":3950,""sessions"":18},{""tier_name"":""Additional 1 Tx"",""price"":300,""sessions"":1}]","active","695998ab96a99005f826edc5","2026-01-03T22:31:07.797000","2026-01-03T22:31:07.797000","695939a556b8082002a35a69","renukajackson1@gmail.com","false"
"","false","false","Procedure","CELLULAZE LASER TX","Laser cellulite treatment","[""Body Sculpting""]","true","[{""tier_name"":""1st Area"",""price"":5500,""sessions"":1},{""tier_name"":""Add Area"",""price"":2000,""sessions"":1}]","active","695998ab96a99005f826edc6","2026-01-03T22:31:07.797000","2026-01-03T22:31:07.797000","695939a556b8082002a35a69","renukajackson1@gmail.com","false"
"","false","false","Procedure","SMARTLIPO","Laser liposuction procedure","[""Body Sculpting""]","true","[{""tier_name"":""1st Area"",""price"":5000,""sessions"":1},{""tier_name"":""Add Area"",""price"":2000,""sessions"":1}]","active","695998629006dda9f9960472","2026-01-03T22:29:54.210000","2026-01-03T22:29:54.210000","695939a556b8082002a35a69","renukajackson1@gmail.com","false"
"","false","false","Procedure","RENUVION J PLASMA","Plasma skin tightening treatment","[""Body Sculpting""]","true","[{""tier_name"":""1 Area"",""price"":2500,""sessions"":1},{""tier_name"":""Add to Lipo"",""price"":1500,""sessions"":1}]","active","695998629006dda9f9960470","2026-01-03T22:29:54.210000","2026-01-03T22:29:54.210000","695939a556b8082002a35a69","renukajackson1@gmail.com","false"
"","false","false","Procedure","BODYRIGHT/ 5 PHYSIQ 360 + 3 DEEP RF","Combined body sculpting treatment","[""Body Sculpting""]","true","[{""tier_name"":""1 Area"",""price"":5000,""sessions"":1},{""tier_name"":""Add Another Area"",""price"":4000,""sessions"":1}]","active","695998629006dda9f996046f","2026-01-03T22:29:54.210000","2026-01-03T22:29:54.210000","695939a556b8082002a35a69","renukajackson1@gmail.com","false"
"","false","false","Procedure","RF Breast Lift","RF breast lift treatment","[""Body Sculpting""]","false","[{""tier_name"":""2 Treatments"",""price"":4000,""sessions"":2}]","active","695998629006dda9f9960471","2026-01-03T22:29:54.210000","2026-01-03T22:29:54.210000","695939a556b8082002a35a69","renukajackson1@gmail.com","false"
"","false","false","Procedure","PHYSIQ & 360 BODY TONING & SCULPTING","Body toning and sculpting treatment","[""Body Sculpting""]","false","[{""tier_name"":""1 Treatment"",""price"":500,""sessions"":1},{""tier_name"":""5 Tx Initial Series"",""price"":1995,""sessions"":5},{""tier_name"":""Additional 5 Tx"",""price"":1595,""sessions"":5},{""tier_name"":""Additional 12 Tx"",""price"":2995,""sessions"":12},{""tier_name"":""Additional 1 Tx"",""price"":400,""sessions"":1}]","active","695998629006dda9f996046e","2026-01-03T22:29:54.209000","2026-01-03T22:29:54.209000","695939a556b8082002a35a69","renukajackson1@gmail.com","false"
"[]","false","false","Product","_category_Skin Care","","[""Skin Care""]","false","[{""tier_name"":""N/A"",""price"":0,""sessions"":1}]","inactive","695997c6c2c8cb36ebe9275f","2026-01-03T22:27:18.520000","2026-01-03T22:27:18.520000","695939a556b8082002a35a69","renukajackson1@gmail.com","false"
"[]","false","false","Product","_category_Supplements","","[""Supplements""]","false","[{""tier_name"":""N/A"",""price"":0,""sessions"":1}]","inactive","695997c39393b97df42d9a68","2026-01-03T22:27:15.504000","2026-01-03T22:27:15.504000","695939a556b8082002a35a69","renukajackson1@gmail.com","false"
"[]","false","false","Product","_category_Laser Treatments","","[""Laser Treatments""]","false","[{""tier_name"":""N/A"",""price"":0,""sessions"":1}]","inactive","695997c06286f8f65036aeaa","2026-01-03T22:27:12.890000","2026-01-03T22:27:12.890000","695939a556b8082002a35a69","renukajackson1@gmail.com","false"
"[]","false","false","Product","_category_Injectable Treatments","","[""Injectable Treatments""]","false","[{""tier_name"":""N/A"",""price"":0,""sessions"":1}]","inactive","695997be75e1cfc5fa0665f7","2026-01-03T22:27:10.959000","2026-01-03T22:27:10.959000","695939a556b8082002a35a69","renukajackson1@gmail.com","false"
"[]","false","false","Product","_category_Body Sculpting","","[""Body Sculpting""]","false","[{""tier_name"":""N/A"",""price"":0,""sessions"":1}]","inactive","695997bbb7030977f676b6f2","2026-01-03T22:27:07.243000","2026-01-03T22:27:07.243000","695939a556b8082002a35a69","renukajackson1@gmail.com","false"
"[]","false","false","Product","_category_Gynecology","","[""Gynecology""]","false","[{""tier_name"":""N/A"",""price"":0,""sessions"":1}]","inactive","695997b48f40b18fb4253ac2","2026-01-03T22:27:00.602000","2026-01-03T22:27:00.602000","695939a556b8082002a35a69","renukajackson1@gmail.com","false"
"[]","false","false","Product","_category_Elemis","","[""Elemis""]","false","[{""tier_name"":""N/A"",""price"":0,""sessions"":1}]","inactive","6959973ff120c0ea1b94b950","2026-01-03T22:25:03.722000","2026-01-03T22:25:03.722000","695939a556b8082002a35a69","renukajackson1@gmail.com","false"
"[]","false","false","Product","_category_Skinceuticals","","[""Skinceuticals""]","false","[{""tier_name"":""N/A"",""price"":0,""sessions"":1}]","inactive","695997328eba2228cea801e0","2026-01-03T22:24:50.784000","2026-01-03T22:24:50.784000","695939a556b8082002a35a69","renukajackson1@gmail.com","false"
"[]","false","false","Product","_category_Noon","","[""Noon""]","false","[{""tier_name"":""N/A"",""price"":0,""sessions"":1}]","inactive","6959972450b45caa50353cd9","2026-01-03T22:24:36.977000","2026-01-03T22:24:36.977000","695939a556b8082002a35a69","renukajackson1@gmail.com","false"
"[]","false","false","Product","_category_Motus","","[""Motus""]","false","[{""tier_name"":""N/A"",""price"":0,""sessions"":1}]","inactive","6959970fddb50a2ca5f3844e","2026-01-03T22:24:15.168000","2026-01-03T22:24:15.168000","695939a556b8082002a35a69","renukajackson1@gmail.com","false"
"","false","false","Product","UA MACRO MANUAL","Service Code: 0012175","[""Lab Tests""]","false","[{""tier_name"":""Standard"",""price"":1.99,""sessions"":1,""unit_type"":""test""}]","active","69598594b259bfbdcc1726cd","2026-01-03T21:09:40.098000","2026-01-03T21:09:40.098000","695939a556b8082002a35a69","renukajackson1@gmail.com","false"
"","false","false","Product","UA, COMPLETE MANUAL","Service Code: 0012178","[""Lab Tests""]","false","[{""tier_name"":""Standard"",""price"":4.64,""sessions"":1,""unit_type"":""test""}]","active","69598594b259bfbdcc1726cf","2026-01-03T21:09:40.098000","2026-01-03T21:09:40.098000","695939a556b8082002a35a69","renukajackson1@gmail.com","false"
"","false","false","Product","WBC","Service Code: 0000937","[""Lab Tests""]","false","[{""tier_name"":""Standard"",""price"":1.38,""sessions"":1,""unit_type"":""test""}]","active","69598594b259bfbdcc1726dd","2026-01-03T21:09:40.098000","2026-01-03T21:09:40.098000","695939a556b8082002a35a69","renukajackson1@gmail.com","false"
"","false","false","Product","UA,COMP W/RFL CULT","Service Code: 0003020","[""Lab Tests""]","false","[{""tier_name"":""Standard"",""price"":4.75,""sessions"":1,""unit_type"":""test""}]","active","69598594b259bfbdcc1726d2","2026-01-03T21:09:40.098000","2026-01-03T21:09:40.098000","695939a556b8082002a35a69","renukajackson1@gmail.com","false"
"","false","false","Product","URINALYSIS, REFLEX","Service Code: 0007909","[""Lab Tests""]","false","[{""tier_name"":""Standard"",""price"":2.19,""sessions"":1,""unit_type"":""test""}]","active","69598594b259bfbdcc1726da","2026-01-03T21:09:40.098000","2026-01-03T21:09:40.098000","695939a556b8082002a35a69","renukajackson1@gmail.com","false"
"","false","false","Product","UREA NITROGEN (BUN)","Service Code: 0000294","[""Lab Tests""]","false","[{""tier_name"":""Standard"",""price"":6.34,""sessions"":1,""unit_type"":""test""}]","active","69598594b259bfbdcc1726d5","2026-01-03T21:09:40.098000","2026-01-03T21:09:40.098000","695939a556b8082002a35a69","renukajackson1@gmail.com","false"
"","false","false","Product","WBC & DIFF","Service Code: 0007064","[""Lab Tests""]","false","[{""tier_name"":""Standard"",""price"":4.45,""sessions"":1,""unit_type"":""test""}]","active","69598594b259bfbdcc1726de","2026-01-03T21:09:40.098000","2026-01-03T21:09:40.098000","695939a556b8082002a35a69","renukajackson1@gmail.com","false"
"","false","false","Product","VITAMIN B12","Service Code: 0000927","[""Lab Tests""]","false","[{""tier_name"":""Standard"",""price"":11.89,""sessions"":1,""unit_type"":""test""}]","active","69598594b259bfbdcc1726db","2026-01-03T21:09:40.098000","2026-01-03T21:09:40.098000","695939a556b8082002a35a69","renukajackson1@gmail.com","false"
"","false","false","Product","URIC ACID W/O CREAT RAND","Service Code: 0014580","[""Lab Tests""]","false","[{""tier_name"":""Standard"",""price"":43.89,""sessions"":1,""unit_type"":""test""}]","active","69598594b259bfbdcc1726d9","2026-01-03T21:09:40.098000","2026-01-03T21:09:40.098000","695939a556b8082002a35a69","renukajackson1@gmail.com","false"
"","false","false","Product","URIC ACID 24HR (U)","Service Code: 0091177","[""Lab Tests""]","false","[{""tier_name"":""Standard"",""price"":5.87,""sessions"":1,""unit_type"":""test""}]","active","69598594b259bfbdcc1726d8","2026-01-03T21:09:40.098000","2026-01-03T21:09:40.098000","695939a556b8082002a35a69","renukajackson1@gmail.com","false"
"","false","false","Product","VLDL CHOLESTEROL","Service Code: 0000319","[""Lab Tests""]","false","[{""tier_name"":""Standard"",""price"":4.09,""sessions"":1,""unit_type"":""test""}]","active","69598594b259bfbdcc1726dc","2026-01-03T21:09:40.098000","2026-01-03T21:09:40.098000","695939a556b8082002a35a69","renukajackson1@gmail.com","false"
"","false","false","Product","URIC ACID","Service Code: 0000905","[""Lab Tests""]","false","[{""tier_name"":""Standard"",""price"":5.47,""sessions"":1,""unit_type"":""test""}]","active","69598594b259bfbdcc1726d6","2026-01-03T21:09:40.098000","2026-01-03T21:09:40.098000","695939a556b8082002a35a69","renukajackson1@gmail.com","false"
"","false","false","Product","UA, MACROSCOPIC","Service Code: 0006448","[""Lab Tests""]","false","[{""tier_name"":""Standard"",""price"":2.19,""sessions"":1,""unit_type"":""test""}]","active","69598594b259bfbdcc1726d0","2026-01-03T21:09:40.098000","2026-01-03T21:09:40.098000","695939a556b8082002a35a69","renukajackson1@gmail.com","false"
"","false","false","Product","URIC ACID (U)","Service Code: 0091188","[""Lab Tests""]","false","[{""tier_name"":""Standard"",""price"":5.87,""sessions"":1,""unit_type"":""test""}]","active","69598594b259bfbdcc1726d7","2026-01-03T21:09:40.098000","2026-01-03T21:09:40.098000","695939a556b8082002a35a69","renukajackson1@gmail.com","false"
"","false","false","Product","UA MACRO MAN W/RFL","Service Code: 0012176","[""Lab Tests""]","false","[{""tier_name"":""Standard"",""price"":2.14,""sessions"":1,""unit_type"":""test""}]","active","69598594b259bfbdcc1726cc","2026-01-03T21:09:40.098000","2026-01-03T21:09:40.098000","695939a556b8082002a35a69","renukajackson1@gmail.com","false"
"","false","false","Product","UA, MICROSCOPIC","Service Code: 0008563","[""Lab Tests""]","false","[{""tier_name"":""Standard"",""price"":2.57,""sessions"":1,""unit_type"":""test""}]","active","69598594b259bfbdcc1726d1","2026-01-03T21:09:40.098000","2026-01-03T21:09:40.098000","695939a556b8082002a35a69","renukajackson1@gmail.com","false"
"","false","false","Product","UR CULT W/GBS SUSCEP","Service Code: 0091684","[""Lab Tests""]","false","[{""tier_name"":""Standard"",""price"":13.45,""sessions"":1,""unit_type"":""test""}]","active","69598594b259bfbdcc1726d4","2026-01-03T21:09:40.098000","2026-01-03T21:09:40.098000","695939a556b8082002a35a69","renukajackson1@gmail.com","false"
"","false","false","Product","UA,MANUAL W/RFL CUL","Service Code: 0012177","[""Lab Tests""]","false","[{""tier_name"":""Standard"",""price"":4.59,""sessions"":1,""unit_type"":""test""}]","active","69598594b259bfbdcc1726d3","2026-01-03T21:09:40.098000","2026-01-03T21:09:40.098000","695939a556b8082002a35a69","renukajackson1@gmail.com","false"
"","false","false","Product","TSH, PREGNANCY","Service Code: 0090896","[""Lab Tests""]","false","[{""tier_name"":""Standard"",""price"":9.93,""sessions"":1,""unit_type"":""test""}]","active","69598594b259bfbdcc1726cb","2026-01-03T21:09:40.098000","2026-01-03T21:09:40.098000","695939a556b8082002a35a69","renukajackson1@gmail.com","false"
"","false","false","Product","UA, COMPLETE","Service Code: 0005463","[""Lab Tests""]","false","[{""tier_name"":""Standard"",""price"":4.75,""sessions"":1,""unit_type"":""test""}]","active","69598594b259bfbdcc1726ce","2026-01-03T21:09:40.098000","2026-01-03T21:09:40.098000","695939a556b8082002a35a69","renukajackson1@gmail.com","false"
"","false","false","Product","SED RATE MANUAL WEST","Service Code: 0029891","[""Lab Tests""]","false","[{""tier_name"":""Standard"",""price"":3.76,""sessions"":1,""unit_type"":""test""}]","active","6959857ab259bfbdcc1726b2","2026-01-03T21:09:14.655000","2026-01-03T21:09:14.655000","695939a556b8082002a35a69","renukajackson1@gmail.com","false"
"","false","false","Product","SP, MANUAL SCREEN","Service Code: PMS1","[""Lab Tests""]","false","[{""tier_name"":""Standard"",""price"":49.66,""sessions"":1,""unit_type"":""test""}]","active","6959857ab259bfbdcc1726b5","2026-01-03T21:09:14.655000","2026-01-03T21:09:14.655000","695939a556b8082002a35a69","renukajackson1@gmail.com","false"
"","false","false","Product","TSH W/REFL FT4","Service Code: 0036127","[""Lab Tests""]","false","[{""tier_name"":""Standard"",""price"":9.93,""sessions"":1,""unit_type"":""test""}]","active","6959857ab259bfbdcc1726c5","2026-01-03T21:09:14.655000","2026-01-03T21:09:14.655000","695939a556b8082002a35a69","renukajackson1@gmail.com","false"
"","false","false","Product","T-4, FREE","Service Code: 0000866","[""Lab Tests""]","false","[{""tier_name"":""Standard"",""price"":8.56,""sessions"":1,""unit_type"":""test""}]","active","6959857ab259bfbdcc1726bb","2026-01-03T21:09:14.655000","2026-01-03T21:09:14.655000","695939a556b8082002a35a69","renukajackson1@gmail.com","false"
"","false","false","Product","THYROID PEROXID AB","Service Code: 0005081","[""Lab Tests""]","false","[{""tier_name"":""Standard"",""price"":16.05,""sessions"":1,""unit_type"":""test""}]","active","6959857ab259bfbdcc1726bf","2026-01-03T21:09:14.655000","2026-01-03T21:09:14.655000","695939a556b8082002a35a69","renukajackson1@gmail.com","false"
"","false","false","Product","TRIG, PLEURAL FLUID","Service Code: 0017592","[""Lab Tests""]","false","[{""tier_name"":""Standard"",""price"":4.31,""sessions"":1,""unit_type"":""test""}]","active","6959857ab259bfbdcc1726c1","2026-01-03T21:09:14.655000","2026-01-03T21:09:14.655000","695939a556b8082002a35a69","renukajackson1@gmail.com","false"
"","false","false","Product","TSH","Service Code: 0000899","[""Lab Tests""]","false","[{""tier_name"":""Standard"",""price"":9.93,""sessions"":1,""unit_type"":""test""}]","active","6959857ab259bfbdcc1726c4","2026-01-03T21:09:14.655000","2026-01-03T21:09:14.655000","695939a556b8082002a35a69","renukajackson1@gmail.com","false"
"","false","false","Product","TESTOS,FR.DIAL,TOTAL","Service Code: 0036170","[""Lab Tests""]","false","[{""tier_name"":""Standard"",""price"":36.86,""sessions"":1,""unit_type"":""test""}]","active","6959857ab259bfbdcc1726bc","2026-01-03T21:09:14.655000","2026-01-03T21:09:14.655000","695939a556b8082002a35a69","renukajackson1@gmail.com","false"
"","false","false","Product","TRIG, PERITONEAL FL","Service Code: 0017591","[""Lab Tests""]","false","[{""tier_name"":""Standard"",""price"":4.31,""sessions"":1,""unit_type"":""test""}]","active","6959857ab259bfbdcc1726c0","2026-01-03T21:09:14.655000","2026-01-03T21:09:14.655000","695939a556b8082002a35a69","renukajackson1@gmail.com","false"
"","false","false","Product","TESTOSTERONE,MALE,IA","Service Code: 0000873","[""Lab Tests""]","false","[{""tier_name"":""Standard"",""price"":15.54,""sessions"":1,""unit_type"":""test""}]","active","6959857ab259bfbdcc1726be","2026-01-03T21:09:14.655000","2026-01-03T21:09:14.655000","695939a556b8082002a35a69","renukajackson1@gmail.com","false"
"","false","false","Product","SHBG","Service Code: 0030740","[""Lab Tests""]","false","[{""tier_name"":""Standard"",""price"":31.98,""sessions"":1,""unit_type"":""test""}]","active","6959857ab259bfbdcc1726b3","2026-01-03T21:09:14.655000","2026-01-03T21:09:14.655000","695939a556b8082002a35a69","renukajackson1@gmail.com","false"
"","false","false","Product","SODIUM","Service Code: 0000836","[""Lab Tests""]","false","[{""tier_name"":""Standard"",""price"":6.34,""sessions"":1,""unit_type"":""test""}]","active","6959857ab259bfbdcc1726b4","2026-01-03T21:09:14.655000","2026-01-03T21:09:14.655000","695939a556b8082002a35a69","renukajackson1@gmail.com","false"
"","false","false","Product","T-4 (THYROXINE)","Service Code: 0000867","[""Lab Tests""]","false","[{""tier_name"":""Standard"",""price"":4.16,""sessions"":1,""unit_type"":""test""}]","active","6959857ab259bfbdcc1726ba","2026-01-03T21:09:14.655000","2026-01-03T21:09:14.655000","695939a556b8082002a35a69","renukajackson1@gmail.com","false"
"","false","false","Product","TESTOSTERONE, FREE","Service Code: 0018944","[""Lab Tests""]","false","[{""tier_name"":""Standard"",""price"":65.11,""sessions"":1,""unit_type"":""test""}]","active","6959857ab259bfbdcc1726bd","2026-01-03T21:09:14.655000","2026-01-03T21:09:14.655000","695939a556b8082002a35a69","renukajackson1@gmail.com","false"
"","false","false","Product","RUBELLA IMMUNE","Service Code: 0000802","[""Lab Tests""]","false","[{""tier_name"":""Standard"",""price"":8.06,""sessions"":1,""unit_type"":""test""}]","active","6959857ab259bfbdcc1726af","2026-01-03T21:09:14.655000","2026-01-03T21:09:14.655000","695939a556b8082002a35a69","renukajackson1@gmail.com","false"
"","false","false","Product","T-3, FREE","Service Code: 0034429","[""Lab Tests""]","false","[{""tier_name"":""Standard"",""price"":27.65,""sessions"":1,""unit_type"":""test""}]","active","6959857ab259bfbdcc1726b7","2026-01-03T21:09:14.655000","2026-01-03T21:09:14.655000","695939a556b8082002a35a69","renukajackson1@gmail.com","false"
"","false","false","Product","TRIGLYCERIDES","Service Code: 0091718","[""Lab Tests""]","false","[{""tier_name"":""Standard"",""price"":4.09,""sessions"":1,""unit_type"":""test""}]","active","6959857ab259bfbdcc1726c3","2026-01-03T21:09:14.655000","2026-01-03T21:09:14.655000","695939a556b8082002a35a69","renukajackson1@gmail.com","false"
"","false","false","Product","T-3, TOTAL","Service Code: 0000859","[""Lab Tests""]","false","[{""tier_name"":""Standard"",""price"":11.41,""sessions"":1,""unit_type"":""test""}]","active","6959857ab259bfbdcc1726b8","2026-01-03T21:09:14.655000","2026-01-03T21:09:14.655000","695939a556b8082002a35a69","renukajackson1@gmail.com","false"
"","false","false","Product","TRIGLYCERIDES","Service Code: 0000896","[""Lab Tests""]","false","[{""tier_name"":""Standard"",""price"":4.09,""sessions"":1,""unit_type"":""test""}]","active","6959857ab259bfbdcc1726c2","2026-01-03T21:09:14.655000","2026-01-03T21:09:14.655000","695939a556b8082002a35a69","renukajackson1@gmail.com","false"
"","false","false","Product","SED RATE BY MOD WEST","Service Code: 0000809","[""Lab Tests""]","false","[{""tier_name"":""Standard"",""price"":3.76,""sessions"":1,""unit_type"":""test""}]","active","6959857ab259bfbdcc1726b1","2026-01-03T21:09:14.655000","2026-01-03T21:09:14.655000","695939a556b8082002a35a69","renukajackson1@gmail.com","false"
"","false","false","Product","RUBELLA, PREMARITAL","Service Code: 0005780","[""Lab Tests""]","false","[{""tier_name"":""Standard"",""price"":7.89,""sessions"":1,""unit_type"":""test""}]","active","6959857ab259bfbdcc1726b0","2026-01-03T21:09:14.655000","2026-01-03T21:09:14.655000","695939a556b8082002a35a69","renukajackson1@gmail.com","false"
"","false","false","Product","T-4 (REFL)","Service Code: 0008017","[""Lab Tests""]","false","[{""tier_name"":""Standard"",""price"":3.58,""sessions"":1,""unit_type"":""test""}]","active","6959857ab259bfbdcc1726b9","2026-01-03T21:09:14.655000","2026-01-03T21:09:14.655000","695939a556b8082002a35a69","renukajackson1@gmail.com","false"
"","false","false","Product","SPERM, POST-VASECT","Service Code: 0003187","[""Lab Tests""]","false","[{""tier_name"":""Standard"",""price"":45.12,""sessions"":1,""unit_type"":""test""}]","active","6959857ab259bfbdcc1726b6","2026-01-03T21:09:14.655000","2026-01-03T21:09:14.655000","695939a556b8082002a35a69","renukajackson1@gmail.com","false"
"","false","false","Product","PROLACTIN, 5 SPEC","Service Code: 0004699","[""Lab Tests""]","false","[{""tier_name"":""Standard"",""price"":50.15,""sessions"":1,""unit_type"":""test""}]","active","6959857ab259bfbdcc172698","2026-01-03T21:09:14.628000","2026-01-03T21:09:14.628000","695939a556b8082002a35a69","renukajackson1@gmail.com","false"
"","false","false","Product","PSA,TOTAL W/REFL","Service Code: 0017569","[""Lab Tests""]","false","[{""tier_name"":""Standard"",""price"":10.58,""sessions"":1,""unit_type"":""test""}]","active","6959857ab259bfbdcc1726a0","2026-01-03T21:09:14.628000","2026-01-03T21:09:14.628000","695939a556b8082002a35a69","renukajackson1@gmail.com","false"
"","false","false","Product","RPR MONITOR W/REFL","Service Code: 0000799","[""Lab Tests""]","false","[{""tier_name"":""Standard"",""price"":7.11,""sessions"":1,""unit_type"":""test""}]","active","6959857ab259bfbdcc1726a7","2026-01-03T21:09:14.628000","2026-01-03T21:09:14.628000","695939a556b8082002a35a69","renukajackson1@gmail.com","false"
"","false","false","Product","PTXPLNT,HCV.RT PCR,S","Service Code: 0018103","[""Lab Tests""]","false","[{""tier_name"":""Standard"",""price"":229.20,""sessions"":1,""unit_type"":""test""}]","active","6959857ab259bfbdcc1726a2","2026-01-03T21:09:14.628000","2026-01-03T21:09:14.628000","695939a556b8082002a35a69","renukajackson1@gmail.com","false"
"","false","false","Product","RPR SCREEN W/REFL TITER","Service Code: 0039036","[""Lab Tests""]","false","[{""tier_name"":""Standard"",""price"":6.98,""sessions"":1,""unit_type"":""test""}]","active","6959857ab259bfbdcc1726a8","2026-01-03T21:09:14.628000","2026-01-03T21:09:14.628000","695939a556b8082002a35a69","renukajackson1@gmail.com","false"
"","false","false","Product","RPR TITER","Service Code: 0036203","[""Lab Tests""]","false","[{""tier_name"":""Standard"",""price"":6.27,""sessions"":1,""unit_type"":""test""}]","active","6959857ab259bfbdcc1726a9","2026-01-03T21:09:14.628000","2026-01-03T21:09:14.628000","695939a556b8082002a35a69","renukajackson1@gmail.com","false"
"","false","false","Product","RPR(MONITOR)(REFL)","Service Code: 0092156","[""Lab Tests""]","false","[{""tier_name"":""Standard"",""price"":6.92,""sessions"":1,""unit_type"":""test""}]","active","6959857ab259bfbdcc1726ab","2026-01-03T21:09:14.628000","2026-01-03T21:09:14.628000","695939a556b8082002a35a69","renukajackson1@gmail.com","false"
"","false","false","Product","RUBELLA IGG AB","Service Code: 0023030","[""Lab Tests""]","false","[{""tier_name"":""Standard"",""price"":7.46,""sessions"":1,""unit_type"":""test""}]","active","6959857ab259bfbdcc1726ae","2026-01-03T21:09:14.628000","2026-01-03T21:09:14.628000","695939a556b8082002a35a69","renukajackson1@gmail.com","false"
"","false","false","Product","PTXPLNT,HCV.RT PCR,P","Service Code: 0018104","[""Lab Tests""]","false","[{""tier_name"":""Standard"",""price"":229.20,""sessions"":1,""unit_type"":""test""}]","active","6959857ab259bfbdcc1726a1","2026-01-03T21:09:14.628000","2026-01-03T21:09:14.628000","695939a556b8082002a35a69","renukajackson1@gmail.com","false"
"","false","false","Product","PROTEIN, TOTAL","Service Code: 0000754","[""Lab Tests""]","false","[{""tier_name"":""Standard"",""price"":6.34,""sessions"":1,""unit_type"":""test""}]","active","6959857ab259bfbdcc17269b","2026-01-03T21:09:14.628000","2026-01-03T21:09:14.628000","695939a556b8082002a35a69","renukajackson1@gmail.com","false"
"","false","false","Product","RH TYPE","Service Code: 0000792","[""Lab Tests""]","false","[{""tier_name"":""Standard"",""price"":4.01,""sessions"":1,""unit_type"":""test""}]","active","6959857ab259bfbdcc1726a6","2026-01-03T21:09:14.628000","2026-01-03T21:09:14.628000","695939a556b8082002a35a69","renukajackson1@gmail.com","false"
"","false","false","Product","RFL-MICR (INC)","Service Code: 0005489","[""Lab Tests""]","false","[{""tier_name"":""Standard"",""price"":2.57,""sessions"":1,""unit_type"":""test""}]","active","6959857ab259bfbdcc1726a5","2026-01-03T21:09:14.628000","2026-01-03T21:09:14.628000","695939a556b8082002a35a69","renukajackson1@gmail.com","false"
"","false","false","Product","PROTEIN, TOTAL PLASMA","Service Code: 0090844","[""Lab Tests""]","false","[{""tier_name"":""Standard"",""price"":6.34,""sessions"":1,""unit_type"":""test""}]","active","6959857ab259bfbdcc17269c","2026-01-03T21:09:14.628000","2026-01-03T21:09:14.628000","695939a556b8082002a35a69","renukajackson1@gmail.com","false"
"","false","false","Product","RPR,PM W/REFL","Service Code: 0004120","[""Lab Tests""]","false","[{""tier_name"":""Standard"",""price"":7.11,""sessions"":1,""unit_type"":""test""}]","active","6959857ab259bfbdcc1726ac","2026-01-03T21:09:14.628000","2026-01-03T21:09:14.628000","695939a556b8082002a35a69","renukajackson1@gmail.com","false"
"","false","false","Product","RPR(DX)REFL FTA","Service Code: 0036126","[""Lab Tests""]","false","[{""tier_name"":""Standard"",""price"":7.11,""sessions"":1,""unit_type"":""test""}]","active","6959857ab259bfbdcc1726aa","2026-01-03T21:09:14.628000","2026-01-03T21:09:14.628000","695939a556b8082002a35a69","renukajackson1@gmail.com","false"
"","false","false","Product","PROTEIN, TOT AND ALB","Service Code: 0007577","[""Lab Tests""]","false","[{""tier_name"":""Standard"",""price"":6.52,""sessions"":1,""unit_type"":""test""}]","active","6959857ab259bfbdcc17269a","2026-01-03T21:09:14.628000","2026-01-03T21:09:14.628000","695939a556b8082002a35a69","renukajackson1@gmail.com","false"
"","false","false","Product","PSA FREE & TOTAL","Service Code: 0031348","[""Lab Tests""]","false","[{""tier_name"":""Standard"",""price"":29.04,""sessions"":1,""unit_type"":""test""}]","active","6959857ab259bfbdcc17269d","2026-01-03T21:09:14.628000","2026-01-03T21:09:14.628000","695939a556b8082002a35a69","renukajackson1@gmail.com","false"
"","false","false","Product","PROTEIN, TOT & ALB PLASMA","Service Code: 0090843","[""Lab Tests""]","false","[{""tier_name"":""Standard"",""price"":6.52,""sessions"":1,""unit_type"":""test""}]","active","6959857ab259bfbdcc172699","2026-01-03T21:09:14.628000","2026-01-03T21:09:14.628000","695939a556b8082002a35a69","renukajackson1@gmail.com","false"
"","false","false","Product","PSA, TOTAL","Service Code: 0005363","[""Lab Tests""]","false","[{""tier_name"":""Standard"",""price"":10.58,""sessions"":1,""unit_type"":""test""}]","active","6959857ab259bfbdcc17269e","2026-01-03T21:09:14.628000","2026-01-03T21:09:14.628000","695939a556b8082002a35a69","renukajackson1@gmail.com","false"
"","false","false","Product","RED BLOOD CELL COUNT","Service Code: 0000783","[""Lab Tests""]","false","[{""tier_name"":""Standard"",""price"":1.59,""sessions"":1,""unit_type"":""test""}]","active","6959857ab259bfbdcc1726a3","2026-01-03T21:09:14.628000","2026-01-03T21:09:14.628000","695939a556b8082002a35a69","renukajackson1@gmail.com","false"
"","false","false","Product","PSA, TOTAL, 2.5 NG/ML CUT","Service Code: 0015119","[""Lab Tests""]","false","[{""tier_name"":""Standard"",""price"":10.58,""sessions"":1,""unit_type"":""test""}]","active","6959857ab259bfbdcc17269f","2026-01-03T21:09:14.628000","2026-01-03T21:09:14.628000","695939a556b8082002a35a69","renukajackson1@gmail.com","false"
"","false","false","Product","RUBELLA DIAGNOSTIC","Service Code: 0092212","[""Lab Tests""]","false","[{""tier_name"":""Standard"",""price"":8.06,""sessions"":1,""unit_type"":""test""}]","active","6959857ab259bfbdcc1726ad","2026-01-03T21:09:14.628000","2026-01-03T21:09:14.628000","695939a556b8082002a35a69","renukajackson1@gmail.com","false"
"","false","false","Product","RENAL FUNC PNL","Service Code: 0010314","[""Lab Tests""]","false","[{""tier_name"":""Standard"",""price"":9.42,""sessions"":1,""unit_type"":""test""}]","active","6959857ab259bfbdcc1726a4","2026-01-03T21:09:14.628000","2026-01-03T21:09:14.628000","695939a556b8082002a35a69","renukajackson1@gmail.com","false"
"","false","false","Product","PREP HEP B COR AB/RF","Service Code: 0013664","[""Lab Tests""]","false","[{""tier_name"":""Standard"",""price"":18.05,""sessions"":1,""unit_type"":""test""}]","active","69598547b259bfbdcc172686","2026-01-03T21:08:23.096000","2026-01-03T21:08:23.096000","695939a556b8082002a35a69","renukajackson1@gmail.com","false"
"","false","false","Product","PROLACTIN, 2 SPEC","Service Code: 0004688","[""Lab Tests""]","false","[{""tier_name"":""Standard"",""price"":20.06,""sessions"":1,""unit_type"":""test""}]","active","69598547b259bfbdcc17268f","2026-01-03T21:08:23.096000","2026-01-03T21:08:23.096000","695939a556b8082002a35a69","renukajackson1@gmail.com","false"
"","false","false","Product","PREP HIV1/2,4TH Q,SR","Service Code: 0013591","[""Lab Tests""]","false","[{""tier_name"":""Standard"",""price"":13.75,""sessions"":1,""unit_type"":""test""}]","active","69598547b259bfbdcc172689","2026-01-03T21:08:23.096000","2026-01-03T21:08:23.096000","695939a556b8082002a35a69","renukajackson1@gmail.com","false"
"","false","false","Product","PROLACTIN, 3 SPEC","Service Code: 0004690","[""Lab Tests""]","false","[{""tier_name"":""Standard"",""price"":30.09,""sessions"":1,""unit_type"":""test""}]","active","69598547b259bfbdcc172690","2026-01-03T21:08:23.096000","2026-01-03T21:08:23.096000","695939a556b8082002a35a69","renukajackson1@gmail.com","false"
"","false","false","Product","PROCALCITONIN","Service Code: 0016265","[""Lab Tests""]","false","[{""tier_name"":""Standard"",""price"":216.38,""sessions"":1,""unit_type"":""test""}]","active","69598547b259bfbdcc17268c","2026-01-03T21:08:23.096000","2026-01-03T21:08:23.096000","695939a556b8082002a35a69","renukajackson1@gmail.com","false"
"","false","false","Product","PREP HBSA W/RFL","Service Code: 0013662","[""Lab Tests""]","false","[{""tier_name"":""Standard"",""price"":9.99,""sessions"":1,""unit_type"":""test""}]","active","69598547b259bfbdcc172681","2026-01-03T21:08:23.096000","2026-01-03T21:08:23.096000","695939a556b8082002a35a69","renukajackson1@gmail.com","false"
"","false","false","Product","PREP CT/GC RNA,TMA","Service Code: 0013701","[""Lab Tests""]","false","[{""tier_name"":""Standard"",""price"":50.40,""sessions"":1,""unit_type"":""test""}]","active","69598547b259bfbdcc17267e","2026-01-03T21:08:23.096000","2026-01-03T21:08:23.096000","695939a556b8082002a35a69","renukajackson1@gmail.com","false"
"","false","false","Product","POTASSIUM,PLASMA","Service Code: 0011014","[""Lab Tests""]","false","[{""tier_name"":""Standard"",""price"":6.34,""sessions"":1,""unit_type"":""test""}]","active","69598547b259bfbdcc17267d","2026-01-03T21:08:23.096000","2026-01-03T21:08:23.096000","695939a556b8082002a35a69","renukajackson1@gmail.com","false"
"","false","false","Product","PROGESTERONE","Service Code: 0000745","[""Lab Tests""]","false","[{""tier_name"":""Standard"",""price"":18.75,""sessions"":1,""unit_type"":""test""}]","active","69598547b259bfbdcc17268d","2026-01-03T21:08:23.096000","2026-01-03T21:08:23.096000","695939a556b8082002a35a69","renukajackson1@gmail.com","false"
"","false","false","Product","PREP HBS AB, QN","Service Code: 0013666","[""Lab Tests""]","false","[{""tier_name"":""Standard"",""price"":12.31,""sessions"":1,""unit_type"":""test""}]","active","69598547b259bfbdcc172680","2026-01-03T21:08:23.096000","2026-01-03T21:08:23.096000","695939a556b8082002a35a69","renukajackson1@gmail.com","false"
"","false","false","Product","PREP HBSAG CONFIRM","Service Code: 0013663","[""Lab Tests""]","false","[{""tier_name"":""Standard"",""price"":11.42,""sessions"":1,""unit_type"":""test""}]","active","69598547b259bfbdcc172682","2026-01-03T21:08:23.096000","2026-01-03T21:08:23.096000","695939a556b8082002a35a69","renukajackson1@gmail.com","false"
"","false","false","Product","PREP HCV ABW/RFL PCR","Service Code: 0013667","[""Lab Tests""]","false","[{""tier_name"":""Standard"",""price"":12.62,""sessions"":1,""unit_type"":""test""}]","active","69598547b259bfbdcc172684","2026-01-03T21:08:23.096000","2026-01-03T21:08:23.096000","695939a556b8082002a35a69","renukajackson1@gmail.com","false"
"","false","false","Product","PREP HIV1/2 AB,DIFF","Service Code: 0013674","[""Lab Tests""]","false","[{""tier_name"":""Standard"",""price"":26.41,""sessions"":1,""unit_type"":""test""}]","active","69598547b259bfbdcc172688","2026-01-03T21:08:23.096000","2026-01-03T21:08:23.096000","695939a556b8082002a35a69","renukajackson1@gmail.com","false"
"","false","false","Product","PREP HIV1/2,RFL DIFF","Service Code: 0013595","[""Lab Tests""]","false","[{""tier_name"":""Standard"",""price"":13.75,""sessions"":1,""unit_type"":""test""}]","active","69598547b259bfbdcc17268a","2026-01-03T21:08:23.096000","2026-01-03T21:08:23.096000","695939a556b8082002a35a69","renukajackson1@gmail.com","false"
"","false","false","Product","PROLACTIN, 4 SPEC","Service Code: 0004692","[""Lab Tests""]","false","[{""tier_name"":""Standard"",""price"":40.12,""sessions"":1,""unit_type"":""test""}]","active","69598547b259bfbdcc172691","2026-01-03T21:08:23.096000","2026-01-03T21:08:23.096000","695939a556b8082002a35a69","renukajackson1@gmail.com","false"
"","false","false","Product","POTASSIUM","Service Code: 0000733","[""Lab Tests""]","false","[{""tier_name"":""Standard"",""price"":6.34,""sessions"":1,""unit_type"":""test""}]","active","69598547b259bfbdcc17267c","2026-01-03T21:08:23.096000","2026-01-03T21:08:23.096000","695939a556b8082002a35a69","renukajackson1@gmail.com","false"
"","false","false","Product","PREP HCV RNA QN RTPC","Service Code: 0013669","[""Lab Tests""]","false","[{""tier_name"":""Standard"",""price"":229.20,""sessions"":1,""unit_type"":""test""}]","active","69598547b259bfbdcc172685","2026-01-03T21:08:23.096000","2026-01-03T21:08:23.096000","695939a556b8082002a35a69","renukajackson1@gmail.com","false"
"","false","false","Product","PLATELET COUNT","Service Code: 0000723","[""Lab Tests""]","false","[{""tier_name"":""Standard"",""price"":2.33,""sessions"":1,""unit_type"":""test""}]","active","69598547b259bfbdcc17267b","2026-01-03T21:08:23.096000","2026-01-03T21:08:23.096000","695939a556b8082002a35a69","renukajackson1@gmail.com","false"
"","false","false","Product","PREP HCG, TOTAL, QN","Service Code: 0013696","[""Lab Tests""]","false","[{""tier_name"":""Standard"",""price"":9.42,""sessions"":1,""unit_type"":""test""}]","active","69598547b259bfbdcc172683","2026-01-03T21:08:23.096000","2026-01-03T21:08:23.096000","695939a556b8082002a35a69","renukajackson1@gmail.com","false"
"","false","false","Product","PROLACTIN","Service Code: 0000746","[""Lab Tests""]","false","[{""tier_name"":""Standard"",""price"":10.03,""sessions"":1,""unit_type"":""test""}]","active","69598547b259bfbdcc17268e","2026-01-03T21:08:23.096000","2026-01-03T21:08:23.096000","695939a556b8082002a35a69","renukajackson1@gmail.com","false"
"","false","false","Product","PREP HBC AB (IGM)","Service Code: 0013665","[""Lab Tests""]","false","[{""tier_name"":""Standard"",""price"":14.71,""sessions"":1,""unit_type"":""test""}]","active","69598547b259bfbdcc17267f","2026-01-03T21:08:23.096000","2026-01-03T21:08:23.096000","695939a556b8082002a35a69","renukajackson1@gmail.com","false"
"","false","false","Product","PREP RPR TITER","Service Code: 0013699","[""Lab Tests""]","false","[{""tier_name"":""Standard"",""price"":6.27,""sessions"":1,""unit_type"":""test""}]","active","69598547b259bfbdcc17268b","2026-01-03T21:08:23.096000","2026-01-03T21:08:23.096000","695939a556b8082002a35a69","renukajackson1@gmail.com","false"
"","false","false","Product","PREP HIV 1/2 AGAB","Service Code: 0013670","[""Lab Tests""]","false","[{""tier_name"":""Standard"",""price"":13.75,""sessions"":1,""unit_type"":""test""}]","active","69598547b259bfbdcc172687","2026-01-03T21:08:23.096000","2026-01-03T21:08:23.096000","695939a556b8082002a35a69","renukajackson1@gmail.com","false"
"","false","false","Product","MEASLES AB IGG,EIA","Service Code: 0000964","[""Lab Tests""]","false","[{""tier_name"":""Standard"",""price"":37.53,""sessions"":1,""unit_type"":""test""}]","active","69598547b259bfbdcc17266f","2026-01-03T21:08:23.070000","2026-01-03T21:08:23.070000","695939a556b8082002a35a69","renukajackson1@gmail.com","false"
"","false","false","Product","PHOSPHATE (AS PHOS)","Service Code: 0000718","[""Lab Tests""]","false","[{""tier_name"":""Standard"",""price"":6.34,""sessions"":1,""unit_type"":""test""}]","active","69598547b259bfbdcc17267a","2026-01-03T21:08:23.070000","2026-01-03T21:08:23.070000","695939a556b8082002a35a69","renukajackson1@gmail.com","false"
"","false","false","Product","LH","Service Code: 0000615","[""Lab Tests""]","false","[{""tier_name"":""Standard"",""price"":9.64,""sessions"":1,""unit_type"":""test""}]","active","69598547b259bfbdcc172666","2026-01-03T21:08:23.070000","2026-01-03T21:08:23.070000","695939a556b8082002a35a69","renukajackson1@gmail.com","false"
"","false","false","Product","P RPR(DX)RFL TTR/TPA","Service Code: 0013698","[""Lab Tests""]","false","[{""tier_name"":""Standard"",""price"":7.11,""sessions"":1,""unit_type"":""test""}]","active","69598547b259bfbdcc172678","2026-01-03T21:08:23.070000","2026-01-03T21:08:23.070000","695939a556b8082002a35a69","renukajackson1@gmail.com","false"
"","false","false","Product","LP-PLA2 ACTIVITY","Service Code: 0094267","[""Lab Tests""]","false","[{""tier_name"":""Standard"",""price"":48.43,""sessions"":1,""unit_type"":""test""}]","active","69598547b259bfbdcc17266a","2026-01-03T21:08:23.070000","2026-01-03T21:08:23.070000","695939a556b8082002a35a69","renukajackson1@gmail.com","false"
"","false","false","Product","MICRONUTRIENT,FOLATE","Service Code: 0010188","[""Lab Tests""]","false","[{""tier_name"":""Standard"",""price"":8.31,""sessions"":1,""unit_type"":""test""}]","active","69598547b259bfbdcc172671","2026-01-03T21:08:23.070000","2026-01-03T21:08:23.070000","695939a556b8082002a35a69","renukajackson1@gmail.com","false"
"","false","false","Product","MAGNESIUM","Service Code: 0000622","[""Lab Tests""]","false","[{""tier_name"":""Standard"",""price"":7.74,""sessions"":1,""unit_type"":""test""}]","active","69598547b259bfbdcc17266b","2026-01-03T21:08:23.070000","2026-01-03T21:08:23.070000","695939a556b8082002a35a69","renukajackson1@gmail.com","false"
"","false","false","Product","MICRONUTRIENT, IRON","Service Code: 0010200","[""Lab Tests""]","false","[{""tier_name"":""Standard"",""price"":14.78,""sessions"":1,""unit_type"":""test""}]","active","69598547b259bfbdcc172670","2026-01-03T21:08:23.070000","2026-01-03T21:08:23.070000","695939a556b8082002a35a69","renukajackson1@gmail.com","false"
"","false","false","Product","N.GONORRHOEAE TMA","Service Code: 0015033","[""Lab Tests""]","false","[{""tier_name"":""Standard"",""price"":25.20,""sessions"":1,""unit_type"":""test""}]","active","69598547b259bfbdcc172677","2026-01-03T21:08:23.070000","2026-01-03T21:08:23.070000","695939a556b8082002a35a69","renukajackson1@gmail.com","false"
"","false","false","Product","MUMPS VIRUS AB IGG D","Service Code: 0038899","[""Lab Tests""]","false","[{""tier_name"":""Standard"",""price"":21.98,""sessions"":1,""unit_type"":""test""}]","active","69598547b259bfbdcc172673","2026-01-03T21:08:23.070000","2026-01-03T21:08:23.070000","695939a556b8082002a35a69","renukajackson1@gmail.com","false"
"","false","false","Product","MEASLES AB IGG DIA","Service Code: 0038902","[""Lab Tests""]","false","[{""tier_name"":""Standard"",""price"":37.53,""sessions"":1,""unit_type"":""test""}]","active","69598547b259bfbdcc17266e","2026-01-03T21:08:23.070000","2026-01-03T21:08:23.070000","695939a556b8082002a35a69","renukajackson1@gmail.com","false"
"","false","false","Product","PENTA SCREEN","Service Code: 0015934","[""Lab Tests""]","false","[{""tier_name"":""Standard"",""price"":532.53,""sessions"":1,""unit_type"":""test""}]","active","69598547b259bfbdcc172679","2026-01-03T21:08:23.070000","2026-01-03T21:08:23.070000","695939a556b8082002a35a69","renukajackson1@gmail.com","false"
"","false","false","Product","LIPASE","Service Code: 0000606","[""Lab Tests""]","false","[{""tier_name"":""Standard"",""price"":18.55,""sessions"":1,""unit_type"":""test""}]","active","69598547b259bfbdcc172667","2026-01-03T21:08:23.070000","2026-01-03T21:08:23.070000","695939a556b8082002a35a69","renukajackson1@gmail.com","false"
"","false","false","Product","MATERNAL SERUM AFP","Service Code: 0005059","[""Lab Tests""]","false","[{""tier_name"":""Standard"",""price"":67.12,""sessions"":1,""unit_type"":""test""}]","active","69598547b259bfbdcc17266d","2026-01-03T21:08:23.070000","2026-01-03T21:08:23.070000","695939a556b8082002a35a69","renukajackson1@gmail.com","false"
"","false","false","Product","MICRONUTRIENT,VITB12","Service Code: 0010194","[""Lab Tests""]","false","[{""tier_name"":""Standard"",""price"":11.89,""sessions"":1,""unit_type"":""test""}]","active","69598547b259bfbdcc172672","2026-01-03T21:08:23.070000","2026-01-03T21:08:23.070000","695939a556b8082002a35a69","renukajackson1@gmail.com","false"
"","false","false","Product","LH","Service Code: 0014199","[""Lab Tests""]","false","[{""tier_name"":""Standard"",""price"":9.64,""sessions"":1,""unit_type"":""test""}]","active","69598547b259bfbdcc172665","2026-01-03T21:08:23.070000","2026-01-03T21:08:23.070000","695939a556b8082002a35a69","renukajackson1@gmail.com","false"
"","false","false","Product","MATERNAL SERUM 4","Service Code: 0030294","[""Lab Tests""]","false","[{""tier_name"":""Standard"",""price"":358.87,""sessions"":1,""unit_type"":""test""}]","active","69598547b259bfbdcc17266c","2026-01-03T21:08:23.070000","2026-01-03T21:08:23.070000","695939a556b8082002a35a69","renukajackson1@gmail.com","false"
"","false","false","Product","MUMPS VIRUS IGG, EIA","Service Code: 0008624","[""Lab Tests""]","false","[{""tier_name"":""Standard"",""price"":21.98,""sessions"":1,""unit_type"":""test""}]","active","69598547b259bfbdcc172674","2026-01-03T21:08:23.070000","2026-01-03T21:08:23.070000","695939a556b8082002a35a69","renukajackson1@gmail.com","false"
"","false","false","Product","N. GONORRHOEAE RNA, TMA,","Service Code: 0016504","[""Lab Tests""]","false","[{""tier_name"":""Standard"",""price"":25.20,""sessions"":1,""unit_type"":""test""}]","active","69598547b259bfbdcc172675","2026-01-03T21:08:23.070000","2026-01-03T21:08:23.070000","695939a556b8082002a35a69","renukajackson1@gmail.com","false"
"","false","false","Product","N.GON RNA,TMA,THROAT","Service Code: 0070049","[""Lab Tests""]","false","[{""tier_name"":""Standard"",""price"":25.20,""sessions"":1,""unit_type"":""test""}]","active","69598547b259bfbdcc172676","2026-01-03T21:08:23.070000","2026-01-03T21:08:23.070000","695939a556b8082002a35a69","renukajackson1@gmail.com","false"
"","false","false","Product","LIPOPROTEIN (A)","Service Code: 0034604","[""Lab Tests""]","false","[{""tier_name"":""Standard"",""price"":25.02,""sessions"":1,""unit_type"":""test""}]","active","69598547b259bfbdcc172668","2026-01-03T21:08:23.070000","2026-01-03T21:08:23.070000","695939a556b8082002a35a69","renukajackson1@gmail.com","false"
"","false","false","Product","ITA PREGNANCY","Service Code: 0011303","[""Lab Tests""]","false","[{""tier_name"":""Standard"",""price"":202.37,""sessions"":1,""unit_type"":""test""}]","active","69598547b259bfbdcc172664","2026-01-03T21:08:23.070000","2026-01-03T21:08:23.070000","695939a556b8082002a35a69","renukajackson1@gmail.com","false"
"","false","false","Product","LIPOPROTEIN (A)","Service Code: 0091729","[""Lab Tests""]","false","[{""tier_name"":""Standard"",""price"":25.02,""sessions"":1,""unit_type"":""test""}]","active","69598547b259bfbdcc172669","2026-01-03T21:08:23.070000","2026-01-03T21:08:23.070000","695939a556b8082002a35a69","renukajackson1@gmail.com","false"
"","false","false","Product","HS CRP","Service Code: 0010124","[""Lab Tests""]","false","[{""tier_name"":""Standard"",""price"":15.38,""sessions"":1,""unit_type"":""test""}]","active","69598512b259bfbdcc172659","2026-01-03T21:07:30.446000","2026-01-03T21:07:30.446000","695939a556b8082002a35a69","renukajackson1@gmail.com","false"
"","false","false","Product","HPV GENO 16,18/45,P","Service Code: 0093102","[""Lab Tests""]","false","[{""tier_name"":""Standard"",""price"":99.15,""sessions"":1,""unit_type"":""test""}]","active","69598512b259bfbdcc172651","2026-01-03T21:07:30.446000","2026-01-03T21:07:30.446000","695939a556b8082002a35a69","renukajackson1@gmail.com","false"
"","false","false","Product","HPV RNA HR E6/E7 TMA","Service Code: 0090887","[""Lab Tests""]","false","[{""tier_name"":""Standard"",""price"":55.36,""sessions"":1,""unit_type"":""test""}]","active","69598512b259bfbdcc172658","2026-01-03T21:07:30.446000","2026-01-03T21:07:30.446000","695939a556b8082002a35a69","renukajackson1@gmail.com","false"
"","false","false","Product","HPV MRNA E6/E7, POST","Service Code: 0093101","[""Lab Tests""]","false","[{""tier_name"":""Standard"",""price"":55.36,""sessions"":1,""unit_type"":""test""}]","active","69598512b259bfbdcc172656","2026-01-03T21:07:30.446000","2026-01-03T21:07:30.446000","695939a556b8082002a35a69","renukajackson1@gmail.com","false"
"","false","false","Product","HIV1/2 AG/AB,4 W/RFL","Service Code: 0091431","[""Lab Tests""]","false","[{""tier_name"":""Standard"",""price"":13.75,""sessions"":1,""unit_type"":""test""}]","active","69598512b259bfbdcc17264a","2026-01-03T21:07:30.446000","2026-01-03T21:07:30.446000","695939a556b8082002a35a69","renukajackson1@gmail.com","false"
"","false","false","Product","HPV GENO 16,18/45","Service Code: 0091826","[""Lab Tests""]","false","[{""tier_name"":""Standard"",""price"":99.15,""sessions"":1,""unit_type"":""test""}]","active","69598512b259bfbdcc17264f","2026-01-03T21:07:30.446000","2026-01-03T21:07:30.446000","695939a556b8082002a35a69","renukajackson1@gmail.com","false"
"","false","false","Product","HPV MRNAE6/E7,RECTAL","Service Code: 0091932","[""Lab Tests""]","false","[{""tier_name"":""Standard"",""price"":55.36,""sessions"":1,""unit_type"":""test""}]","active","69598512b259bfbdcc172657","2026-01-03T21:07:30.446000","2026-01-03T21:07:30.446000","695939a556b8082002a35a69","renukajackson1@gmail.com","false"
"","false","false","Product","HPV DNA,SELF COLLECT","Service Code: 0014263","[""Lab Tests""]","false","[{""tier_name"":""Standard"",""price"":60.36,""sessions"":1,""unit_type"":""test""}]","active","69598512b259bfbdcc17264d","2026-01-03T21:07:30.446000","2026-01-03T21:07:30.446000","695939a556b8082002a35a69","renukajackson1@gmail.com","false"
"","false","false","Product","HSV 1/2 W/REFL","Service Code: 0017169","[""Lab Tests""]","false","[{""tier_name"":""Standard"",""price"":16.79,""sessions"":1,""unit_type"":""test""}]","active","69598512b259bfbdcc17265b","2026-01-03T21:07:30.446000","2026-01-03T21:07:30.446000","695939a556b8082002a35a69","renukajackson1@gmail.com","false"
"","false","false","Product","HPV GENO 16 AND 18","Service Code: 0019865","[""Lab Tests""]","false","[{""tier_name"":""Standard"",""price"":52.49,""sessions"":1,""unit_type"":""test""}]","active","69598512b259bfbdcc17264e","2026-01-03T21:07:30.446000","2026-01-03T21:07:30.446000","695939a556b8082002a35a69","renukajackson1@gmail.com","false"
"","false","false","Product","HPV MRNA E6/E7 RFLX","Service Code: 0093136","[""Lab Tests""]","false","[{""tier_name"":""Standard"",""price"":55.36,""sessions"":1,""unit_type"":""test""}]","active","69598512b259bfbdcc172654","2026-01-03T21:07:30.446000","2026-01-03T21:07:30.446000","695939a556b8082002a35a69","renukajackson1@gmail.com","false"
"","false","false","Product","HPV DNA PCR RFL TIS","Service Code: 0093296","[""Lab Tests""]","false","[{""tier_name"":""Standard"",""price"":60.36,""sessions"":1,""unit_type"":""test""}]","active","69598512b259bfbdcc17264b","2026-01-03T21:07:30.446000","2026-01-03T21:07:30.446000","695939a556b8082002a35a69","renukajackson1@gmail.com","false"
"","false","false","Product","HPV HR","Service Code: 0092079","[""Lab Tests""]","false","[{""tier_name"":""Standard"",""price"":52.49,""sessions"":1,""unit_type"":""test""}]","active","69598512b259bfbdcc172653","2026-01-03T21:07:30.446000","2026-01-03T21:07:30.446000","695939a556b8082002a35a69","renukajackson1@gmail.com","false"
"","false","false","Product","HSV 1 IGG","Service Code: 0003636","[""Lab Tests""]","false","[{""tier_name"":""Standard"",""price"":8.40,""sessions"":1,""unit_type"":""test""}]","active","69598512b259bfbdcc17265a","2026-01-03T21:07:30.446000","2026-01-03T21:07:30.446000","695939a556b8082002a35a69","renukajackson1@gmail.com","false"
"","false","false","Product","HSV 2 W/REFL INHIB","Service Code: 0017170","[""Lab Tests""]","false","[{""tier_name"":""Standard"",""price"":8.40,""sessions"":1,""unit_type"":""test""}]","active","69598512b259bfbdcc17265c","2026-01-03T21:07:30.446000","2026-01-03T21:07:30.446000","695939a556b8082002a35a69","renukajackson1@gmail.com","false"
"","false","false","Product","HPV GENO 16,18/45","Service Code: 0092807","[""Lab Tests""]","false","[{""tier_name"":""Standard"",""price"":99.15,""sessions"":1,""unit_type"":""test""}]","active","69598512b259bfbdcc172650","2026-01-03T21:07:30.446000","2026-01-03T21:07:30.446000","695939a556b8082002a35a69","renukajackson1@gmail.com","false"
"","false","false","Product","HPV DNA, CERVICAL","Service Code: 0014264","[""Lab Tests""]","false","[{""tier_name"":""Standard"",""price"":60.36,""sessions"":1,""unit_type"":""test""}]","active","69598512b259bfbdcc17264c","2026-01-03T21:07:30.446000","2026-01-03T21:07:30.446000","695939a556b8082002a35a69","renukajackson1@gmail.com","false"
"","false","false","Product","HPV MRNA E6/E7 W/RFL","Service Code: 0092810","[""Lab Tests""]","false","[{""tier_name"":""Standard"",""price"":55.36,""sessions"":1,""unit_type"":""test""}]","active","69598512b259bfbdcc172655","2026-01-03T21:07:30.446000","2026-01-03T21:07:30.446000","695939a556b8082002a35a69","renukajackson1@gmail.com","false"
"","false","false","Product","IRON, TOTAL","Service Code: 0000571","[""Lab Tests""]","false","[{""tier_name"":""Standard"",""price"":14.78,""sessions"":1,""unit_type"":""test""}]","active","69598512b259bfbdcc17265e","2026-01-03T21:07:30.446000","2026-01-03T21:07:30.446000","695939a556b8082002a35a69","renukajackson1@gmail.com","false"
"","false","false","Product","IRON, TOTAL, & IBC","Service Code: 0007573","[""Lab Tests""]","false","[{""tier_name"":""Standard"",""price"":28.67,""sessions"":1,""unit_type"":""test""}]","active","69598512b259bfbdcc17265f","2026-01-03T21:07:30.446000","2026-01-03T21:07:30.446000","695939a556b8082002a35a69","renukajackson1@gmail.com","false"
"","false","false","Product","HIV 1/2 AB DIFF W/RF","Service Code: 0093170","[""Lab Tests""]","false","[{""tier_name"":""Standard"",""price"":28.71,""sessions"":1,""unit_type"":""test""}]","active","69598512b259bfbdcc172649","2026-01-03T21:07:30.446000","2026-01-03T21:07:30.446000","695939a556b8082002a35a69","renukajackson1@gmail.com","false"
"","false","false","Product","HPV HR","Service Code: 0031532","[""Lab Tests""]","false","[{""tier_name"":""Standard"",""price"":52.49,""sessions"":1,""unit_type"":""test""}]","active","69598512b259bfbdcc172652","2026-01-03T21:07:30.446000","2026-01-03T21:07:30.446000","695939a556b8082002a35a69","renukajackson1@gmail.com","false"
"","false","false","Product","INHIBIN A","Service Code: 0034472","[""Lab Tests""]","false","[{""tier_name"":""Standard"",""price"":185.81,""sessions"":1,""unit_type"":""test""}]","active","69598512b259bfbdcc17265d","2026-01-03T21:07:30.446000","2026-01-03T21:07:30.446000","695939a556b8082002a35a69","renukajackson1@gmail.com","false"
"","false","false","Product","HGB A1C W/EAG REFL","Service Code: 0010379","[""Lab Tests""]","false","[{""tier_name"":""Standard"",""price"":6.98,""sessions"":1,""unit_type"":""test""}]","active","69598512b259bfbdcc172643","2026-01-03T21:07:30.411000","2026-01-03T21:07:30.411000","695939a556b8082002a35a69","renukajackson1@gmail.com","false"
"","false","false","Product","HGB & HCT","Service Code: 0007998","[""Lab Tests""]","false","[{""tier_name"":""Standard"",""price"":3.60,""sessions"":1,""unit_type"":""test""}]","active","69598512b259bfbdcc172642","2026-01-03T21:07:30.411000","2026-01-03T21:07:30.411000","695939a556b8082002a35a69","renukajackson1@gmail.com","false"
"","false","false","Product","HEMOGRAM","Service Code: 0007008","[""Lab Tests""]","false","[{""tier_name"":""Standard"",""price"":5.51,""sessions"":1,""unit_type"":""test""}]","active","69598512b259bfbdcc172633","2026-01-03T21:07:30.411000","2026-01-03T21:07:30.411000","695939a556b8082002a35a69","renukajackson1@gmail.com","false"
"","false","false","Product","HEP B CORE IGM AB","Service Code: 0004848","[""Lab Tests""]","false","[{""tier_name"":""Standard"",""price"":14.71,""sessions"":1,""unit_type"":""test""}]","active","69598512b259bfbdcc172638","2026-01-03T21:07:30.411000","2026-01-03T21:07:30.411000","695939a556b8082002a35a69","renukajackson1@gmail.com","false"
"","false","false","Product","HIV 1/2 AB DIFF","Service Code: 0091432","[""Lab Tests""]","false","[{""tier_name"":""Standard"",""price"":26.41,""sessions"":1,""unit_type"":""test""}]","active","69598512b259bfbdcc172647","2026-01-03T21:07:30.411000","2026-01-03T21:07:30.411000","695939a556b8082002a35a69","renukajackson1@gmail.com","false"
"","false","false","Product","HEP C AB W/REFL HCV","Service Code: 0008472","[""Lab Tests""]","false","[{""tier_name"":""Standard"",""price"":12.62,""sessions"":1,""unit_type"":""test""}]","active","69598512b259bfbdcc17263c","2026-01-03T21:07:30.411000","2026-01-03T21:07:30.411000","695939a556b8082002a35a69","renukajackson1@gmail.com","false"
"","false","false","Product","HEP B CORE AB, TOTAL","Service Code: 0000501","[""Lab Tests""]","false","[{""tier_name"":""Standard"",""price"":18.05,""sessions"":1,""unit_type"":""test""}]","active","69598512b259bfbdcc172637","2026-01-03T21:07:30.411000","2026-01-03T21:07:30.411000","695939a556b8082002a35a69","renukajackson1@gmail.com","false"
"","false","false","Product","HETEROPHILE, MONO","Service Code: 0000654","[""Lab Tests""]","false","[{""tier_name"":""Standard"",""price"":8.61,""sessions"":1,""unit_type"":""test""}]","active","69598512b259bfbdcc172641","2026-01-03T21:07:30.411000","2026-01-03T21:07:30.411000","695939a556b8082002a35a69","renukajackson1@gmail.com","false"
"","false","false","Product","HEP A AB, TOTAL","Service Code: 0000508","[""Lab Tests""]","false","[{""tier_name"":""Standard"",""price"":17.64,""sessions"":1,""unit_type"":""test""}]","active","69598512b259bfbdcc172635","2026-01-03T21:07:30.411000","2026-01-03T21:07:30.411000","695939a556b8082002a35a69","renukajackson1@gmail.com","false"
"","false","false","Product","HEP B SURF AG W/CONF","Service Code: 0000498","[""Lab Tests""]","false","[{""tier_name"":""Standard"",""price"":9.99,""sessions"":1,""unit_type"":""test""}]","active","69598512b259bfbdcc172639","2026-01-03T21:07:30.411000","2026-01-03T21:07:30.411000","695939a556b8082002a35a69","renukajackson1@gmail.com","false"
"","false","false","Product","HEP B SURFACE AB QN","Service Code: 0039760","[""Lab Tests""]","false","[{""tier_name"":""Standard"",""price"":12.31,""sessions"":1,""unit_type"":""test""}]","active","69598512b259bfbdcc17263b","2026-01-03T21:07:30.411000","2026-01-03T21:07:30.411000","695939a556b8082002a35a69","renukajackson1@gmail.com","false"
"","false","false","Product","HEP B SURFACE AB QN","Service Code: 0008475","[""Lab Tests""]","false","[{""tier_name"":""Standard"",""price"":12.31,""sessions"":1,""unit_type"":""test""}]","active","69598512b259bfbdcc17263a","2026-01-03T21:07:30.411000","2026-01-03T21:07:30.411000","695939a556b8082002a35a69","renukajackson1@gmail.com","false"
"","false","false","Product","HIV 1/2 AB DIFF","Service Code: 0013599","[""Lab Tests""]","false","[{""tier_name"":""Standard"",""price"":26.41,""sessions"":1,""unit_type"":""test""}]","active","69598512b259bfbdcc172648","2026-01-03T21:07:30.411000","2026-01-03T21:07:30.411000","695939a556b8082002a35a69","renukajackson1@gmail.com","false"
"","false","false","Product","HEP A AB,W/REFL IGM","Service Code: 0036504","[""Lab Tests""]","false","[{""tier_name"":""Standard"",""price"":17.64,""sessions"":1,""unit_type"":""test""}]","active","69598512b259bfbdcc172636","2026-01-03T21:07:30.411000","2026-01-03T21:07:30.411000","695939a556b8082002a35a69","renukajackson1@gmail.com","false"
"","false","false","Product","HEMOGLOBIN A1C W/MPG","Service Code: 0008181","[""Lab Tests""]","false","[{""tier_name"":""Standard"",""price"":6.98,""sessions"":1,""unit_type"":""test""}]","active","69598512b259bfbdcc172632","2026-01-03T21:07:30.411000","2026-01-03T21:07:30.411000","695939a556b8082002a35a69","renukajackson1@gmail.com","false"
"","false","false","Product","HGB, POST DIALYSIS","Service Code: 0012708","[""Lab Tests""]","false","[{""tier_name"":""Standard"",""price"":1.77,""sessions"":1,""unit_type"":""test""}]","active","69598512b259bfbdcc172646","2026-01-03T21:07:30.411000","2026-01-03T21:07:30.411000","695939a556b8082002a35a69","renukajackson1@gmail.com","false"
"","false","false","Product","HGB A1C W/MPG (REFL)","Service Code: 0092580","[""Lab Tests""]","false","[{""tier_name"":""Standard"",""price"":6.16,""sessions"":1,""unit_type"":""test""}]","active","69598512b259bfbdcc172644","2026-01-03T21:07:30.411000","2026-01-03T21:07:30.411000","695939a556b8082002a35a69","renukajackson1@gmail.com","false"
"","false","false","Product","HEPATIC FUNC PNL, PLASMA","Service Code: 0090842","[""Lab Tests""]","false","[{""tier_name"":""Standard"",""price"":8.33,""sessions"":1,""unit_type"":""test""}]","active","69598512b259bfbdcc17263f","2026-01-03T21:07:30.411000","2026-01-03T21:07:30.411000","695939a556b8082002a35a69","renukajackson1@gmail.com","false"
"","false","false","Product","HGB INDICES","Service Code: 0038529","[""Lab Tests""]","false","[{""tier_name"":""Standard"",""price"":5.19,""sessions"":1,""unit_type"":""test""}]","active","69598512b259bfbdcc172645","2026-01-03T21:07:30.411000","2026-01-03T21:07:30.411000","695939a556b8082002a35a69","renukajackson1@gmail.com","false"
"","false","false","Product","HEMOGRAM & DIFF","Service Code: 0007210","[""Lab Tests""]","false","[{""tier_name"":""Standard"",""price"":8.37,""sessions"":1,""unit_type"":""test""}]","active","69598512b259bfbdcc172634","2026-01-03T21:07:30.411000","2026-01-03T21:07:30.411000","695939a556b8082002a35a69","renukajackson1@gmail.com","false"
"","false","false","Product","HETER.MONO (REFL)","Service Code: 0008013","[""Lab Tests""]","false","[{""tier_name"":""Standard"",""price"":7.68,""sessions"":1,""unit_type"":""test""}]","active","69598512b259bfbdcc172640","2026-01-03T21:07:30.411000","2026-01-03T21:07:30.411000","695939a556b8082002a35a69","renukajackson1@gmail.com","false"
"","false","false","Product","HEPATIC FUNC PNL","Service Code: 0010256","[""Lab Tests""]","false","[{""tier_name"":""Standard"",""price"":8.33,""sessions"":1,""unit_type"":""test""}]","active","69598512b259bfbdcc17263d","2026-01-03T21:07:30.411000","2026-01-03T21:07:30.411000","695939a556b8082002a35a69","renukajackson1@gmail.com","false"
"","false","false","Product","HEPATIC FUNC PNL W/O TP","Service Code: 0034391","[""Lab Tests""]","false","[{""tier_name"":""Standard"",""price"":7.97,""sessions"":1,""unit_type"":""test""}]","active","69598512b259bfbdcc17263e","2026-01-03T21:07:30.411000","2026-01-03T21:07:30.411000","695939a556b8082002a35a69","renukajackson1@gmail.com","false"
"","false","false","Product","HCV RNA BY PCR,QT","Service Code: 0035645","[""Lab Tests""]","false","[{""tier_name"":""Standard"",""price"":229.20,""sessions"":1,""unit_type"":""test""}]","active","695984deb259bfbdcc172622","2026-01-03T21:06:38.130000","2026-01-03T21:06:38.130000","695939a556b8082002a35a69","renukajackson1@gmail.com","false"
"","false","false","Product","FOLATE,SERUM","Service Code: 0000466","[""Lab Tests""]","false","[{""tier_name"":""Standard"",""price"":8.31,""sessions"":1,""unit_type"":""test""}]","active","695984deb259bfbdcc172617","2026-01-03T21:06:38.130000","2026-01-03T21:06:38.130000","695939a556b8082002a35a69","renukajackson1@gmail.com","false"
"","false","false","Product","FSH","Service Code: 0014198","[""Lab Tests""]","false","[{""tier_name"":""Standard"",""price"":9.64,""sessions"":1,""unit_type"":""test""}]","active","695984deb259bfbdcc172618","2026-01-03T21:06:38.130000","2026-01-03T21:06:38.130000","695939a556b8082002a35a69","renukajackson1@gmail.com","false"
"","false","false","Product","FSH","Service Code: 0000470","[""Lab Tests""]","false","[{""tier_name"":""Standard"",""price"":9.64,""sessions"":1,""unit_type"":""test""}]","active","695984deb259bfbdcc172619","2026-01-03T21:06:38.130000","2026-01-03T21:06:38.130000","695939a556b8082002a35a69","renukajackson1@gmail.com","false"
"","false","false","Product","HBSAG CONFIRMATION","Service Code: 0036204","[""Lab Tests""]","false","[{""tier_name"":""Standard"",""price"":11.42,""sessions"":1,""unit_type"":""test""}]","active","695984deb259bfbdcc17261e","2026-01-03T21:06:38.130000","2026-01-03T21:06:38.130000","695939a556b8082002a35a69","renukajackson1@gmail.com","false"
"","false","false","Product","FOLATE,S(RFL)","Service Code: 0030664","[""Lab Tests""]","false","[{""tier_name"":""Standard"",""price"":10.55,""sessions"":1,""unit_type"":""test""}]","active","695984deb259bfbdcc172616","2026-01-03T21:06:38.130000","2026-01-03T21:06:38.130000","695939a556b8082002a35a69","renukajackson1@gmail.com","false"
"","false","false","Product","HEMATOCRIT","Service Code: 0000509","[""Lab Tests""]","false","[{""tier_name"":""Standard"",""price"":1.80,""sessions"":1,""unit_type"":""test""}]","active","695984deb259bfbdcc172628","2026-01-03T21:06:38.130000","2026-01-03T21:06:38.130000","695939a556b8082002a35a69","renukajackson1@gmail.com","false"
"","false","false","Product","HDL CHOLESTEROL","Service Code: 0091719","[""Lab Tests""]","false","[{""tier_name"":""Standard"",""price"":4.44,""sessions"":1,""unit_type"":""test""}]","active","695984deb259bfbdcc172625","2026-01-03T21:06:38.130000","2026-01-03T21:06:38.130000","695939a556b8082002a35a69","renukajackson1@gmail.com","false"
"","false","false","Product","HEMOGLOBIN A1C W/EAG","Service Code: 0016802","[""Lab Tests""]","false","[{""tier_name"":""Standard"",""price"":6.98,""sessions"":1,""unit_type"":""test""}]","active","695984deb259bfbdcc17262c","2026-01-03T21:06:38.130000","2026-01-03T21:06:38.130000","695939a556b8082002a35a69","renukajackson1@gmail.com","false"
"","false","false","Product","HBC TOTAL W/REFL IGM","Service Code: 0037676","[""Lab Tests""]","false","[{""tier_name"":""Standard"",""price"":18.05,""sessions"":1,""unit_type"":""test""}]","active","695984deb259bfbdcc17261d","2026-01-03T21:06:38.130000","2026-01-03T21:06:38.130000","695939a556b8082002a35a69","renukajackson1@gmail.com","false"
"","false","false","Product","HEM A1C W/EAG (REFL)","Service Code: 0016598","[""Lab Tests""]","false","[{""tier_name"":""Standard"",""price"":5.73,""sessions"":1,""unit_type"":""test""}]","active","695984deb259bfbdcc172627","2026-01-03T21:06:38.130000","2026-01-03T21:06:38.130000","695939a556b8082002a35a69","renukajackson1@gmail.com","false"
"","false","false","Product","FSH & LH (S)","Service Code: 0007137","[""Lab Tests""]","false","[{""tier_name"":""Standard"",""price"":19.28,""sessions"":1,""unit_type"":""test""}]","active","695984deb259bfbdcc17261a","2026-01-03T21:06:38.130000","2026-01-03T21:06:38.130000","695939a556b8082002a35a69","renukajackson1@gmail.com","false"
"","false","false","Product","GLUCOSE, SERUM","Service Code: 0000483","[""Lab Tests""]","false","[{""tier_name"":""Standard"",""price"":6.34,""sessions"":1,""unit_type"":""test""}]","active","695984deb259bfbdcc17261c","2026-01-03T21:06:38.130000","2026-01-03T21:06:38.130000","695939a556b8082002a35a69","renukajackson1@gmail.com","false"
"","false","false","Product","HEMOGLOBIN A1C","Service Code: 0000496","[""Lab Tests""]","false","[{""tier_name"":""Standard"",""price"":6.98,""sessions"":1,""unit_type"":""test""}]","active","695984deb259bfbdcc17262a","2026-01-03T21:06:38.130000","2026-01-03T21:06:38.130000","695939a556b8082002a35a69","renukajackson1@gmail.com","false"
"","false","false","Product","HCV QN W/RFX LIPA(R)","Service Code: 0011348","[""Lab Tests""]","false","[{""tier_name"":""Standard"",""price"":229.20,""sessions"":1,""unit_type"":""test""}]","active","695984deb259bfbdcc172621","2026-01-03T21:06:38.130000","2026-01-03T21:06:38.130000","695939a556b8082002a35a69","renukajackson1@gmail.com","false"
"","false","false","Product","HCV WITH REFLEXES","Service Code: 0094345","[""Lab Tests""]","false","[{""tier_name"":""Standard"",""price"":12.62,""sessions"":1,""unit_type"":""test""}]","active","695984deb259bfbdcc172624","2026-01-03T21:06:38.130000","2026-01-03T21:06:38.130000","695939a556b8082002a35a69","renukajackson1@gmail.com","false"
"","false","false","Product","HEMOGLOBIN (B)","Service Code: 0000510","[""Lab Tests""]","false","[{""tier_name"":""Standard"",""price"":1.80,""sessions"":1,""unit_type"":""test""}]","active","695984deb259bfbdcc172629","2026-01-03T21:06:38.130000","2026-01-03T21:06:38.130000","695939a556b8082002a35a69","renukajackson1@gmail.com","false"
"","false","false","Product","HCG, TOTAL, QN","Service Code: 0008396","[""Lab Tests""]","false","[{""tier_name"":""Standard"",""price"":9.42,""sessions"":1,""unit_type"":""test""}]","active","695984deb259bfbdcc172620","2026-01-03T21:06:38.130000","2026-01-03T21:06:38.130000","695939a556b8082002a35a69","renukajackson1@gmail.com","false"
"","false","false","Product","HEMOGLOBIN A1C REFL","Service Code: 0010380","[""Lab Tests""]","false","[{""tier_name"":""Standard"",""price"":6.98,""sessions"":1,""unit_type"":""test""}]","active","695984deb259bfbdcc17262b","2026-01-03T21:06:38.130000","2026-01-03T21:06:38.130000","695939a556b8082002a35a69","renukajackson1@gmail.com","false"
"","false","false","Product","HDL-CHOLESTEROL","Service Code: 0000608","[""Lab Tests""]","false","[{""tier_name"":""Standard"",""price"":4.44,""sessions"":1,""unit_type"":""test""}]","active","695984deb259bfbdcc172626","2026-01-03T21:06:38.130000","2026-01-03T21:06:38.130000","695939a556b8082002a35a69","renukajackson1@gmail.com","false"
"","false","false","Product","GC RNA, TMA,UROGEN","Service Code: 0011362","[""Lab Tests""]","false","[{""tier_name"":""Standard"",""price"":25.20,""sessions"":1,""unit_type"":""test""}]","active","695984deb259bfbdcc17261b","2026-01-03T21:06:38.130000","2026-01-03T21:06:38.130000","695939a556b8082002a35a69","renukajackson1@gmail.com","false"
"","false","false","Product","HCV RNA,PCR W/RFLS","Service Code: 0093873","[""Lab Tests""]","false","[{""tier_name"":""Standard"",""price"":229.20,""sessions"":1,""unit_type"":""test""}]","active","695984deb259bfbdcc172623","2026-01-03T21:06:38.130000","2026-01-03T21:06:38.130000","695939a556b8082002a35a69","renukajackson1@gmail.com","false"
"","false","false","Product","HCG W/GEST TABLE","Service Code: 0019485","[""Lab Tests""]","false","[{""tier_name"":""Standard"",""price"":8.61,""sessions"":1,""unit_type"":""test""}]","active","695984deb259bfbdcc17261f","2026-01-03T21:06:38.130000","2026-01-03T21:06:38.130000","695939a556b8082002a35a69","renukajackson1@gmail.com","false"
"","false","false","Product","CORTISOL, TOTAL","Service Code: 0000367","[""Lab Tests""]","false","[{""tier_name"":""Standard"",""price"":19.88,""sessions"":1,""unit_type"":""test""}]","active","695984deb259bfbdcc172601","2026-01-03T21:06:38.104000","2026-01-03T21:06:38.104000","695939a556b8082002a35a69","renukajackson1@gmail.com","false"
"","false","false","Product","ELECTROLYTE PNL, PLASMA","Service Code: 0014964","[""Lab Tests""]","false","[{""tier_name"":""Standard"",""price"":7.24,""sessions"":1,""unit_type"":""test""}]","active","695984deb259bfbdcc172612","2026-01-03T21:06:38.104000","2026-01-03T21:06:38.104000","695939a556b8082002a35a69","renukajackson1@gmail.com","false"
"","false","false","Product","DRAW FEE, CAPILLARY","Service Code: 0011279","[""Lab Tests""]","false","[{""tier_name"":""Standard"",""price"":10.55,""sessions"":1,""unit_type"":""test""}]","active","695984deb259bfbdcc17260e","2026-01-03T21:06:38.104000","2026-01-03T21:06:38.104000","695939a556b8082002a35a69","renukajackson1@gmail.com","false"
"","false","false","Product","DHT, FREE","Service Code: 0036168","[""Lab Tests""]","false","[{""tier_name"":""Standard"",""price"":88.22,""sessions"":1,""unit_type"":""test""}]","active","695984deb259bfbdcc17260c","2026-01-03T21:06:38.104000","2026-01-03T21:06:38.104000","695939a556b8082002a35a69","renukajackson1@gmail.com","false"
"","false","false","Product","ESTRADIOL","Service Code: 0014196","[""Lab Tests""]","false","[{""tier_name"":""Standard"",""price"":20.92,""sessions"":1,""unit_type"":""test""}]","active","695984deb259bfbdcc172614","2026-01-03T21:06:38.104000","2026-01-03T21:06:38.104000","695939a556b8082002a35a69","renukajackson1@gmail.com","false"
"","false","false","Product","CULT,(U), SPECIAL","Service Code: 0003021","[""Lab Tests""]","false","[{""tier_name"":""Standard"",""price"":13.60,""sessions"":1,""unit_type"":""test""}]","active","695984deb259bfbdcc172607","2026-01-03T21:06:38.104000","2026-01-03T21:06:38.104000","695939a556b8082002a35a69","renukajackson1@gmail.com","false"
"","false","false","Product","CT/GC RNA,TMA,UROGEN","Service Code: 0011363","[""Lab Tests""]","false","[{""tier_name"":""Standard"",""price"":50.40,""sessions"":1,""unit_type"":""test""}]","active","695984deb259bfbdcc172604","2026-01-03T21:06:38.104000","2026-01-03T21:06:38.104000","695939a556b8082002a35a69","renukajackson1@gmail.com","false"
"","false","false","Product","CREATININE","Service Code: 0000375","[""Lab Tests""]","false","[{""tier_name"":""Standard"",""price"":6.34,""sessions"":1,""unit_type"":""test""}]","active","695984deb259bfbdcc172602","2026-01-03T21:06:38.104000","2026-01-03T21:06:38.104000","695939a556b8082002a35a69","renukajackson1@gmail.com","false"
"","false","false","Product","DIHYDROTESTOSTERONE","Service Code: 0090567","[""Lab Tests""]","false","[{""tier_name"":""Standard"",""price"":63.12,""sessions"":1,""unit_type"":""test""}]","active","695984deb259bfbdcc17260d","2026-01-03T21:06:38.104000","2026-01-03T21:06:38.104000","695939a556b8082002a35a69","renukajackson1@gmail.com","false"
"","false","false","Product","CYTOPATH, GYN 2","Service Code: PMSC1","[""Lab Tests""]","false","[{""tier_name"":""Standard"",""price"":29.98,""sessions"":1,""unit_type"":""test""}]","active","695984deb259bfbdcc172609","2026-01-03T21:06:38.104000","2026-01-03T21:06:38.104000","695939a556b8082002a35a69","renukajackson1@gmail.com","false"
"","false","false","Product","CYTOPATH, GYN 1","Service Code: PAM1","[""Lab Tests""]","false","[{""tier_name"":""Standard"",""price"":14.99,""sessions"":1,""unit_type"":""test""}]","active","695984deb259bfbdcc172608","2026-01-03T21:06:38.104000","2026-01-03T21:06:38.104000","695939a556b8082002a35a69","renukajackson1@gmail.com","false"
"","false","false","Product","ELECTROLYTE PANEL","Service Code: 0034392","[""Lab Tests""]","false","[{""tier_name"":""Standard"",""price"":7.24,""sessions"":1,""unit_type"":""test""}]","active","695984deb259bfbdcc172611","2026-01-03T21:06:38.104000","2026-01-03T21:06:38.104000","695939a556b8082002a35a69","renukajackson1@gmail.com","false"
"","false","false","Product","ESTRADIOL, RAPID","Service Code: 0015577","[""Lab Tests""]","false","[{""tier_name"":""Standard"",""price"":20.92,""sessions"":1,""unit_type"":""test""}]","active","695984deb259bfbdcc172615","2026-01-03T21:06:38.104000","2026-01-03T21:06:38.104000","695939a556b8082002a35a69","renukajackson1@gmail.com","false"
"","false","false","Product","CYTYC PAP","Service Code: CYTP1","[""Lab Tests""]","false","[{""tier_name"":""Standard"",""price"":34.62,""sessions"":1,""unit_type"":""test""}]","active","695984deb259bfbdcc17260a","2026-01-03T21:06:38.104000","2026-01-03T21:06:38.104000","695939a556b8082002a35a69","renukajackson1@gmail.com","false"
"","false","false","Product","CT RNA,TMA,UROGEN","Service Code: 0011361","[""Lab Tests""]","false","[{""tier_name"":""Standard"",""price"":25.20,""sessions"":1,""unit_type"":""test""}]","active","695984deb259bfbdcc172603","2026-01-03T21:06:38.104000","2026-01-03T21:06:38.104000","695939a556b8082002a35a69","renukajackson1@gmail.com","false"
"","false","false","Product","CORTISOL, P.M.","Service Code: 0004213","[""Lab Tests""]","false","[{""tier_name"":""Standard"",""price"":19.88,""sessions"":1,""unit_type"":""test""}]","active","695984deb259bfbdcc172600","2026-01-03T21:06:38.104000","2026-01-03T21:06:38.104000","695939a556b8082002a35a69","renukajackson1@gmail.com","false"
"","false","false","Product","CT/NG RNA TMA W/REFL","Service Code: 0091773","[""Lab Tests""]","false","[{""tier_name"":""Standard"",""price"":50.40,""sessions"":1,""unit_type"":""test""}]","active","695984deb259bfbdcc172605","2026-01-03T21:06:38.104000","2026-01-03T21:06:38.104000","695939a556b8082002a35a69","renukajackson1@gmail.com","false"
"","false","false","Product","ESTRADIOL","Service Code: 0004021","[""Lab Tests""]","false","[{""tier_name"":""Standard"",""price"":20.92,""sessions"":1,""unit_type"":""test""}]","active","695984deb259bfbdcc172613","2026-01-03T21:06:38.104000","2026-01-03T21:06:38.104000","695939a556b8082002a35a69","renukajackson1@gmail.com","false"
"","false","false","Product","DRAW FEE, PSC SPEC.","Service Code: 0003259","[""Lab Tests""]","false","[{""tier_name"":""Standard"",""price"":12.44,""sessions"":1,""unit_type"":""test""}]","active","695984deb259bfbdcc17260f","2026-01-03T21:06:38.104000","2026-01-03T21:06:38.104000","695939a556b8082002a35a69","renukajackson1@gmail.com","false"
"","false","false","Product","CYTYC PAP & RVW","Service Code: CYIM1","[""Lab Tests""]","false","[{""tier_name"":""Standard"",""price"":43.27,""sessions"":1,""unit_type"":""test""}]","active","695984deb259bfbdcc17260b","2026-01-03T21:06:38.104000","2026-01-03T21:06:38.104000","695939a556b8082002a35a69","renukajackson1@gmail.com","false"
"","false","false","Product","CULT, (U) ROUTINE","Service Code: 0000395","[""Lab Tests""]","false","[{""tier_name"":""Standard"",""price"":13.60,""sessions"":1,""unit_type"":""test""}]","active","695984deb259bfbdcc172606","2026-01-03T21:06:38.104000","2026-01-03T21:06:38.104000","695939a556b8082002a35a69","renukajackson1@gmail.com","false"
"","false","false","Product","EBV AB PANEL","Service Code: 0006421","[""Lab Tests""]","false","[{""tier_name"":""Standard"",""price"":90.64,""sessions"":1,""unit_type"":""test""}]","active","695984deb259bfbdcc172610","2026-01-03T21:06:38.104000","2026-01-03T21:06:38.104000","695939a556b8082002a35a69","renukajackson1@gmail.com","false"
"","false","false","Product","CORTISOL, A.M.","Service Code: 0004212","[""Lab Tests""]","false","[{""tier_name"":""Standard"",""price"":19.88,""sessions"":1,""unit_type"":""test""}]","active","695984deb259bfbdcc1725ff","2026-01-03T21:06:38.103000","2026-01-03T21:06:38.104000","695939a556b8082002a35a69","renukajackson1@gmail.com","false"
"","false","false","Product","COMP METAB PNL, PLASMA","Service Code: 0090839","[""Lab Tests""]","false","[{""tier_name"":""Standard"",""price"":10.86,""sessions"":1,""unit_type"":""test""}]","active","695984a7b259bfbdcc1725eb","2026-01-03T21:05:43.548000","2026-01-03T21:05:43.548000","695939a556b8082002a35a69","renukajackson1@gmail.com","false"
"","false","false","Product","CMP W/O ALT","Service Code: 0035555","[""Lab Tests""]","false","[{""tier_name"":""Standard"",""price"":10.50,""sessions"":1,""unit_type"":""test""}]","active","695984a7b259bfbdcc1725e8","2026-01-03T21:05:43.548000","2026-01-03T21:05:43.548000","695939a556b8082002a35a69","renukajackson1@gmail.com","false"
"","false","false","Product","CMP W/O CO2,ALT","Service Code: 0034389","[""Lab Tests""]","false","[{""tier_name"":""Standard"",""price"":10.14,""sessions"":1,""unit_type"":""test""}]","active","695984a7b259bfbdcc1725e9","2026-01-03T21:05:43.548000","2026-01-03T21:05:43.548000","695939a556b8082002a35a69","renukajackson1@gmail.com","false"
"","false","false","Product","CORTISOL, 5 SPEC","Service Code: 0006735","[""Lab Tests""]","false","[{""tier_name"":""Standard"",""price"":99.40,""sessions"":1,""unit_type"":""test""}]","active","695984a7b259bfbdcc1725f5","2026-01-03T21:05:43.548000","2026-01-03T21:05:43.548000","695939a556b8082002a35a69","renukajackson1@gmail.com","false"
"","false","false","Product","CHOLESTEROL,PLEUR.FL","Service Code: 0017586","[""Lab Tests""]","false","[{""tier_name"":""Standard"",""price"":4.31,""sessions"":1,""unit_type"":""test""}]","active","695984a7b259bfbdcc1725e6","2026-01-03T21:05:43.548000","2026-01-03T21:05:43.548000","695939a556b8082002a35a69","renukajackson1@gmail.com","false"
"","false","false","Product","CORTISOL, 4 SPEC","Service Code: 0006736","[""Lab Tests""]","false","[{""tier_name"":""Standard"",""price"":79.52,""sessions"":1,""unit_type"":""test""}]","active","695984a7b259bfbdcc1725f4","2026-01-03T21:05:43.548000","2026-01-03T21:05:43.548000","695939a556b8082002a35a69","renukajackson1@gmail.com","false"
"","false","false","Product","CHLAMYDIA/N. GONORRHOEAE","Service Code: 0013525","[""Lab Tests""]","false","[{""tier_name"":""Standard"",""price"":50.40,""sessions"":1,""unit_type"":""test""}]","active","695984a7b259bfbdcc1725e2","2026-01-03T21:05:43.548000","2026-01-03T21:05:43.548000","695939a556b8082002a35a69","renukajackson1@gmail.com","false"
"","false","false","Product","CORTISOL, 3 SPEC","Service Code: 0007303","[""Lab Tests""]","false","[{""tier_name"":""Standard"",""price"":59.64,""sessions"":1,""unit_type"":""test""}]","active","695984a7b259bfbdcc1725f3","2026-01-03T21:05:43.548000","2026-01-03T21:05:43.548000","695939a556b8082002a35a69","renukajackson1@gmail.com","false"
"","false","false","Product","CORD BLOOD ABO/RH","Service Code: 0015081","[""Lab Tests""]","false","[{""tier_name"":""Standard"",""price"":8.01,""sessions"":1,""unit_type"":""test""}]","active","695984a7b259bfbdcc1725ed","2026-01-03T21:05:43.548000","2026-01-03T21:05:43.548000","695939a556b8082002a35a69","renukajackson1@gmail.com","false"
"","false","false","Product","CORTISOL 60 MIN","Service Code: 0038173","[""Lab Tests""]","false","[{""tier_name"":""Standard"",""price"":19.88,""sessions"":1,""unit_type"":""test""}]","active","695984a7b259bfbdcc1725f0","2026-01-03T21:05:43.548000","2026-01-03T21:05:43.548000","695939a556b8082002a35a69","renukajackson1@gmail.com","false"
"","false","false","Product","CHLORIDE","Service Code: 0000330","[""Lab Tests""]","false","[{""tier_name"":""Standard"",""price"":6.34,""sessions"":1,""unit_type"":""test""}]","active","695984a7b259bfbdcc1725e3","2026-01-03T21:05:43.548000","2026-01-03T21:05:43.548000","695939a556b8082002a35a69","renukajackson1@gmail.com","false"
"","false","false","Product","CORTISOL 15 MIN","Service Code: 0038171","[""Lab Tests""]","false","[{""tier_name"":""Standard"",""price"":19.88,""sessions"":1,""unit_type"":""test""}]","active","695984a7b259bfbdcc1725ee","2026-01-03T21:05:43.548000","2026-01-03T21:05:43.548000","695939a556b8082002a35a69","renukajackson1@gmail.com","false"
"","false","false","Product","CHOLESTEROL,TOTAL","Service Code: 0091717","[""Lab Tests""]","false","[{""tier_name"":""Standard"",""price"":4.15,""sessions"":1,""unit_type"":""test""}]","active","695984a7b259bfbdcc1725e7","2026-01-03T21:05:43.548000","2026-01-03T21:05:43.548000","695939a556b8082002a35a69","renukajackson1@gmail.com","false"
"","false","false","Product","CORTISOL BASELINE","Service Code: 0038149","[""Lab Tests""]","false","[{""tier_name"":""Standard"",""price"":19.88,""sessions"":1,""unit_type"":""test""}]","active","695984a7b259bfbdcc1725f1","2026-01-03T21:05:43.548000","2026-01-03T21:05:43.548000","695939a556b8082002a35a69","renukajackson1@gmail.com","false"
"","false","false","Product","CORTISOL, 6 SPEC","Service Code: 0006734","[""Lab Tests""]","false","[{""tier_name"":""Standard"",""price"":119.28,""sessions"":1,""unit_type"":""test""}]","active","695984a7b259bfbdcc1725f6","2026-01-03T21:05:43.548000","2026-01-03T21:05:43.548000","695939a556b8082002a35a69","renukajackson1@gmail.com","false"
"","false","false","Product","CHOLESTEROL, PERT FL","Service Code: 0017585","[""Lab Tests""]","false","[{""tier_name"":""Standard"",""price"":4.15,""sessions"":1,""unit_type"":""test""}]","active","695984a7b259bfbdcc1725e4","2026-01-03T21:05:43.548000","2026-01-03T21:05:43.548000","695939a556b8082002a35a69","renukajackson1@gmail.com","false"
"","false","false","Product","CHLAMYDIA/GC RNA,T","Service Code: 0036341","[""Lab Tests""]","false","[{""tier_name"":""Standard"",""price"":50.40,""sessions"":1,""unit_type"":""test""}]","active","695984a7b259bfbdcc1725e0","2026-01-03T21:05:43.548000","2026-01-03T21:05:43.548000","695939a556b8082002a35a69","renukajackson1@gmail.com","false"
"","false","false","Product","CORTISOL, 2 SPEC","Service Code: 0006738","[""Lab Tests""]","false","[{""tier_name"":""Standard"",""price"":39.76,""sessions"":1,""unit_type"":""test""}]","active","695984a7b259bfbdcc1725f2","2026-01-03T21:05:43.548000","2026-01-03T21:05:43.548000","695939a556b8082002a35a69","renukajackson1@gmail.com","false"
"","false","false","Product","COMP METAB PNL","Service Code: 0010231","[""Lab Tests""]","false","[{""tier_name"":""Standard"",""price"":10.86,""sessions"":1,""unit_type"":""test""}]","active","695984a7b259bfbdcc1725ea","2026-01-03T21:05:43.548000","2026-01-03T21:05:43.548000","695939a556b8082002a35a69","renukajackson1@gmail.com","false"
"","false","false","Product","COMP METAB W/ADJ CAL PLS","Service Code: 0090840","[""Lab Tests""]","false","[{""tier_name"":""Standard"",""price"":10.86,""sessions"":1,""unit_type"":""test""}]","active","695984a7b259bfbdcc1725ec","2026-01-03T21:05:43.548000","2026-01-03T21:05:43.548000","695939a556b8082002a35a69","renukajackson1@gmail.com","false"
"","false","false","Product","CORTISOL 30 MIN","Service Code: 0038172","[""Lab Tests""]","false","[{""tier_name"":""Standard"",""price"":19.88,""sessions"":1,""unit_type"":""test""}]","active","695984a7b259bfbdcc1725ef","2026-01-03T21:05:43.548000","2026-01-03T21:05:43.548000","695939a556b8082002a35a69","renukajackson1@gmail.com","false"
"","false","false","Product","CHOLESTEROL, TOTAL","Service Code: 0000334","[""Lab Tests""]","false","[{""tier_name"":""Standard"",""price"":4.15,""sessions"":1,""unit_type"":""test""}]","active","695984a7b259bfbdcc1725e5","2026-01-03T21:05:43.548000","2026-01-03T21:05:43.548000","695939a556b8082002a35a69","renukajackson1@gmail.com","false"
"","false","false","Product","CHLAMYDIA/N. GON RNA, TMA","Service Code: 0016506","[""Lab Tests""]","false","[{""tier_name"":""Standard"",""price"":50.40,""sessions"":1,""unit_type"":""test""}]","active","695984a7b259bfbdcc1725e1","2026-01-03T21:05:43.548000","2026-01-03T21:05:43.548000","695939a556b8082002a35a69","renukajackson1@gmail.com","false"
"","false","false","Product","CHEM TEST 14","Service Code: 0034714","[""Lab Tests""]","false","[{""tier_name"":""Standard"",""price"":10.86,""sessions"":1,""unit_type"":""test""}]","active","695984a7b259bfbdcc1725dc","2026-01-03T21:05:43.522000","2026-01-03T21:05:43.522000","695939a556b8082002a35a69","renukajackson1@gmail.com","false"
"","false","false","Product","CARDIO IQ(TM) HS-CRP","Service Code: 0091737","[""Lab Tests""]","false","[{""tier_name"":""Standard"",""price"":15.38,""sessions"":1,""unit_type"":""test""}]","active","695984a7b259bfbdcc1725cb","2026-01-03T21:05:43.522000","2026-01-03T21:05:43.522000","695939a556b8082002a35a69","renukajackson1@gmail.com","false"
"","false","false","Product","CHEM TEST 05","Service Code: 0034705","[""Lab Tests""]","false","[{""tier_name"":""Standard"",""price"":7.61,""sessions"":1,""unit_type"":""test""}]","active","695984a7b259bfbdcc1725d3","2026-01-03T21:05:43.522000","2026-01-03T21:05:43.522000","695939a556b8082002a35a69","renukajackson1@gmail.com","false"
"","false","false","Product","CARDIO IQ(TM) HGB A1C","Service Code: 0091732","[""Lab Tests""]","false","[{""tier_name"":""Standard"",""price"":6.98,""sessions"":1,""unit_type"":""test""}]","active","695984a7b259bfbdcc1725ca","2026-01-03T21:05:43.522000","2026-01-03T21:05:43.522000","695939a556b8082002a35a69","renukajackson1@gmail.com","false"
"","false","false","Product","CBC (DIFF/PLT)","Service Code: 0006399","[""Lab Tests""]","false","[{""tier_name"":""Standard"",""price"":10.60,""sessions"":1,""unit_type"":""test""}]","active","695984a7b259bfbdcc1725cd","2026-01-03T21:05:43.522000","2026-01-03T21:05:43.522000","695939a556b8082002a35a69","renukajackson1@gmail.com","false"
"","false","false","Product","CHEM TEST 11","Service Code: 0034711","[""Lab Tests""]","false","[{""tier_name"":""Standard"",""price"":9.78,""sessions"":1,""unit_type"":""test""}]","active","695984a7b259bfbdcc1725d9","2026-01-03T21:05:43.522000","2026-01-03T21:05:43.522000","695939a556b8082002a35a69","renukajackson1@gmail.com","false"
"","false","false","Product","CHLAM/GC,RNA,TMA,THROAT","Service Code: 0070051","[""Lab Tests""]","false","[{""tier_name"":""Standard"",""price"":50.40,""sessions"":1,""unit_type"":""test""}]","active","695984a7b259bfbdcc1725df","2026-01-03T21:05:43.522000","2026-01-03T21:05:43.522000","695939a556b8082002a35a69","renukajackson1@gmail.com","false"
"","false","false","Product","CHEM TEST 07","Service Code: 0034707","[""Lab Tests""]","false","[{""tier_name"":""Standard"",""price"":8.33,""sessions"":1,""unit_type"":""test""}]","active","695984a7b259bfbdcc1725d5","2026-01-03T21:05:43.522000","2026-01-03T21:05:43.522000","695939a556b8082002a35a69","renukajackson1@gmail.com","false"
"","false","false","Product","CHEM TEST 13","Service Code: 0034713","[""Lab Tests""]","false","[{""tier_name"":""Standard"",""price"":10.50,""sessions"":1,""unit_type"":""test""}]","active","695984a7b259bfbdcc1725db","2026-01-03T21:05:43.522000","2026-01-03T21:05:43.522000","695939a556b8082002a35a69","renukajackson1@gmail.com","false"
"","false","false","Product","CHEM TEST 03","Service Code: 0034703","[""Lab Tests""]","false","[{""tier_name"":""Standard"",""price"":6.88,""sessions"":1,""unit_type"":""test""}]","active","695984a7b259bfbdcc1725d1","2026-01-03T21:05:43.522000","2026-01-03T21:05:43.522000","695939a556b8082002a35a69","renukajackson1@gmail.com","false"
"","false","false","Product","CHEM TEST 02","Service Code: 0034702","[""Lab Tests""]","false","[{""tier_name"":""Standard"",""price"":6.52,""sessions"":1,""unit_type"":""test""}]","active","695984a7b259bfbdcc1725d0","2026-01-03T21:05:43.522000","2026-01-03T21:05:43.522000","695939a556b8082002a35a69","renukajackson1@gmail.com","false"
"","false","false","Product","CHEM TEST 15","Service Code: 0034715","[""Lab Tests""]","false","[{""tier_name"":""Standard"",""price"":11.23,""sessions"":1,""unit_type"":""test""}]","active","695984a7b259bfbdcc1725dd","2026-01-03T21:05:43.522000","2026-01-03T21:05:43.522000","695939a556b8082002a35a69","renukajackson1@gmail.com","false"
"","false","false","Product","CARDIO LP-PLA2 ACT","Service Code: 0094218","[""Lab Tests""]","false","[{""tier_name"":""Standard"",""price"":48.43,""sessions"":1,""unit_type"":""test""}]","active","695984a7b259bfbdcc1725cc","2026-01-03T21:05:43.522000","2026-01-03T21:05:43.522000","695939a556b8082002a35a69","renukajackson1@gmail.com","false"
"","false","false","Product","CHEM TEST 01","Service Code: 0034701","[""Lab Tests""]","false","[{""tier_name"":""Standard"",""price"":6.34,""sessions"":1,""unit_type"":""test""}]","active","695984a7b259bfbdcc1725cf","2026-01-03T21:05:43.522000","2026-01-03T21:05:43.522000","695939a556b8082002a35a69","renukajackson1@gmail.com","false"
"","false","false","Product","CHEM TEST 09","Service Code: 0034709","[""Lab Tests""]","false","[{""tier_name"":""Standard"",""price"":9.05,""sessions"":1,""unit_type"":""test""}]","active","695984a7b259bfbdcc1725d7","2026-01-03T21:05:43.522000","2026-01-03T21:05:43.522000","695939a556b8082002a35a69","renukajackson1@gmail.com","false"
"","false","false","Product","CBC(H/H,RBC,WBC,PLT)","Service Code: 0001759","[""Lab Tests""]","false","[{""tier_name"":""Standard"",""price"":7.84,""sessions"":1,""unit_type"":""test""}]","active","695984a7b259bfbdcc1725ce","2026-01-03T21:05:43.522000","2026-01-03T21:05:43.522000","695939a556b8082002a35a69","renukajackson1@gmail.com","false"
"","false","false","Product","CHEM TEST 04","Service Code: 0034704","[""Lab Tests""]","false","[{""tier_name"":""Standard"",""price"":7.24,""sessions"":1,""unit_type"":""test""}]","active","695984a7b259bfbdcc1725d2","2026-01-03T21:05:43.522000","2026-01-03T21:05:43.522000","695939a556b8082002a35a69","renukajackson1@gmail.com","false"
"","false","false","Product","CHEM TEST 06","Service Code: 0034706","[""Lab Tests""]","false","[{""tier_name"":""Standard"",""price"":7.97,""sessions"":1,""unit_type"":""test""}]","active","695984a7b259bfbdcc1725d4","2026-01-03T21:05:43.522000","2026-01-03T21:05:43.522000","695939a556b8082002a35a69","renukajackson1@gmail.com","false"
"","false","false","Product","CHEM TEST 08","Service Code: 0034708","[""Lab Tests""]","false","[{""tier_name"":""Standard"",""price"":8.69,""sessions"":1,""unit_type"":""test""}]","active","695984a7b259bfbdcc1725d6","2026-01-03T21:05:43.522000","2026-01-03T21:05:43.522000","695939a556b8082002a35a69","renukajackson1@gmail.com","false"
"","false","false","Product","CHEM TEST 10","Service Code: 0034710","[""Lab Tests""]","false","[{""tier_name"":""Standard"",""price"":9.42,""sessions"":1,""unit_type"":""test""}]","active","695984a7b259bfbdcc1725d8","2026-01-03T21:05:43.522000","2026-01-03T21:05:43.522000","695939a556b8082002a35a69","renukajackson1@gmail.com","false"
"","false","false","Product","CHEM TEST 12","Service Code: 0034712","[""Lab Tests""]","false","[{""tier_name"":""Standard"",""price"":10.14,""sessions"":1,""unit_type"":""test""}]","active","695984a7b259bfbdcc1725da","2026-01-03T21:05:43.522000","2026-01-03T21:05:43.522000","695939a556b8082002a35a69","renukajackson1@gmail.com","false"
"","false","false","Product","CARDIO IQ MPO","Service Code: 0092814","[""Lab Tests""]","false","[{""tier_name"":""Standard"",""price"":53.88,""sessions"":1,""unit_type"":""test""}]","active","695984a7b259bfbdcc1725c9","2026-01-03T21:05:43.522000","2026-01-03T21:05:43.522000","695939a556b8082002a35a69","renukajackson1@gmail.com","false"
"","false","false","Product","CHEM TEST 16","Service Code: 0035316","[""Lab Tests""]","false","[{""tier_name"":""Standard"",""price"":11.59,""sessions"":1,""unit_type"":""test""}]","active","695984a7b259bfbdcc1725de","2026-01-03T21:05:43.522000","2026-01-03T21:05:43.522000","695939a556b8082002a35a69","renukajackson1@gmail.com","false"
"","false","false","Product","BLADDER CANCER, FISH","Service Code: 0010107","[""Lab Tests""]","false","[{""tier_name"":""Standard"",""price"":484.70,""sessions"":1,""unit_type"":""test""}]","active","695984a7b259bfbdcc1725bf","2026-01-03T21:05:43.495000","2026-01-03T21:05:43.495000","695939a556b8082002a35a69","renukajackson1@gmail.com","false"
"","false","false","Product","CAMPY CULTURE","Service Code: 0004475","[""Lab Tests""]","false","[{""tier_name"":""Standard"",""price"":31.64,""sessions"":1,""unit_type"":""test""}]","active","695984a7b259bfbdcc1725c7","2026-01-03T21:05:43.495000","2026-01-03T21:05:43.495000","695939a556b8082002a35a69","renukajackson1@gmail.com","false"
"","false","false","Product","BASIC METAB PNL W/O CA","Service Code: 0034388","[""Lab Tests""]","false","[{""tier_name"":""Standard"",""price"":8.33,""sessions"":1,""unit_type"":""test""}]","active","695984a7b259bfbdcc1725b7","2026-01-03T21:05:43.495000","2026-01-03T21:05:43.495000","695939a556b8082002a35a69","renukajackson1@gmail.com","false"
"","false","false","Product","CA125","Service Code: 0029256","[""Lab Tests""]","false","[{""tier_name"":""Standard"",""price"":36.60,""sessions"":1,""unit_type"":""test""}]","active","695984a7b259bfbdcc1725c5","2026-01-03T21:05:43.495000","2026-01-03T21:05:43.495000","695939a556b8082002a35a69","renukajackson1@gmail.com","false"
"","false","false","Product","BLADDER CANC FISH C","Service Code: 0036782","[""Lab Tests""]","false","[{""tier_name"":""Standard"",""price"":484.70,""sessions"":1,""unit_type"":""test""}]","active","695984a7b259bfbdcc1725be","2026-01-03T21:05:43.495000","2026-01-03T21:05:43.495000","695939a556b8082002a35a69","renukajackson1@gmail.com","false"
"","false","false","Product","APOLIPOPROTEIN B","Service Code: 0091726","[""Lab Tests""]","false","[{""tier_name"":""Standard"",""price"":23.47,""sessions"":1,""unit_type"":""test""}]","active","695984a7b259bfbdcc1725b2","2026-01-03T21:05:43.495000","2026-01-03T21:05:43.495000","695939a556b8082002a35a69","renukajackson1@gmail.com","false"
"","false","false","Product","C. TRACHOMATIS, TMA ALTER","Service Code: 0015031","[""Lab Tests""]","false","[{""tier_name"":""Standard"",""price"":25.20,""sessions"":1,""unit_type"":""test""}]","active","695984a7b259bfbdcc1725c3","2026-01-03T21:05:43.495000","2026-01-03T21:05:43.495000","695939a556b8082002a35a69","renukajackson1@gmail.com","false"
"","false","false","Product","C.TRACH RNA,TMA,THROAT","Service Code: 0070048","[""Lab Tests""]","false","[{""tier_name"":""Standard"",""price"":25.20,""sessions"":1,""unit_type"":""test""}]","active","695984a7b259bfbdcc1725c4","2026-01-03T21:05:43.495000","2026-01-03T21:05:43.495000","695939a556b8082002a35a69","renukajackson1@gmail.com","false"
"","false","false","Product","CARBON DIOXIDE","Service Code: 0000310","[""Lab Tests""]","false","[{""tier_name"":""Standard"",""price"":6.34,""sessions"":1,""unit_type"":""test""}]","active","695984a7b259bfbdcc1725c8","2026-01-03T21:05:43.495000","2026-01-03T21:05:43.495000","695939a556b8082002a35a69","renukajackson1@gmail.com","false"
"","false","false","Product","BLADDER CANC FISH A","Service Code: 0036779","[""Lab Tests""]","false","[{""tier_name"":""Standard"",""price"":484.70,""sessions"":1,""unit_type"":""test""}]","active","695984a7b259bfbdcc1725bc","2026-01-03T21:05:43.495000","2026-01-03T21:05:43.495000","695939a556b8082002a35a69","renukajackson1@gmail.com","false"
"","false","false","Product","BASIC METAB PNL, PLASMA","Service Code: 0090841","[""Lab Tests""]","false","[{""tier_name"":""Standard"",""price"":8.69,""sessions"":1,""unit_type"":""test""}]","active","695984a7b259bfbdcc1725b8","2026-01-03T21:05:43.495000","2026-01-03T21:05:43.495000","695939a556b8082002a35a69","renukajackson1@gmail.com","false"
"","false","false","Product","APOLIPOPROTEIN B","Service Code: 0005224","[""Lab Tests""]","false","[{""tier_name"":""Standard"",""price"":23.47,""sessions"":1,""unit_type"":""test""}]","active","695984a7b259bfbdcc1725b3","2026-01-03T21:05:43.495000","2026-01-03T21:05:43.495000","695939a556b8082002a35a69","renukajackson1@gmail.com","false"
"","false","false","Product","AST","Service Code: 0000822","[""Lab Tests""]","false","[{""tier_name"":""Standard"",""price"":6.34,""sessions"":1,""unit_type"":""test""}]","active","695984a7b259bfbdcc1725b4","2026-01-03T21:05:43.495000","2026-01-03T21:05:43.495000","695939a556b8082002a35a69","renukajackson1@gmail.com","false"
"","false","false","Product","CALCIUM","Service Code: 0000303","[""Lab Tests""]","false","[{""tier_name"":""Standard"",""price"":6.34,""sessions"":1,""unit_type"":""test""}]","active","695984a7b259bfbdcc1725c6","2026-01-03T21:05:43.495000","2026-01-03T21:05:43.495000","695939a556b8082002a35a69","renukajackson1@gmail.com","false"
"","false","false","Product","C. TRACHOMATIS RNA, TMA,","Service Code: 0016505","[""Lab Tests""]","false","[{""tier_name"":""Standard"",""price"":25.20,""sessions"":1,""unit_type"":""test""}]","active","695984a7b259bfbdcc1725c2","2026-01-03T21:05:43.495000","2026-01-03T21:05:43.495000","695939a556b8082002a35a69","renukajackson1@gmail.com","false"
"","false","false","Product","BASIC METAB PNL","Service Code: 0010165","[""Lab Tests""]","false","[{""tier_name"":""Standard"",""price"":8.69,""sessions"":1,""unit_type"":""test""}]","active","695984a7b259bfbdcc1725b6","2026-01-03T21:05:43.495000","2026-01-03T21:05:43.495000","695939a556b8082002a35a69","renukajackson1@gmail.com","false"
"","false","false","Product","BILIRUBIN, TOTAL","Service Code: 0000287","[""Lab Tests""]","false","[{""tier_name"":""Standard"",""price"":6.34,""sessions"":1,""unit_type"":""test""}]","active","695984a7b259bfbdcc1725b9","2026-01-03T21:05:43.495000","2026-01-03T21:05:43.495000","695939a556b8082002a35a69","renukajackson1@gmail.com","false"
"","false","false","Product","BUN/CREAT RATIO","Service Code: 0000296","[""Lab Tests""]","false","[{""tier_name"":""Standard"",""price"":6.52,""sessions"":1,""unit_type"":""test""}]","active","695984a7b259bfbdcc1725c0","2026-01-03T21:05:43.495000","2026-01-03T21:05:43.495000","695939a556b8082002a35a69","renukajackson1@gmail.com","false"
"","false","false","Product","BILIRUBIN,DIRECT","Service Code: 0000285","[""Lab Tests""]","false","[{""tier_name"":""Standard"",""price"":6.34,""sessions"":1,""unit_type"":""test""}]","active","695984a7b259bfbdcc1725ba","2026-01-03T21:05:43.495000","2026-01-03T21:05:43.495000","695939a556b8082002a35a69","renukajackson1@gmail.com","false"
"","false","false","Product","AUTOMATED PAP & RVW","Service Code: FPMI1","[""Lab Tests""]","false","[{""tier_name"":""Standard"",""price"":62.08,""sessions"":1,""unit_type"":""test""}]","active","695984a7b259bfbdcc1725b5","2026-01-03T21:05:43.495000","2026-01-03T21:05:43.495000","695939a556b8082002a35a69","renukajackson1@gmail.com","false"
"","false","false","Product","BILIRUBIN,FRAC.","Service Code: 0007286","[""Lab Tests""]","false","[{""tier_name"":""Standard"",""price"":6.52,""sessions"":1,""unit_type"":""test""}]","active","695984a7b259bfbdcc1725bb","2026-01-03T21:05:43.495000","2026-01-03T21:05:43.495000","695939a556b8082002a35a69","renukajackson1@gmail.com","false"
"","false","false","Product","BLADDER CANC FISH B","Service Code: 0036781","[""Lab Tests""]","false","[{""tier_name"":""Standard"",""price"":484.70,""sessions"":1,""unit_type"":""test""}]","active","695984a7b259bfbdcc1725bd","2026-01-03T21:05:43.495000","2026-01-03T21:05:43.495000","695939a556b8082002a35a69","renukajackson1@gmail.com","false"
"","false","false","Product","BV AND VAG SCR, DNA","Service Code: 0014577","[""Lab Tests""]","false","[{""tier_name"":""Standard"",""price"":168.67,""sessions"":1,""unit_type"":""test""}]","active","695984a7b259bfbdcc1725c1","2026-01-03T21:05:43.495000","2026-01-03T21:05:43.495000","695939a556b8082002a35a69","renukajackson1@gmail.com","false"
"","false","false","Product","ANA TITER&PATTERN","Service Code: 0036209","[""Lab Tests""]","false","[{""tier_name"":""Standard"",""price"":8.09,""sessions"":1,""unit_type"":""test""}]","active","695984a7b259bfbdcc1725b0","2026-01-03T21:05:43.467000","2026-01-03T21:05:43.467000","695939a556b8082002a35a69","renukajackson1@gmail.com","false"
"","false","false","Product","URIC ACID (U)W/CR","Service Code: 0001744","[""Lab Tests""]","false","[{""tier_name"":""Standard"",""price"":26.44,""sessions"":1,""unit_type"":""test""}]","active","695984a7b259bfbdcc1725a6","2026-01-03T21:05:43.467000","2026-01-03T21:05:43.467000","695939a556b8082002a35a69","renukajackson1@gmail.com","false"
"","false","false","Product","UA 24HR (U)W/CR","Service Code: 0000907","[""Lab Tests""]","false","[{""tier_name"":""Standard"",""price"":26.44,""sessions"":1,""unit_type"":""test""}]","active","695984a7b259bfbdcc1725a5","2026-01-03T21:05:43.467000","2026-01-03T21:05:43.467000","695939a556b8082002a35a69","renukajackson1@gmail.com","false"
"","false","false","Product","ABO GRP AND RH TYPE","Service Code: 0007788","[""Lab Tests""]","false","[{""tier_name"":""Standard"",""price"":8.01,""sessions"":1,""unit_type"":""test""}]","active","695984a7b259bfbdcc1725a9","2026-01-03T21:05:43.467000","2026-01-03T21:05:43.467000","695939a556b8082002a35a69","renukajackson1@gmail.com","false"
"","false","false","Product","ANA IFA W/REFL","Service Code: 0038318","[""Lab Tests""]","false","[{""tier_name"":""Standard"",""price"":10.85,""sessions"":1,""unit_type"":""test""}]","active","695984a7b259bfbdcc1725ae","2026-01-03T21:05:43.467000","2026-01-03T21:05:43.467000","695939a556b8082002a35a69","renukajackson1@gmail.com","false"
"","false","false","Product","ALBUMIN","Service Code: 0000223","[""Lab Tests""]","false","[{""tier_name"":""Standard"",""price"":6.34,""sessions"":1,""unit_type"":""test""}]","active","695984a7b259bfbdcc1725aa","2026-01-03T21:05:43.467000","2026-01-03T21:05:43.467000","695939a556b8082002a35a69","renukajackson1@gmail.com","false"
"","false","false","Product","ANA W/RFX","Service Code: 0000249","[""Lab Tests""]","false","[{""tier_name"":""Standard"",""price"":10.85,""sessions"":1,""unit_type"":""test""}]","active","695984a7b259bfbdcc1725b1","2026-01-03T21:05:43.467000","2026-01-03T21:05:43.467000","695939a556b8082002a35a69","renukajackson1@gmail.com","false"
"","false","false","Product","AMYLASE","Service Code: 0000243","[""Lab Tests""]","false","[{""tier_name"":""Standard"",""price"":14.32,""sessions"":1,""unit_type"":""test""}]","active","695984a7b259bfbdcc1725ad","2026-01-03T21:05:43.467000","2026-01-03T21:05:43.467000","695939a556b8082002a35a69","renukajackson1@gmail.com","false"
"","false","false","Product","ANA SCREEN","Service Code: 0010321","[""Lab Tests""]","false","[{""tier_name"":""Standard"",""price"":10.85,""sessions"":1,""unit_type"":""test""}]","active","695984a7b259bfbdcc1725af","2026-01-03T21:05:43.467000","2026-01-03T21:05:43.467000","695939a556b8082002a35a69","renukajackson1@gmail.com","false"
"","false","false","Product","VIT B12/FOLATE, SERUM","Service Code: 0007065","[""Lab Tests""]","false","[{""tier_name"":""Standard"",""price"":20.20,""sessions"":1,""unit_type"":""test""}]","active","695984a7b259bfbdcc1725a7","2026-01-03T21:05:43.467000","2026-01-03T21:05:43.467000","695939a556b8082002a35a69","renukajackson1@gmail.com","false"
"","false","false","Product","ALKALINE PHOSPHATASE","Service Code: 0000234","[""Lab Tests""]","false","[{""tier_name"":""Standard"",""price"":6.34,""sessions"":1,""unit_type"":""test""}]","active","695984a7b259bfbdcc1725ab","2026-01-03T21:05:43.467000","2026-01-03T21:05:43.467000","695939a556b8082002a35a69","renukajackson1@gmail.com","false"
"","false","false","Product","ABO GROUP","Service Code: 0000785","[""Lab Tests""]","false","[{""tier_name"":""Standard"",""price"":4.01,""sessions"":1,""unit_type"":""test""}]","active","695984a7b259bfbdcc1725a8","2026-01-03T21:05:43.467000","2026-01-03T21:05:43.467000","695939a556b8082002a35a69","renukajackson1@gmail.com","false"
"","false","false","Product","ALT","Service Code: 0000823","[""Lab Tests""]","false","[{""tier_name"":""Standard"",""price"":6.34,""sessions"":1,""unit_type"":""test""}]","active","695984a7b259bfbdcc1725ac","2026-01-03T21:05:43.467000","2026-01-03T21:05:43.467000","695939a556b8082002a35a69","renukajackson1@gmail.com","false"
"","false","false","Product","SUREPATH WITH HPV","Service Code: 0015095","[""Lab Tests""]","false","[{""tier_name"":""Standard"",""price"":105.02,""sessions"":1,""unit_type"":""test""}]","active","695984a7b259bfbdcc1725a4","2026-01-03T21:05:43.467000","2026-01-03T21:05:43.467000","695939a556b8082002a35a69","renukajackson1@gmail.com","false"
"","false","false","Product","LIPID PANEL, STANDARD","Service Code: 0007600","[""Lab Tests""]","false","[{""tier_name"":""Standard"",""price"":12.68,""sessions"":1,""unit_type"":""test""}]","active","695984a7b259bfbdcc1725a0","2026-01-03T21:05:43.466000","2026-01-03T21:05:43.466000","695939a556b8082002a35a69","renukajackson1@gmail.com","false"
"","false","false","Product","HPV DNA PCR RFL TIS,NM","Service Code: 0012539","[""Lab Tests""]","false","[{""tier_name"":""Standard"",""price"":58.96,""sessions"":1,""unit_type"":""test""}]","active","695984a7b259bfbdcc17259e","2026-01-03T21:05:43.466000","2026-01-03T21:05:43.466000","695939a556b8082002a35a69","renukajackson1@gmail.com","false"
"","false","false","Product","OBSTETRIC PANEL","Service Code: 0020210","[""Lab Tests""]","false","[{""tier_name"":""Standard"",""price"":52.14,""sessions"":1,""unit_type"":""test""}]","active","695984a7b259bfbdcc1725a3","2026-01-03T21:05:43.466000","2026-01-03T21:05:43.466000","695939a556b8082002a35a69","renukajackson1@gmail.com","false"
"","false","false","Product","HEPATITIS PANEL","Service Code: 0006462","[""Lab Tests""]","false","[{""tier_name"":""Standard"",""price"":71.54,""sessions"":1,""unit_type"":""test""}]","active","695984a7b259bfbdcc17259d","2026-01-03T21:05:43.466000","2026-01-03T21:05:43.466000","695939a556b8082002a35a69","renukajackson1@gmail.com","false"
"","false","false","Product","LIPID PNL W/REF DIR LDL","Service Code: 0014852","[""Lab Tests""]","false","[{""tier_name"":""Standard"",""price"":12.68,""sessions"":1,""unit_type"":""test""}]","active","695984a7b259bfbdcc1725a1","2026-01-03T21:05:43.466000","2026-01-03T21:05:43.466000","695939a556b8082002a35a69","renukajackson1@gmail.com","false"
"","false","false","Product","METABOLIC RISK PANEL","Service Code: 0039447","[""Lab Tests""]","false","[{""tier_name"":""Standard"",""price"":151.40,""sessions"":1,""unit_type"":""test""}]","active","695984a7b259bfbdcc1725a2","2026-01-03T21:05:43.466000","2026-01-03T21:05:43.466000","695939a556b8082002a35a69","renukajackson1@gmail.com","false"
"","false","false","Product","LIPID PANEL, CARDIO IQ/R","Service Code: 0091716","[""Lab Tests""]","false","[{""tier_name"":""Standard"",""price"":12.68,""sessions"":1,""unit_type"":""test""}]","active","695984a7b259bfbdcc17259f","2026-01-03T21:05:43.466000","2026-01-03T21:05:43.466000","695939a556b8082002a35a69","renukajackson1@gmail.com","false"
"","false","false","Product","HEP PNL ACUTE W/REF","Service Code: 0010306","[""Lab Tests""]","false","[{""tier_name"":""Standard"",""price"":50.15,""sessions"":1,""unit_type"":""test""}]","active","695984a7b259bfbdcc17259c","2026-01-03T21:05:43.466000","2026-01-03T21:05:43.466000","695939a556b8082002a35a69","renukajackson1@gmail.com","false"
"","false","false","Product","ADV LIPID PNL, W/INFLAMM","Service Code: 0094220","[""Lab Tests""]","false","[{""tier_name"":""Standard"",""price"":160.01,""sessions"":1,""unit_type"":""test""}]","active","695984a7b259bfbdcc17259b","2026-01-03T21:05:43.466000","2026-01-03T21:05:43.466000","695939a556b8082002a35a69","renukajackson1@gmail.com","false"
"[]","false","false","Product","_category_Nutrafol","","[""Nutrafol""]","false","[{""tier_name"":""N/A"",""price"":0,""sessions"":1}]","inactive","69597a037267bd32bc193b96","2026-01-03T20:20:19.983000","2026-01-03T20:20:19.983000","695939a556b8082002a35a69","renukajackson1@gmail.com","false"
"[]","false","false","Product","_category_PRP/PRF","","","false","[{""tier_name"":""N/A"",""price"":0,""sessions"":1}]","inactive","69596bd2fc43c764fc530fe7","2026-01-03T19:19:46.468000","2026-01-03T19:19:46.468000","695939a556b8082002a35a69","renukajackson1@gmail.com","false"
"[]","false","false","Product","_category_Vitamin IV","","","false","[{""tier_name"":""N/A"",""price"":0,""sessions"":1}]","inactive","69596b7aa22b34a61ee0b900","2026-01-03T19:18:18.710000","2026-01-03T19:18:18.710000","695939a556b8082002a35a69","renukajackson1@gmail.com","false"
"[]","false","false","Product","_category_Vitamin Shots","","","false","[{""tier_name"":""N/A"",""price"":0,""sessions"":1}]","inactive","69596b719a9bec41df6ed370","2026-01-03T19:18:09.261000","2026-01-03T19:18:09.261000","695939a556b8082002a35a69","renukajackson1@gmail.com","false"
"[]","false","false","Product","_category_Product","","","false","[{""tier_name"":""N/A"",""price"":0,""sessions"":1}]","inactive","69596b34227314f8f5bac572","2026-01-03T19:17:08.334000","2026-01-03T19:17:08.334000","695939a556b8082002a35a69","renukajackson1@gmail.com","false"
"[]","false","false","Product","TADALAFIL","Tadalafil","[""Mens Health"",""Product""]","false","[{""tier_name"":""Retail"",""price"":59.95,""sessions"":1,""unit_type"":""sessions""}]","active","6959680909033fffa3f45cae","2026-01-03T19:03:37.874000","2026-02-02T04:19:32.587000","695939a556b8082002a35a69","renukajackson1@gmail.com","false"
"[]","false","true","Product","CARTESSA ACCELERATE KIT","Cartessa Accelerate Kit","","false","[{""tier_name"":""Retail"",""price"":200,""sessions"":1}]","active","6959680909033fffa3f45cb0","2026-01-03T19:03:37.874000","2026-01-03T19:12:01.210000","695939a556b8082002a35a69","renukajackson1@gmail.com","false"
"[]","false","true","Product","BABY FOOT","Baby Foot treatment","[""Product"",""Wellness""]","false","[{""tier_name"":""Retail"",""price"":25,""sessions"":1,""unit_type"":""sessions""}]","active","6959680909033fffa3f45cad","2026-01-03T19:03:37.874000","2026-01-03T20:01:33.301000","695939a556b8082002a35a69","renukajackson1@gmail.com","false"
"[]","false","true","Product","CARTESSA GEAR UP KIT","Cartessa Gear Up Kit","[""Aesthetics""]","false","[{""tier_name"":""Retail"",""price"":200,""sessions"":1,""unit_type"":""sessions""}]","active","6959680909033fffa3f45caf","2026-01-03T19:03:37.874000","2026-01-03T20:03:39.682000","695939a556b8082002a35a69","renukajackson1@gmail.com","false"
"[]","false","false","Product","DR. BLOY'S BUM BALM","Dr. Bloy's Bum Balm","[""Product""]","false","[{""tier_name"":""Retail"",""price"":30,""sessions"":1,""unit_type"":""sessions""}]","active","6959680909033fffa3f45caa","2026-01-03T19:03:37.874000","2026-01-03T19:56:57.740000","695939a556b8082002a35a69","renukajackson1@gmail.com","false"
"[]","false","false","Product","LATISSE","Latisse eyelash growth treatment","","false","[{""tier_name"":""Retail"",""price"":190,""sessions"":1}]","active","6959680909033fffa3f45cac","2026-01-03T19:03:37.874000","2026-01-03T19:16:57.573000","695939a556b8082002a35a69","renukajackson1@gmail.com","false"
"[]","false","true","Product","THYROID SUPPLEMENT","Thyroid supplement","[""Wellness"",""Product""]","false","[{""tier_name"":""Retail"",""price"":43.75,""sessions"":1,""unit_type"":""sessions""}]","active","6959680909033fffa3f45cb1","2026-01-03T19:03:37.874000","2026-01-03T20:02:03.096000","695939a556b8082002a35a69","renukajackson1@gmail.com","false"
"[]","false","true","Product","ELEMIS DYNAMIC RESURFACING PEEL & RESET","Elemis Dynamic Resurfacing Peel & Reset","[""Elemis""]","false","[{""tier_name"":""Retail"",""price"":118,""sessions"":1,""unit_type"":""sessions""}]","active","695967ccbc8c2ad01a180b5f","2026-01-03T19:02:36.346000","2026-01-04T00:02:59.923000","695939a556b8082002a35a69","renukajackson1@gmail.com","false"
"[]","false","true","Product","ELEMIS PRO-COLLAGEN SKIN PROTECTION FLUID SPF 50","Elemis Pro-Collagen Skin Protection Fluid SPF 50","[""Elemis""]","false","[{""tier_name"":""Retail"",""price"":70,""sessions"":1,""unit_type"":""sessions""}]","active","695967ccbc8c2ad01a180b58","2026-01-03T19:02:36.346000","2026-01-04T00:01:40.219000","695939a556b8082002a35a69","renukajackson1@gmail.com","false"
"[]","false","true","Product","ELEMIS DYNAMIC RESURFACING GEL MASK","Elemis Dynamic Resurfacing Gel Mask","[""Elemis""]","false","[{""tier_name"":""Retail"",""price"":88,""sessions"":1,""unit_type"":""sessions""}]","active","695967ccbc8c2ad01a180b5e","2026-01-03T19:02:36.346000","2026-01-04T00:03:48.523000","695939a556b8082002a35a69","renukajackson1@gmail.com","false"
"[]","false","true","Product","ELEMIS PRO-COLLAGEN MARINE CREAM SPF 30","Elemis Pro-Collagen Marine Cream SPF 30","[""Elemis""]","false","[{""tier_name"":""Retail"",""price"":140,""sessions"":1,""unit_type"":""sessions""}]","active","695967ccbc8c2ad01a180b5b","2026-01-03T19:02:36.346000","2026-01-04T00:03:28.561000","695939a556b8082002a35a69","renukajackson1@gmail.com","false"
"[]","false","true","Product","ELEMIS PRO-COLLAGEN CLEANSING BALM","Elemis Pro-Collagen Cleansing Balm","[""Elemis""]","false","[{""tier_name"":""Retail"",""price"":69,""sessions"":1,""unit_type"":""sessions""}]","active","695967ccbc8c2ad01a180b59","2026-01-03T19:02:36.346000","2026-01-04T00:03:15.954000","695939a556b8082002a35a69","renukajackson1@gmail.com","false"
"[]","false","true","Product","ELEMIS MAYFAIR NO. 9 HAND & BODY LOTION","Elemis Mayfair No. 9 Hand & Body Lotion","[""Elemis""]","false","[{""tier_name"":""Retail"",""price"":40,""sessions"":1,""unit_type"":""sessions""}]","active","695967ccbc8c2ad01a180b61","2026-01-03T19:02:36.346000","2026-01-04T00:01:22.023000","695939a556b8082002a35a69","renukajackson1@gmail.com","false"
"[]","false","true","Product","ELEMIS PRO-COLLAGEN VITALITY EYE CREAM","Elemis Pro-Collagen Vitality Eye Cream","[""Elemis""]","false","[{""tier_name"":""Retail"",""price"":115,""sessions"":1,""unit_type"":""sessions""}]","active","695967ccbc8c2ad01a180b5a","2026-01-03T19:02:36.346000","2026-01-04T00:03:22.686000","695939a556b8082002a35a69","renukajackson1@gmail.com","false"
"[]","false","true","Product","ELEMIS PRO-COLLAGEN NECK & DECOLLETAGE BALM","Elemis Pro-Collagen Neck & Decolletage Balm","[""Elemis""]","false","[{""tier_name"":""Retail"",""price"":85,""sessions"":1,""unit_type"":""sessions""}]","active","695967ccbc8c2ad01a180b5c","2026-01-03T19:02:36.346000","2026-01-04T00:03:35.370000","695939a556b8082002a35a69","renukajackson1@gmail.com","false"
"[]","false","true","Product","ELEMIS DYNAMIC RESURFACING FACIAL WASH","Elemis Dynamic Resurfacing Facial Wash","[""Elemis""]","false","[{""tier_name"":""Retail"",""price"":55,""sessions"":1,""unit_type"":""sessions""}]","active","695967ccbc8c2ad01a180b5d","2026-01-03T19:02:36.346000","2026-01-04T00:03:41.353000","695939a556b8082002a35a69","renukajackson1@gmail.com","false"
"[]","false","true","Product","ELEMIS DYNAMIC RESURFACING SUPER-C SERUM","Elemis Dynamic Resurfacing Super-C Serum","[""Elemis""]","false","[{""tier_name"":""Retail"",""price"":139,""sessions"":1,""unit_type"":""sessions""}]","active","695967ccbc8c2ad01a180b60","2026-01-03T19:02:36.346000","2026-02-02T04:18:00.186000","695939a556b8082002a35a69","renukajackson1@gmail.com","false"
"[]","false","true","Product","SKINCEUTICALS LHA TONER","SkinCeuticals LHA toner","[""Skinceuticals""]","false","[{""tier_name"":""Retail"",""price"":44,""sessions"":1,""unit_type"":""sessions""}]","active","69596793bd5bd1c92a816805","2026-01-03T19:01:39.158000","2026-01-03T23:30:31.183000","695939a556b8082002a35a69","renukajackson1@gmail.com","false"
"[]","false","true","Product","SKINCEUTICALS PHYTO CORRECTIVE GEL","SkinCeuticals Phyto Corrective Gel","[""Skinceuticals""]","false","[{""tier_name"":""Retail"",""price"":85,""sessions"":1,""unit_type"":""sessions""}]","active","69596793bd5bd1c92a816813","2026-01-03T19:01:39.158000","2026-01-03T23:31:48.155000","695939a556b8082002a35a69","renukajackson1@gmail.com","false"
"[]","false","true","Product","SKINCEUTICALS PHLORETIN CF","SkinCeuticals Phloretin CF antioxidant serum","[""Skinceuticals""]","false","[{""tier_name"":""Retail"",""price"":185,""sessions"":1,""unit_type"":""sessions""}]","active","69596793bd5bd1c92a816807","2026-01-03T19:01:39.158000","2026-01-03T23:30:53.361000","695939a556b8082002a35a69","renukajackson1@gmail.com","false"
"[]","false","true","Product","SKINCEUTICALS BLEMISH & AGE DEFENSE","SkinCeuticals Blemish & Age Defense serum","[""Skinceuticals""]","false","[{""tier_name"":""Retail"",""price"":115,""sessions"":1,""unit_type"":""sessions""}]","active","69596793bd5bd1c92a816816","2026-01-03T19:01:39.158000","2026-01-03T23:27:51.271000","695939a556b8082002a35a69","renukajackson1@gmail.com","false"
"[]","false","true","Product","SKINCEUTICALS ANTIOXIDANT LIP REPAIR","SkinCeuticals Antioxidant Lip Repair","[""Skinceuticals""]","false","[{""tier_name"":""Retail"",""price"":46,""sessions"":1,""unit_type"":""sessions""}]","active","69596793bd5bd1c92a816820","2026-01-03T19:01:39.158000","2026-01-03T23:25:15.199000","695939a556b8082002a35a69","renukajackson1@gmail.com","false"
"[]","false","true","Product","SKINCEUTICALS EPIDERMAL REPAIR 40ML","SkinCeuticals Epidermal Repair 40ml","[""Skinceuticals""]","false","[{""tier_name"":""Retail"",""price"":90,""sessions"":1,""unit_type"":""sessions""}]","active","69596793bd5bd1c92a816810","2026-01-03T19:01:39.158000","2026-01-03T23:33:44.234000","695939a556b8082002a35a69","renukajackson1@gmail.com","false"
"[]","false","true","Product","SKINCEUTICALS DAILY BRIGHTENING UV DEFENSE","SkinCeuticals Daily Brightening UV Defense","[""Skinceuticals""]","false","[{""tier_name"":""Retail"",""price"":65,""sessions"":1,""unit_type"":""sessions""}]","active","69596793bd5bd1c92a81680b","2026-01-03T19:01:39.158000","2026-01-03T23:32:44.361000","695939a556b8082002a35a69","renukajackson1@gmail.com","false"
"[]","false","true","Product","SKINCEUTICALS CE FERULIC","SkinCeuticals CE Ferulic antioxidant serum","[""Skinceuticals""]","false","[{""tier_name"":""Retail"",""price"":185,""sessions"":1,""unit_type"":""sessions""}]","active","69596793bd5bd1c92a816806","2026-01-03T19:01:39.158000","2026-01-03T23:30:42.611000","695939a556b8082002a35a69","renukajackson1@gmail.com","false"
"[]","false","true","Product","SKINCEUTICALS CELL CYCLE CATALYST","SkinCeuticals Cell Cycle Catalyst","[""Skinceuticals""]","false","[{""tier_name"":""Retail"",""price"":120,""sessions"":1,""unit_type"":""sessions""}]","active","69596793bd5bd1c92a816818","2026-01-03T19:01:39.158000","2026-01-03T23:27:27.922000","695939a556b8082002a35a69","renukajackson1@gmail.com","false"
"[]","false","true","Product","SKINCEUTICALS HYDRATING B5","SkinCeuticals Hydrating B5 gel","[""Skinceuticals""]","false","[{""tier_name"":""Retail"",""price"":95,""sessions"":1,""unit_type"":""sessions""}]","active","69596793bd5bd1c92a81680f","2026-01-03T19:01:39.158000","2026-01-03T23:33:30.435000","695939a556b8082002a35a69","renukajackson1@gmail.com","false"
"[]","false","true","Product","SKINCEUTICALS SOOTHING CLEANSER","SkinCeuticals soothing cleanser","[""Skinceuticals""]","false","[{""tier_name"":""Retail"",""price"":39,""sessions"":1,""unit_type"":""sessions""}]","active","69596793bd5bd1c92a816802","2026-01-03T19:01:39.158000","2026-01-03T23:29:41.527000","695939a556b8082002a35a69","renukajackson1@gmail.com","false"
"[]","false","true","Product","SKINCEUTICALS GLYCOLIC 10","SkinCeuticals Glycolic 10 anti-aging","[""Skinceuticals""]","false","[{""tier_name"":""Retail"",""price"":96,""sessions"":1,""unit_type"":""sessions""}]","active","69596793bd5bd1c92a816809","2026-01-03T19:01:39.158000","2026-01-03T23:31:16.047000","695939a556b8082002a35a69","renukajackson1@gmail.com","false"
"[]","false","true","Product","SKINCEUTICALS CONDITIONING TONER","SkinCeuticals conditioning toner","[""Skinceuticals""]","false","[{""tier_name"":""Retail"",""price"":38,""sessions"":1,""unit_type"":""sessions""}]","active","69596793bd5bd1c92a816803","2026-01-03T19:01:39.158000","2026-01-03T23:29:53.910000","695939a556b8082002a35a69","renukajackson1@gmail.com","false"
"[]","false","true","Product","SKINCEUTICALS ADVANCED RGN","SkinCeuticals Advanced RGN serum","[""Skinceuticals""]","false","[{""tier_name"":""Retail"",""price"":185,""sessions"":1,""unit_type"":""sessions""}]","active","69596793bd5bd1c92a81681b","2026-01-03T19:01:39.158000","2026-01-03T23:25:58.558000","695939a556b8082002a35a69","renukajackson1@gmail.com","false"
"[]","false","true","Product","SKINCEUTICALS FACE CREAM","SkinCeuticals face cream","[""Skinceuticals""]","false","[{""tier_name"":""Retail"",""price"":156,""sessions"":1,""unit_type"":""sessions""}]","active","69596793bd5bd1c92a81680c","2026-01-03T19:01:39.158000","2026-01-03T23:32:54.944000","695939a556b8082002a35a69","renukajackson1@gmail.com","false"
"[]","false","true","Product","SKINCEUTICALS PHYTO A+ BRIGHTENING TREATMENT","SkinCeuticals Phyto A+ Brightening Treatment","[""Skinceuticals""]","false","[{""tier_name"":""Retail"",""price"":115,""sessions"":1,""unit_type"":""sessions""}]","active","69596793bd5bd1c92a81680d","2026-01-03T19:01:39.158000","2026-01-03T23:33:06.078000","695939a556b8082002a35a69","renukajackson1@gmail.com","false"
"[]","false","true","Product","SKINCEUTICALS A.G.E INTERRUPTER ULTRA SERUM","SkinCeuticals A.G.E Interrupter Ultra Serum","[""Skinceuticals""]","false","[{""tier_name"":""Retail"",""price"":185,""sessions"":1,""unit_type"":""sessions""}]","active","69596793bd5bd1c92a81681c","2026-01-03T19:01:39.158000","2026-01-03T23:26:16.564000","695939a556b8082002a35a69","renukajackson1@gmail.com","false"
"[]","false","true","Product","SKINCEUTICALS HA INTENSIFIER","SkinCeuticals HA Intensifier serum","[""Skinceuticals""]","false","[{""tier_name"":""Retail"",""price"":110,""sessions"":1,""unit_type"":""sessions""}]","active","69596793bd5bd1c92a816817","2026-01-03T19:01:39.158000","2026-01-03T23:27:12.935000","695939a556b8082002a35a69","renukajackson1@gmail.com","false"
"[]","false","true","Product","SKINCEUTICALS REPLENISHING CLEANSER","SkinCeuticals replenishing cleanser","[""Skinceuticals""]","false","[{""tier_name"":""Retail"",""price"":39,""sessions"":1,""unit_type"":""sessions""}]","active","69596793bd5bd1c92a816800","2026-01-03T19:01:39.158000","2026-01-03T23:29:15.855000","695939a556b8082002a35a69","renukajackson1@gmail.com","false"
"[]","false","true","Product","SKINCEUTICALS EQUALIZING TONER","SkinCeuticals equalizing toner","[""Skinceuticals""]","false","[{""tier_name"":""Retail"",""price"":38,""sessions"":1,""unit_type"":""sessions""}]","active","69596793bd5bd1c92a816804","2026-01-03T19:01:39.158000","2026-01-03T23:30:07.711000","695939a556b8082002a35a69","renukajackson1@gmail.com","false"
"[]","false","true","Product","SKINCEUTICALS RESVERATROL BE","SkinCeuticals Resveratrol BE antioxidant","[""Skinceuticals""]","false","[{""tier_name"":""Retail"",""price"":175,""sessions"":1,""unit_type"":""sessions""}]","active","69596793bd5bd1c92a816808","2026-01-03T19:01:39.158000","2026-01-03T23:31:03.258000","695939a556b8082002a35a69","renukajackson1@gmail.com","false"
"[]","false","true","Product","SKINCEUTICALS PHYSICAL FUSION 4.2 OZ","SkinCeuticals Physical Fusion SPF 4.2 oz","[""Skinceuticals""]","false","[{""tier_name"":""Retail"",""price"":72,""sessions"":1,""unit_type"":""sessions""}]","active","69596793bd5bd1c92a816815","2026-01-03T19:01:39.158000","2026-01-03T23:27:40.256000","695939a556b8082002a35a69","renukajackson1@gmail.com","false"
"[]","false","true","Product","SKINCEUTICALS TRIPLE LIPID","SkinCeuticals Triple Lipid restore","[""Skinceuticals""]","false","[{""tier_name"":""Retail"",""price"":155,""sessions"":1,""unit_type"":""sessions""}]","active","69596793bd5bd1c92a81680a","2026-01-03T19:01:39.158000","2026-01-03T23:31:27.262000","695939a556b8082002a35a69","renukajackson1@gmail.com","false"
"[]","false","true","Product","SKINCEUTICALS PHYTO CORRECTIVE MIST","SkinCeuticals Phyto Corrective Mist","[""Skinceuticals""]","false","[{""tier_name"":""Retail"",""price"":70,""sessions"":1,""unit_type"":""sessions""}]","active","69596793bd5bd1c92a816812","2026-01-03T19:01:39.158000","2026-01-03T23:32:30.092000","695939a556b8082002a35a69","renukajackson1@gmail.com","false"
"[]","false","true","Product","SKINCEUTICALS SIMPLY CLEAN","SkinCeuticals simply clean cleanser","[""Skinceuticals""]","false","[{""tier_name"":""Retail"",""price"":39,""sessions"":1,""unit_type"":""sessions""}]","active","69596793bd5bd1c92a816801","2026-01-03T19:01:39.158000","2026-01-03T23:29:28.871000","695939a556b8082002a35a69","renukajackson1@gmail.com","false"
"[]","false","true","Product","SKINCEUTICALS PHYTO CORRECTIVE MASK","SkinCeuticals Phyto Corrective Mask","[""Skinceuticals""]","false","[{""tier_name"":""Retail"",""price"":66,""sessions"":1,""unit_type"":""sessions""}]","active","69596793bd5bd1c92a81681e","2026-01-03T19:01:39.158000","2026-01-03T23:25:44.007000","695939a556b8082002a35a69","renukajackson1@gmail.com","false"
"[]","false","true","Product","SKINCEUTICALS CLARIFYING CLAY MASK","SkinCeuticals Clarifying Clay Mask","[""Skinceuticals""]","false","[{""tier_name"":""Retail"",""price"":66,""sessions"":1,""unit_type"":""sessions""}]","active","69596793bd5bd1c92a81681d","2026-01-03T19:01:39.158000","2026-01-03T23:25:30.054000","695939a556b8082002a35a69","renukajackson1@gmail.com","false"
"[]","false","true","Product","SKINCEUTICALS HYDRA BALM","SkinCeuticals Hydra Balm","[""Skinceuticals""]","false","[{""tier_name"":""Retail"",""price"":25,""sessions"":1,""unit_type"":""sessions""}]","active","69596793bd5bd1c92a816811","2026-01-03T19:01:39.158000","2026-01-03T23:32:18.603000","695939a556b8082002a35a69","renukajackson1@gmail.com","false"
"[]","false","true","Product","SKINCEUTICALS TIGHTENING CONCENTRATE","SkinCeuticals Body Tightening Concentrate","[""Skinceuticals""]","false","[{""tier_name"":""Retail"",""price"":90,""sessions"":1,""unit_type"":""sessions""}]","active","69596793bd5bd1c92a81681f","2026-01-03T19:01:39.158000","2026-01-03T23:24:44.822000","695939a556b8082002a35a69","renukajackson1@gmail.com","false"
"[]","false","true","Product","SKINCEUTICALS PHYSICAL FUSION 1.7 OZ","SkinCeuticals Physical Fusion SPF 1.7 oz","[""Skinceuticals""]","false","[{""tier_name"":""Retail"",""price"":45,""sessions"":1,""unit_type"":""sessions""}]","active","69596793bd5bd1c92a816814","2026-01-03T19:01:39.158000","2026-01-03T23:32:03.817000","695939a556b8082002a35a69","renukajackson1@gmail.com","false"
"[]","false","true","Product","SKINCEUTICALS DISCOLORATION DEFENSE","SkinCeuticals Discoloration Defense serum","[""Skinceuticals""]","false","[{""tier_name"":""Retail"",""price"":115,""sessions"":1,""unit_type"":""sessions""}]","active","69596793bd5bd1c92a816819","2026-01-03T19:01:39.158000","2026-01-03T23:26:36.579000","695939a556b8082002a35a69","renukajackson1@gmail.com","false"
"[]","false","true","Product","SKINCEUTICALS DAILY MOISTURE","SkinCeuticals daily moisture","[""Skinceuticals""]","false","[{""tier_name"":""Retail"",""price"":85,""sessions"":1,""unit_type"":""sessions""}]","active","69596793bd5bd1c92a81680e","2026-01-03T19:01:39.158000","2026-01-03T23:33:19.070000","695939a556b8082002a35a69","renukajackson1@gmail.com","false"
"[]","false","true","Product","SKINCEUTICALS PTIOX","SkinCeuticals Phloretin CF serum","[""Skinceuticals""]","false","[{""tier_name"":""Retail"",""price"":150,""sessions"":1,""unit_type"":""sessions""}]","active","69596793bd5bd1c92a81681a","2026-01-03T19:01:39.158000","2026-01-03T23:26:50.315000","695939a556b8082002a35a69","renukajackson1@gmail.com","false"
"[]","false","true","Product","NOON REFILL OILY BRUSH/GO #1","Noon refill oily Brush/Go #1","[""Noon""]","false","[{""tier_name"":""Retail"",""price"":65,""sessions"":1,""unit_type"":""sessions""}]","active","695966d2faad6770dd7bcc94","2026-01-03T18:58:26.678000","2026-01-03T23:42:05.568000","695939a556b8082002a35a69","renukajackson1@gmail.com","false"
"[]","false","true","Product","NOON ANTI AGING KIT","Noon Anti Aging starter kit","[""Noon""]","false","[{""tier_name"":""Retail"",""price"":99,""sessions"":1,""unit_type"":""sessions""}]","active","695966d2faad6770dd7bcc99","2026-01-03T18:58:26.678000","2026-01-03T23:39:50.706000","695939a556b8082002a35a69","renukajackson1@gmail.com","false"
"[]","false","true","Product","NOON ACNO COMPLEX AMPOULE","Noon Acno Complex ampoule","[""Noon""]","false","[{""tier_name"":""Retail"",""price"":58,""sessions"":1,""unit_type"":""sessions""}]","active","695966d2faad6770dd7bcc96","2026-01-03T18:58:26.678000","2026-01-03T23:41:46.103000","695939a556b8082002a35a69","renukajackson1@gmail.com","false"
"[]","false","true","Product","NOON IN-DEPTH FILLER SERUM","Noon in-depth filler serum","[""Noon""]","false","[{""tier_name"":""Retail"",""price"":108,""sessions"":1,""unit_type"":""sessions""}]","active","695966d2faad6770dd7bcc78","2026-01-03T18:58:26.678000","2026-01-03T23:40:53.816000","695939a556b8082002a35a69","renukajackson1@gmail.com","false"
"[]","false","true","Product","NOON VITA C SERUM","Noon Vita C serum","[""Noon""]","false","[{""tier_name"":""Retail"",""price"":119,""sessions"":1,""unit_type"":""sessions""}]","active","695966d2faad6770dd7bcc77","2026-01-03T18:58:26.678000","2026-01-03T23:37:53.392000","695939a556b8082002a35a69","renukajackson1@gmail.com","false"
"[]","false","true","Product","NOON REFILL ALL SKIN BRUSH/GO #2","Noon refill all skin Brush/Go #2","[""Noon""]","false","[{""tier_name"":""Retail"",""price"":65,""sessions"":1,""unit_type"":""sessions""}]","active","695966d2faad6770dd7bcc91","2026-01-03T18:58:26.678000","2026-01-03T23:42:13.607000","695939a556b8082002a35a69","renukajackson1@gmail.com","false"
"[]","false","true","Product","NOON MICRO-SOFT CLEANSER","Noon micro-soft cleanser","[""Noon""]","false","[{""tier_name"":""Retail"",""price"":59,""sessions"":1,""unit_type"":""sessions""}]","active","695966d2faad6770dd7bcc74","2026-01-03T18:58:26.678000","2026-01-03T23:37:10.136000","695939a556b8082002a35a69","renukajackson1@gmail.com","false"
"[]","false","true","Product","NOON REFILL OILY BRUSH/GO #2","Noon refill oily Brush/Go #2","[""Noon""]","false","[{""tier_name"":""Retail"",""price"":65,""sessions"":1,""unit_type"":""sessions""}]","active","695966d2faad6770dd7bcc95","2026-01-03T18:58:26.678000","2026-01-03T23:41:36.454000","695939a556b8082002a35a69","renukajackson1@gmail.com","false"
"[]","false","true","Product","NOON LIFT/WHITENING AMPOULE","Noon Lift/Whitening ampoule","[""Noon""]","false","[{""tier_name"":""Retail"",""price"":58,""sessions"":1,""unit_type"":""sessions""}]","active","695966d2faad6770dd7bcc97","2026-01-03T18:58:26.678000","2026-01-03T23:41:17.606000","695939a556b8082002a35a69","renukajackson1@gmail.com","false"
"[]","false","true","Product","NOON ACNE KIT","Noon Acne starter kit","[""Noon""]","false","[{""tier_name"":""Retail"",""price"":99,""sessions"":1,""unit_type"":""sessions""}]","active","695966d2faad6770dd7bcc9a","2026-01-03T18:58:26.678000","2026-01-03T23:40:00.571000","695939a556b8082002a35a69","renukajackson1@gmail.com","false"
"[]","false","true","Product","NOON BRUSH/GO OILY SKIN TONE 1","Noon Brush/Go oily skin tone 1","[""Noon""]","false","[{""tier_name"":""Retail"",""price"":69,""sessions"":1,""unit_type"":""sessions""}]","active","695966d2faad6770dd7bcc92","2026-01-03T18:58:26.678000","2026-01-03T23:42:22.696000","695939a556b8082002a35a69","renukajackson1@gmail.com","false"
"[]","false","true","Product","NOON EXPERIENCE KIT","Noon Experience starter kit","[""Noon""]","false","[{""tier_name"":""Retail"",""price"":99,""sessions"":1,""unit_type"":""sessions""}]","active","695966d2faad6770dd7bcc9c","2026-01-03T18:58:26.678000","2026-01-03T23:39:28.597000","695939a556b8082002a35a69","renukajackson1@gmail.com","false"
"[]","false","true","Product","NOON REFORM EYE CREAM","Noon reform eye cream","[""Noon""]","false","[{""tier_name"":""Retail"",""price"":139,""sessions"":1,""unit_type"":""sessions""}]","active","695966d2faad6770dd7bcc76","2026-01-03T18:58:26.678000","2026-01-03T23:37:36.485000","695939a556b8082002a35a69","renukajackson1@gmail.com","false"
"[]","false","true","Product","NOON BRIGHTENING KIT","Noon Brightening starter kit","[""Noon""]","false","[{""tier_name"":""Retail"",""price"":99,""sessions"":1,""unit_type"":""sessions""}]","active","695966d2faad6770dd7bcc9b","2026-01-03T18:58:26.678000","2026-01-03T23:39:38.915000","695939a556b8082002a35a69","renukajackson1@gmail.com","false"
"[]","false","true","Product","NOON BRUSH/GO OILY SKIN TONE 2","Noon Brush/Go oily skin tone 2","[""Noon""]","false","[{""tier_name"":""Retail"",""price"":69,""sessions"":1,""unit_type"":""sessions""}]","active","695966d2faad6770dd7bcc93","2026-01-03T18:58:26.678000","2026-01-03T23:41:56.602000","695939a556b8082002a35a69","renukajackson1@gmail.com","false"
"[]","false","true","Product","NOON COSMOCLEAR CLEANSER","Noon cosmoclear cleanser","[""Noon""]","false","[{""tier_name"":""Retail"",""price"":58,""sessions"":1,""unit_type"":""sessions""}]","active","695966d2faad6770dd7bcc75","2026-01-03T18:58:26.678000","2026-01-03T23:37:21.105000","695939a556b8082002a35a69","renukajackson1@gmail.com","false"
"[]","false","true","Product","NOON HYDROCALMING AMPOULE","Noon Hydrocalming ampoule","[""Noon""]","false","[{""tier_name"":""Retail"",""price"":58,""sessions"":1,""unit_type"":""sessions""}]","active","695966d2faad6770dd7bcc98","2026-01-03T18:58:26.678000","2026-01-03T23:41:27.208000","695939a556b8082002a35a69","renukajackson1@gmail.com","false"
"[]","false","true","Product","NOON C-CLEANSER FOAM","Noon cleanser foam","[""Noon""]","false","[{""tier_name"":""Retail"",""price"":48,""sessions"":1,""unit_type"":""sessions""}]","active","695966d2faad6770dd7bcc73","2026-01-03T18:58:26.677000","2026-01-03T23:39:16.561000","695939a556b8082002a35a69","renukajackson1@gmail.com","false"
"[]","false","false","Procedure","BEAUTIFY IV INFUSION","Beautify IV Infusion","[""Wellness"",""Vitamin IV""]","false","[{""tier_name"":""Standard"",""price"":160,""sessions"":1,""unit_type"":""sessions""}]","active","695965a7ce3942af2c90584f","2026-01-03T18:53:27.803000","2026-01-03T20:17:51.164000","695939a556b8082002a35a69","renukajackson1@gmail.com","false"
"[]","false","false","Procedure","IMMUNIZE IV INFUSION","Immunize IV Infusion","[""Wellness"",""Vitamin IV""]","false","[{""tier_name"":""Standard"",""price"":155,""sessions"":1,""unit_type"":""sessions""}]","active","695965a7ce3942af2c905850","2026-01-03T18:53:27.803000","2026-01-03T20:17:40.701000","695939a556b8082002a35a69","renukajackson1@gmail.com","false"
"[]","false","false","Procedure","GLUTATHIONE IV INFUSION","Glutathione IV Infusion","[""Wellness"",""Vitamin IV""]","false","[{""tier_name"":""Standard"",""price"":155,""sessions"":1,""unit_type"":""sessions""},{""tier_name"":""Mega"",""price"":175,""sessions"":1,""unit_type"":""sessions""}]","active","695965a7ce3942af2c905859","2026-01-03T18:53:27.803000","2026-01-03T20:17:07.247000","695939a556b8082002a35a69","renukajackson1@gmail.com","false"
"[]","false","false","Procedure","MINERALIZE MINERAL BLEND IV INFUSION","Mineralize Mineral Blend IV Infusion","[""Wellness"",""Vitamin IV""]","false","[{""tier_name"":""Standard"",""price"":145,""sessions"":1,""unit_type"":""sessions""}]","active","695965a7ce3942af2c905853","2026-01-03T18:53:27.803000","2026-01-03T20:18:16.164000","695939a556b8082002a35a69","renukajackson1@gmail.com","false"
"[]","false","false","Procedure","ALLEVIATE IV INFUSION","Alleviate IV Infusion","[""Wellness"",""Vitamin IV""]","false","[{""tier_name"":""Standard"",""price"":155,""sessions"":1,""unit_type"":""sessions""}]","active","695965a7ce3942af2c90584c","2026-01-03T18:53:27.803000","2026-01-03T20:17:18.133000","695939a556b8082002a35a69","renukajackson1@gmail.com","false"
"[]","false","false","Procedure","MYER'S COCKTAIL IV INFUSION","Myer's Cocktail IV Infusion","[""Wellness"",""Vitamin IV""]","false","[{""tier_name"":""Standard"",""price"":155,""sessions"":1},{""tier_name"":""Mega"",""price"":190,""sessions"":1}]","active","695965a7ce3942af2c905852","2026-01-03T18:53:27.803000","2026-01-03T19:38:14.592000","695939a556b8082002a35a69","renukajackson1@gmail.com","false"
"[]","false","false","Procedure","ENERGIZE IV INFUSION","Energize IV Infusion","[""Wellness"",""Vitamin IV""]","false","[{""tier_name"":""Standard"",""price"":155,""sessions"":1,""unit_type"":""sessions""}]","active","695965a7ce3942af2c90584e","2026-01-03T18:53:27.803000","2026-01-03T20:15:22.622000","695939a556b8082002a35a69","renukajackson1@gmail.com","false"
"[]","false","false","Procedure","NAD+ IV INFUSION","NAD+ IV Infusion - Priced from $395 (See NAD+ card for specific pricing)","[""Wellness"",""Vitamin IV""]","false","[{""tier_name"":""Starting From"",""price"":395,""sessions"":1,""unit_type"":""sessions""}]","active","695965a7ce3942af2c90585c","2026-01-03T18:53:27.803000","2026-01-03T20:18:47.005000","695939a556b8082002a35a69","renukajackson1@gmail.com","false"
"[]","false","false","Procedure","BURN - WEIGHT LOSS IV INFUSION","Burn - Weight Loss IV Infusion","[""Wellness"",""Vitamin IV""]","false","[{""tier_name"":""Standard"",""price"":195,""sessions"":1,""unit_type"":""sessions""}]","active","695965a7ce3942af2c905858","2026-01-03T18:53:27.803000","2026-01-03T20:18:25.991000","695939a556b8082002a35a69","renukajackson1@gmail.com","false"
"[]","false","false","Procedure","HIGH C IV INFUSION","High C IV Infusion","[""Wellness"",""Vitamin IV""]","false","[{""tier_name"":""Standard"",""price"":155,""sessions"":1,""unit_type"":""sessions""},{""tier_name"":""Mega"",""price"":190,""sessions"":1,""unit_type"":""sessions""}]","active","695965a7ce3942af2c90585a","2026-01-03T18:53:27.803000","2026-01-03T20:16:58.693000","695939a556b8082002a35a69","renukajackson1@gmail.com","false"
"[]","false","false","Procedure","TRIPLE BLEND IMMUNIZE IV INFUSION","Triple Blend Immunize IV Infusion","[""Wellness"",""Vitamin IV""]","false","[{""tier_name"":""Standard"",""price"":190,""sessions"":1,""unit_type"":""sessions""}]","active","695965a7ce3942af2c905851","2026-01-03T18:53:27.803000","2026-01-03T20:16:06.870000","695939a556b8082002a35a69","renukajackson1@gmail.com","false"
"[]","false","false","Procedure","FLUSH IV INFUSION","Flush IV Infusion","[""Wellness"",""Vitamin IV""]","false","[{""tier_name"":""Standard"",""price"":170,""sessions"":1,""unit_type"":""sessions""}]","active","695965a7ce3942af2c905857","2026-01-03T18:53:27.803000","2026-01-03T20:18:38.863000","695939a556b8082002a35a69","renukajackson1@gmail.com","false"
"[]","false","false","Procedure","REPLENISH B VITA BLEND IV INFUSION","Replenish B Vita Blend IV Infusion","[""Wellness"",""Vitamin IV""]","false","[{""tier_name"":""Standard"",""price"":145,""sessions"":1,""unit_type"":""sessions""}]","active","695965a7ce3942af2c905854","2026-01-03T18:53:27.803000","2026-01-03T20:18:07.317000","695939a556b8082002a35a69","renukajackson1@gmail.com","false"
"[]","false","false","Procedure","LIBIDO IV INFUSION","Libido IV Infusion","[""Wellness"",""Vitamin IV""]","false","[{""tier_name"":""Standard"",""price"":175,""sessions"":1,""unit_type"":""sessions""}]","active","695965a7ce3942af2c90585b","2026-01-03T18:53:27.803000","2026-01-03T20:19:01.440000","695939a556b8082002a35a69","renukajackson1@gmail.com","false"
"[]","false","false","Procedure","RECOVER AND PERFORM IV INFUSION","Recover and Perform IV Infusion","[""Wellness"",""Vitamin IV""]","false","[{""tier_name"":""Standard"",""price"":175,""sessions"":1,""unit_type"":""sessions""}]","active","695965a7ce3942af2c905855","2026-01-03T18:53:27.803000","2026-01-03T20:16:49.210000","695939a556b8082002a35a69","renukajackson1@gmail.com","false"
"[]","false","false","Procedure","QUENCH IV INFUSION","Quench IV Infusion","[""Wellness"",""Vitamin IV""]","false","[{""tier_name"":""Standard"",""price"":155,""sessions"":1,""unit_type"":""sessions""}]","active","695965a7ce3942af2c90584d","2026-01-03T18:53:27.803000","2026-01-03T20:15:54.663000","695939a556b8082002a35a69","renukajackson1@gmail.com","false"
"[]","false","false","Procedure","REBUILD AMINO BLEND IV INFUSION","Rebuild Amino Blend IV Infusion","[""Wellness"",""Vitamin IV""]","false","[{""tier_name"":""Standard"",""price"":145,""sessions"":1,""unit_type"":""sessions""}]","active","695965a7ce3942af2c905856","2026-01-03T18:53:27.803000","2026-01-03T20:16:40.287000","695939a556b8082002a35a69","renukajackson1@gmail.com","false"
"[]","false","false","Procedure","NAD+ SHOT - 2ML (100MG MAX DOSE)","NAD+ Shot 2ml 100mg max dose. Buy 6 Get 1 FREE - free shot of equal or lesser value","","false","[{""tier_name"":""Single Shot"",""price"":150,""sessions"":1},{""tier_name"":""Buy 6 Get 1 Free"",""price"":900,""sessions"":6}]","active","6959648a8f164fb3feb92535","2026-01-03T18:48:42.710000","2026-01-03T19:12:01.210000","695939a556b8082002a35a69","renukajackson1@gmail.com","false"
"[]","false","false","Procedure","NAD+ SHOT - 1ML (50MG MID DOSE)","NAD+ Shot 1ml 50mg mid dose. Buy 6 Get 1 FREE - free shot of equal or lesser value","","false","[{""tier_name"":""Single Shot"",""price"":100,""sessions"":1},{""tier_name"":""Buy 6 Get 1 Free"",""price"":600,""sessions"":6}]","active","6959648a8f164fb3feb92534","2026-01-03T18:48:42.710000","2026-01-03T19:12:01.210000","695939a556b8082002a35a69","renukajackson1@gmail.com","false"
"[]","false","false","Procedure","NAD+ SHOT - 0.4ML (20MG MINIMUM DOSE)","NAD+ Shot 0.4ml 20mg minimum dose. Buy 6 Get 1 FREE - free shot of equal or lesser value","","false","[{""tier_name"":""Single Shot"",""price"":40,""sessions"":1},{""tier_name"":""Buy 6 Get 1 Free"",""price"":240,""sessions"":6}]","active","6959648a8f164fb3feb92533","2026-01-03T18:48:42.710000","2026-01-03T19:12:01.210000","695939a556b8082002a35a69","renukajackson1@gmail.com","false"
"[]","false","false","Procedure","FAT BURN PLUS - MIC, B6, B12","Fat Burn Plus - MIC, B6, B12 Injection","[""Wellness"",""Vitamin Shots""]","false","[{""tier_name"":""Single Shot"",""price"":30,""sessions"":1,""unit_type"":""shots""},{""tier_name"":""Package of 4"",""price"":100,""sessions"":4,""unit_type"":""shots""},{""tier_name"":""Package of 8"",""price"":180,""sessions"":8,""unit_type"":""shots""}]","active","6959645402bf248051389c6d","2026-01-03T18:47:48.548000","2026-01-03T20:09:32.762000","695939a556b8082002a35a69","renukajackson1@gmail.com","false"
"[]","false","false","Procedure","B COMPLETE (MID) - 7 B VITAMINS","B Complete Mid - 7 B Vitamins Injection","[""Wellness"",""Vitamin Shots""]","false","[{""tier_name"":""Single Shot"",""price"":30,""sessions"":1,""unit_type"":""shots""},{""tier_name"":""Package of 4"",""price"":100,""sessions"":4,""unit_type"":""shots""},{""tier_name"":""Package of 8"",""price"":180,""sessions"":8,""unit_type"":""shots""}]","active","6959645402bf248051389c65","2026-01-03T18:47:48.548000","2026-01-03T20:09:05.635000","695939a556b8082002a35a69","renukajackson1@gmail.com","false"
"[]","false","false","Procedure","ANTI-AGING & IMMUNITY (MAX) - GLUTATHIONE","Anti-Aging & Immunity Max - Glutathione Injection","[""Wellness"",""Vitamin Shots""]","false","[{""tier_name"":""Single Shot"",""price"":50,""sessions"":1,""unit_type"":""shots""},{""tier_name"":""Package of 4"",""price"":180,""sessions"":4,""unit_type"":""shots""},{""tier_name"":""Package of 8"",""price"":320,""sessions"":8,""unit_type"":""shots""}]","active","6959645402bf248051389c6b","2026-01-03T18:47:48.548000","2026-01-03T20:05:42.282000","695939a556b8082002a35a69","renukajackson1@gmail.com","false"
"[]","false","false","Procedure","IMMUNE DEFENSE (MID) - VITAMIN C","Immune Defense Mid - Vitamin C Injection","[""Wellness"",""Vitamin Shots""]","false","[{""tier_name"":""Single Shot"",""price"":30,""sessions"":1,""unit_type"":""shots""},{""tier_name"":""Package of 4"",""price"":100,""sessions"":4,""unit_type"":""shots""},{""tier_name"":""Package of 8"",""price"":180,""sessions"":8,""unit_type"":""shots""}]","active","6959645402bf248051389c68","2026-01-03T18:47:48.548000","2026-01-03T20:08:30.316000","695939a556b8082002a35a69","renukajackson1@gmail.com","false"
"[]","false","false","Procedure","IMMUNE DEFENSE (MAX) - VITAMIN C","Immune Defense Max - Vitamin C Injection","[""Wellness"",""Vitamin Shots""]","false","[{""tier_name"":""Single Shot"",""price"":50,""sessions"":1,""unit_type"":""shots""},{""tier_name"":""Package of 4"",""price"":180,""sessions"":4,""unit_type"":""shots""},{""tier_name"":""Package of 8"",""price"":320,""sessions"":8,""unit_type"":""shots""}]","active","6959645402bf248051389c69","2026-01-03T18:47:48.548000","2026-01-03T20:07:28.040000","695939a556b8082002a35a69","renukajackson1@gmail.com","false"
"[]","false","false","Procedure","BONE & HEALTH - D3","Bone & Health - D3 Injection","[""Wellness"",""Vitamin Shots""]","false","[{""tier_name"":""Single Shot"",""price"":30,""sessions"":1,""unit_type"":""shots""},{""tier_name"":""Package of 4"",""price"":100,""sessions"":4,""unit_type"":""shots""},{""tier_name"":""Package of 8"",""price"":180,""sessions"":8,""unit_type"":""shots""}]","active","6959645402bf248051389c6f","2026-01-03T18:47:48.548000","2026-01-03T20:08:48.504000","695939a556b8082002a35a69","renukajackson1@gmail.com","false"
"[]","false","false","Procedure","ANTI-AGING & IMMUNITY (MID) - GLUTATHIONE","Anti-Aging & Immunity Mid - Glutathione Injection","[""Wellness"",""Vitamin Shots""]","false","[{""tier_name"":""Single Shot"",""price"":30,""sessions"":1,""unit_type"":""shots""},{""tier_name"":""Package of 4"",""price"":100,""sessions"":4,""unit_type"":""shots""},{""tier_name"":""Package of 8"",""price"":180,""sessions"":8,""unit_type"":""shots""}]","active","6959645402bf248051389c6a","2026-01-03T18:47:48.548000","2026-01-03T20:06:11.886000","695939a556b8082002a35a69","renukajackson1@gmail.com","false"
"[]","false","false","Procedure","MYER'S MIX","Myer's Mix Injection","[""Wellness"",""Vitamin Shots""]","false","[{""tier_name"":""Single Shot"",""price"":50,""sessions"":1,""unit_type"":""shots""},{""tier_name"":""Package of 4"",""price"":180,""sessions"":4,""unit_type"":""shots""},{""tier_name"":""Package of 8"",""price"":320,""sessions"":8,""unit_type"":""shots""}]","active","6959645402bf248051389c71","2026-01-03T18:47:48.548000","2026-01-03T19:45:08.545000","695939a556b8082002a35a69","renukajackson1@gmail.com","false"
"[]","false","false","Procedure","THYROID SUPPORT - B12, MINERALS, AMINO ACIDS","Thyroid Support - B12, Minerals, Amino Acids Injection","[""Wellness"",""Vitamin Shots""]","false","[{""tier_name"":""Single Shot"",""price"":50,""sessions"":1,""unit_type"":""shots""},{""tier_name"":""Package of 4"",""price"":180,""sessions"":4,""unit_type"":""shots""},{""tier_name"":""Package of 8"",""price"":320,""sessions"":8,""unit_type"":""shots""}]","active","6959645402bf248051389c6e","2026-01-03T18:47:48.548000","2026-01-03T20:02:36.590000","695939a556b8082002a35a69","renukajackson1@gmail.com","false"
"[]","false","false","Procedure","ELEVATE - B12","Elevate - B12 Injection","[""Wellness"",""Vitamin Shots""]","false","[{""tier_name"":""Single Shot"",""price"":30,""sessions"":1,""unit_type"":""shots""},{""tier_name"":""Package of 4"",""price"":100,""sessions"":4,""unit_type"":""shots""},{""tier_name"":""Package of 8"",""price"":180,""sessions"":8,""unit_type"":""shots""}]","active","6959645402bf248051389c70","2026-01-03T18:47:48.548000","2026-01-03T20:10:13.908000","695939a556b8082002a35a69","renukajackson1@gmail.com","false"
"[]","false","false","Procedure","BURN & STRENGTHEN - L-CARNITINE","Burn & Strengthen - L-Carnitine Injection","[""Wellness"",""Vitamin Shots""]","false","[{""tier_name"":""Single Shot"",""price"":30,""sessions"":1,""unit_type"":""shots""},{""tier_name"":""Package of 4"",""price"":100,""sessions"":4,""unit_type"":""shots""},{""tier_name"":""Package of 8"",""price"":180,""sessions"":8,""unit_type"":""shots""}]","active","6959645402bf248051389c67","2026-01-03T18:47:48.548000","2026-01-03T20:06:36.512000","695939a556b8082002a35a69","renukajackson1@gmail.com","false"
"[]","false","false","Procedure","HAIR SKIN NAILS - BIOTIN","Hair Skin Nails - Biotin Injection","[""Wellness"",""Vitamin Shots""]","false","[{""tier_name"":""Single Shot"",""price"":30,""sessions"":1,""unit_type"":""shots""},{""tier_name"":""Package of 4"",""price"":100,""sessions"":4,""unit_type"":""shots""},{""tier_name"":""Package of 8"",""price"":180,""sessions"":8,""unit_type"":""shots""}]","active","6959645402bf248051389c6c","2026-01-03T18:47:48.548000","2026-01-03T20:05:26.431000","695939a556b8082002a35a69","renukajackson1@gmail.com","false"
"[]","false","false","Procedure","B COMPLETE (MAX) - 7 B VITAMINS","B Complete Max - 7 B Vitamins Injection","[""Wellness"",""Vitamin Shots""]","false","[{""tier_name"":""Single Shot"",""price"":50,""sessions"":1,""unit_type"":""shots""},{""tier_name"":""Package of 4"",""price"":180,""sessions"":4,""unit_type"":""shots""},{""tier_name"":""Package of 8"",""price"":320,""sessions"":8,""unit_type"":""shots""}]","active","6959645402bf248051389c66","2026-01-03T18:47:48.548000","2026-01-03T20:07:46.435000","695939a556b8082002a35a69","renukajackson1@gmail.com","false"
"[]","false","false","Product","LATISSE 5ML","Latisse 5ml","","false","[{""tier_name"":""Product"",""price"":195,""sessions"":1}]","active","695963f4a547c9d512f91fbf","2026-01-03T18:46:12.165000","2026-01-03T19:12:01.210000","695939a556b8082002a35a69","renukajackson1@gmail.com","false"
"[]","false","false","Product","QUINTESSENTIAL HAIR RX","Quintessential Hair RX","[""Product""]","false","[{""tier_name"":""Product"",""price"":40,""sessions"":1,""unit_type"":""sessions""}]","active","695963f4a547c9d512f91fbe","2026-01-03T18:46:12.165000","2026-01-03T19:57:34.365000","695939a556b8082002a35a69","renukajackson1@gmail.com","false"
"[]","false","false","Procedure","PRP & MICRONEEDLING (HAIR GROWTH)","PRP & Microneedling for Hair Growth Treatment","","false","[{""tier_name"":""Single Session"",""price"":1000,""sessions"":1},{""tier_name"":""Package of 3"",""price"":2700,""sessions"":3}]","active","695963f4a547c9d512f91fbc","2026-01-03T18:46:12.165000","2026-01-03T19:12:01.210000","695939a556b8082002a35a69","renukajackson1@gmail.com","false"
"[]","false","true","Product","NUTRAFOL FULLEST KIT WOMEN","Nutrafol Fullest Kit Women","[""Nutrafol""]","false","[{""tier_name"":""Kit"",""price"":258,""sessions"":1}]","active","695963d83f9f7e3cee687cd4","2026-01-03T18:45:44.317000","2026-01-03T20:41:19.257000","695939a556b8082002a35a69","renukajackson1@gmail.com","false"
"[]","false","true","Product","NUTRAFOL STRESS RELIEVER SCALP ESSENCE","Nutrafol Stress Reliever Scalp Essence","[""Nutrafol""]","false","[{""tier_name"":""Product"",""price"":59,""sessions"":1}]","active","695963d83f9f7e3cee687cd2","2026-01-03T18:45:44.317000","2026-01-03T20:41:19.257000","695939a556b8082002a35a69","renukajackson1@gmail.com","false"
"[]","false","true","Product","NUTRAFOL STRAND DEFENDER CONDITIONER","Nutrafol Strand Defender Conditioner","[""Nutrafol""]","false","[{""tier_name"":""Product"",""price"":44,""sessions"":1,""unit_type"":""sessions""}]","active","695963d83f9f7e3cee687cd1","2026-01-03T18:45:44.317000","2026-01-03T21:00:37.897000","695939a556b8082002a35a69","renukajackson1@gmail.com","false"
"[]","false","true","Product","NUTRAFOL DHT INHIBITOR MD","Nutrafol DHT Inhibitor MD","[""Nutrafol""]","false","[{""tier_name"":""1 Month Supply"",""price"":40,""sessions"":1},{""tier_name"":""3 Month Supply"",""price"":100,""sessions"":1}]","active","695963d83f9f7e3cee687ccb","2026-01-03T18:45:44.317000","2026-01-03T20:41:19.257000","695939a556b8082002a35a69","renukajackson1@gmail.com","false"
"[]","false","true","Product","NUTRAFOL BOOSTER STRESS ADAPTAGEN","Nutrafol Booster Stress Adaptagen","[""Nutrafol""]","false","[{""tier_name"":""1 Month Supply"",""price"":40,""sessions"":1},{""tier_name"":""3 Month Supply"",""price"":100,""sessions"":1}]","active","695963d83f9f7e3cee687ccd","2026-01-03T18:45:44.317000","2026-01-03T20:41:19.257000","695939a556b8082002a35a69","renukajackson1@gmail.com","false"
"[]","false","true","Product","NUTRAFOL ROOT PURIFIER SHAMPOO","Nutrafol Root Purifier Shampoo","[""Nutrafol""]","false","[{""tier_name"":""Product"",""price"":44,""sessions"":1}]","active","695963d83f9f7e3cee687cd0","2026-01-03T18:45:44.317000","2026-01-03T20:41:19.257000","695939a556b8082002a35a69","renukajackson1@gmail.com","false"
"[]","false","true","Product","NUTRAFOL CLEAR SKIN","Nutrafol Clear Skin","[""Nutrafol""]","false","[{""tier_name"":""1 Month Supply"",""price"":79,""sessions"":1,""unit_type"":""sessions""},{""tier_name"":""3 Month Supply"",""price"":209,""sessions"":1,""unit_type"":""sessions""}]","active","695963d83f9f7e3cee687cc9","2026-01-03T18:45:44.317000","2026-01-03T20:41:19.257000","695939a556b8082002a35a69","renukajackson1@gmail.com","false"
"[]","false","true","Product","NUTRAFOL HAIR SERUM MEN","Nutrafol Hair Serum Men","[""Nutrafol""]","false","[{""tier_name"":""Product"",""price"":69,""sessions"":1}]","active","695963d83f9f7e3cee687ccf","2026-01-03T18:45:44.317000","2026-01-03T20:41:19.257000","695939a556b8082002a35a69","renukajackson1@gmail.com","false"
"[]","false","true","Product","NUTRAFOL HAIR SERUM WOMEN","Nutrafol Hair Serum Women","[""Nutrafol""]","false","[{""tier_name"":""Product"",""price"":69,""sessions"":1}]","active","695963d83f9f7e3cee687cce","2026-01-03T18:45:44.317000","2026-01-03T20:41:19.257000","695939a556b8082002a35a69","renukajackson1@gmail.com","false"
"[]","false","true","Product","NUTRAFOL FULLEST KIT MEN","Nutrafol Fullest Kit Men","[""Nutrafol""]","false","[{""tier_name"":""Kit"",""price"":258,""sessions"":1,""unit_type"":""sessions""}]","active","695963d83f9f7e3cee687cd6","2026-01-03T18:45:44.317000","2026-01-03T20:41:19.257000","695939a556b8082002a35a69","renukajackson1@gmail.com","false"
"[]","false","true","Product","NUTRAFOL WOMEN","Nutrafol Women Hair Growth","[""Nutrafol""]","false","[{""tier_name"":""1 Month Supply"",""price"":79,""sessions"":1,""unit_type"":""sessions""},{""tier_name"":""3 Month Supply"",""price"":209,""sessions"":1,""unit_type"":""sessions""}]","active","695963d83f9f7e3cee687cc6","2026-01-03T18:45:44.317000","2026-01-03T20:41:19.257000","695939a556b8082002a35a69","renukajackson1@gmail.com","false"
"[]","false","true","Product","NUTRAFOL BUILD UP BLOCKER EXFOLIATOR MASK","Nutrafol Build up Blocker Exfoliator Mask","[""Nutrafol""]","false","[{""tier_name"":""Product"",""price"":49,""sessions"":1}]","active","695963d83f9f7e3cee687cd3","2026-01-03T18:45:44.317000","2026-01-03T20:41:19.257000","695939a556b8082002a35a69","renukajackson1@gmail.com","false"
"[]","false","true","Product","NUTRAFOL MEN","Nutrafol Men Hair Growth","[""Nutrafol""]","false","[{""tier_name"":""1 Month Supply"",""price"":79,""sessions"":1,""unit_type"":""sessions""},{""tier_name"":""3 Month Supply"",""price"":209,""sessions"":1,""unit_type"":""sessions""}]","active","695963d83f9f7e3cee687cc8","2026-01-03T18:45:44.317000","2026-01-03T20:41:19.257000","695939a556b8082002a35a69","renukajackson1@gmail.com","false"
"[]","false","true","Product","NUTRAFOL HAIR BOOSTER COLLAGEN INFUSION MD","Nutrafol Hair Booster Collagen Infusion MD","[""Nutrafol""]","false","[{""tier_name"":""Product"",""price"":59,""sessions"":1,""unit_type"":""sessions""}]","active","695963d83f9f7e3cee687cca","2026-01-03T18:45:44.317000","2026-01-03T20:41:19.257000","695939a556b8082002a35a69","renukajackson1@gmail.com","false"
"[]","false","true","Product","NUTRAFOL WOMEN'S BALANCE","Nutrafol Women's Balance Hair Growth","[""Nutrafol""]","false","[{""tier_name"":""1 Month Supply"",""price"":79,""sessions"":1,""unit_type"":""sessions""},{""tier_name"":""3 Month Supply"",""price"":209,""sessions"":1,""unit_type"":""sessions""}]","active","695963d83f9f7e3cee687cc7","2026-01-03T18:45:44.317000","2026-01-03T20:41:19.257000","695939a556b8082002a35a69","renukajackson1@gmail.com","false"
"[]","false","true","Product","NUTRAFOL FULLEST KIT WOMEN'S BALANCE","Nutrafol Fullest Kit Women's Balance","[""Nutrafol""]","false","[{""tier_name"":""Kit"",""price"":258,""sessions"":1}]","active","695963d83f9f7e3cee687cd5","2026-01-03T18:45:44.317000","2026-01-03T20:41:19.257000","695939a556b8082002a35a69","renukajackson1@gmail.com","false"
"[]","false","true","Product","NUTRAFOL HAIR BOOSTER HAIRBIOTIC","Nutrafol Hair Booster Hairbiotic","[""Nutrafol""]","false","[{""tier_name"":""1 Month Supply"",""price"":40,""sessions"":1,""unit_type"":""sessions""},{""tier_name"":""3 Month Supply"",""price"":100,""sessions"":1,""unit_type"":""sessions""}]","active","695963d83f9f7e3cee687ccc","2026-01-03T18:45:44.317000","2026-01-03T20:41:19.257000","695939a556b8082002a35a69","renukajackson1@gmail.com","false"
"[]","false","false","Procedure","OBAGI RADIANCE PEEL","Obagi Radiance Peel. Add dermaplaning to Peel $75 per Peel","","false","[{""tier_name"":""Single Peel"",""price"":150,""sessions"":1},{""tier_name"":""3 Peels"",""price"":375,""sessions"":3},{""tier_name"":""5 Peels"",""price"":550,""sessions"":5}]","active","6959634a0349e57bb3bb53cc","2026-01-03T18:43:22.437000","2026-01-03T19:12:01.210000","695939a556b8082002a35a69","renukajackson1@gmail.com","false"
"[]","false","false","Procedure","SKINWAVE HYDRO FACIAL","Hydrogen Facial Skinwave Hydro Facial. Add on dermaplaning $75 per Treatment","","true","[{""tier_name"":""Face Single"",""price"":195,""sessions"":1},{""tier_name"":""Face 3 Treatments"",""price"":510,""sessions"":3},{""tier_name"":""Face 6 Treatments"",""price"":900,""sessions"":6},{""tier_name"":""Face & Neck Single"",""price"":250,""sessions"":1},{""tier_name"":""Face & Neck 3 Treatments"",""price"":675,""sessions"":3},{""tier_name"":""Face & Neck 6 Treatments"",""price"":1200,""sessions"":6},{""tier_name"":""Face, Neck & Chest Single"",""price"":350,""sessions"":1},{""tier_name"":""Face, Neck & Chest 3 Treatments"",""price"":900,""sessions"":3},{""tier_name"":""Face, Neck & Chest 6 Treatments"",""price"":1650,""sessions"":6},{""tier_name"":""Back Single"",""price"":425,""sessions"":1},{""tier_name"":""Back 3 Treatments"",""price"":1125,""sessions"":3},{""tier_name"":""Back 6 Treatments"",""price"":2100,""sessions"":6}]","active","6959631d10a1c998fcd8cf94","2026-01-03T18:42:37.239000","2026-01-03T19:12:01.210000","695939a556b8082002a35a69","renukajackson1@gmail.com","false"
"[]","false","false","Procedure","MICRODERMABRASION FACIAL","Microdermabrasion Facial. Add on Microderm to Facial $125+ per Treatment","","true","[{""tier_name"":""1/3 Face Single"",""price"":350,""sessions"":1},{""tier_name"":""1/3 Face Package of 3"",""price"":750,""sessions"":3},{""tier_name"":""Face & Neck Single"",""price"":400,""sessions"":1},{""tier_name"":""Face & Neck Package of 3"",""price"":900,""sessions"":3},{""tier_name"":""Face, Neck & Chest Single"",""price"":450,""sessions"":1},{""tier_name"":""Face, Neck & Chest Package of 3"",""price"":1050,""sessions"":3}]","active","6959631d10a1c998fcd8cf92","2026-01-03T18:42:37.239000","2026-01-03T19:12:01.210000","695939a556b8082002a35a69","renukajackson1@gmail.com","false"
"[]","false","false","Procedure","HIGH FREQUENCY FACIAL","High Frequency Facial. Add High Frequency to Facial $30","","false","[{""tier_name"":""Single Treatment"",""price"":125,""sessions"":1},{""tier_name"":""Package of 3"",""price"":300,""sessions"":3}]","active","6959631d10a1c998fcd8cf93","2026-01-03T18:42:37.239000","2026-01-03T19:12:01.210000","695939a556b8082002a35a69","renukajackson1@gmail.com","false"
"[]","false","false","Procedure","ACNE CLEARING FACIAL","Acne Clearing Facial Treatment","","false","[{""tier_name"":""Single Treatment"",""price"":135,""sessions"":1},{""tier_name"":""3 Treatments"",""price"":360,""sessions"":3}]","active","6959631d10a1c998fcd8cf8a","2026-01-03T18:42:37.238000","2026-01-03T19:12:01.210000","695939a556b8082002a35a69","renukajackson1@gmail.com","false"
"[]","false","false","Procedure","DERMAPLANING ADD-ON","Dermaplaning Face Add-On. Add to Facial, Microneedling, Skinwave, Microdermabrasion Facial or Chemical Peel","","false","[{""tier_name"":""Per Treatment"",""price"":75,""sessions"":1}]","active","6959631d10a1c998fcd8cf90","2026-01-03T18:42:37.238000","2026-01-03T19:12:01.210000","695939a556b8082002a35a69","renukajackson1@gmail.com","false"
"[]","false","false","Procedure","HIGH FREQUENCY FACIAL ADD-ON","High Frequency Face Add-On","","false","[{""tier_name"":""Per Facial"",""price"":30,""sessions"":1}]","active","6959631d10a1c998fcd8cf8d","2026-01-03T18:42:37.238000","2026-01-03T19:12:01.210000","695939a556b8082002a35a69","renukajackson1@gmail.com","false"
"[]","false","false","Procedure","GLOW FACIAL","Glow Facial Treatment","","false","[{""tier_name"":""Single Treatment"",""price"":135,""sessions"":1},{""tier_name"":""3 Treatments"",""price"":360,""sessions"":3}]","active","6959631d10a1c998fcd8cf89","2026-01-03T18:42:37.238000","2026-01-03T19:12:01.210000","695939a556b8082002a35a69","renukajackson1@gmail.com","false"
"[]","false","false","Procedure","ULTRASONIC FACIAL ADD-ON","Ultrasonic Face Add-On","","false","[{""tier_name"":""Per Facial"",""price"":50,""sessions"":1}]","active","6959631d10a1c998fcd8cf8c","2026-01-03T18:42:37.238000","2026-01-03T19:12:01.210000","695939a556b8082002a35a69","renukajackson1@gmail.com","false"
"[]","false","false","Procedure","ANTI-AGING FACIAL","Anti-Aging Facial Treatment","","false","[{""tier_name"":""Single Treatment"",""price"":135,""sessions"":1},{""tier_name"":""3 Treatments"",""price"":360,""sessions"":3}]","active","6959631d10a1c998fcd8cf8b","2026-01-03T18:42:37.238000","2026-01-03T19:12:01.210000","695939a556b8082002a35a69","renukajackson1@gmail.com","false"
"[]","false","false","Procedure","LED RED LIGHT THERAPY ADD-ON","LED Red Light Therapy 15 Minutes Face Add-On","","false","[{""tier_name"":""Per Facial"",""price"":35,""sessions"":1}]","active","6959631d10a1c998fcd8cf8e","2026-01-03T18:42:37.238000","2026-01-03T19:12:01.210000","695939a556b8082002a35a69","renukajackson1@gmail.com","false"
"[]","false","false","Procedure","DERMAPLANING FACIAL","Dermaplaning Facial","","false","[{""tier_name"":""Single Treatment"",""price"":125,""sessions"":1},{""tier_name"":""Package of 3"",""price"":300,""sessions"":3}]","active","6959631d10a1c998fcd8cf91","2026-01-03T18:42:37.238000","2026-01-03T19:12:01.210000","695939a556b8082002a35a69","renukajackson1@gmail.com","false"
"[]","false","false","Procedure","MICRODERMABRASION ADD-ON","Microdermabrasion Face Add-On","","false","[{""tier_name"":""Per Facial"",""price"":125,""sessions"":1}]","active","6959631d10a1c998fcd8cf8f","2026-01-03T18:42:37.238000","2026-01-03T19:12:01.210000","695939a556b8082002a35a69","renukajackson1@gmail.com","false"
"[]","false","false","Procedure","HYPERDILUTE RADIESSE TX","Hyperdilute Radiesse Treatment. Price is per syringe of radiesse hyperdiluted. Standard syringe pricing & specials do NOT apply.","","false","[{""tier_name"":""1 Syringe"",""price"":950,""sessions"":1},{""tier_name"":""2 Syringes"",""price"":900,""sessions"":1},{""tier_name"":""3 Syringes"",""price"":850,""sessions"":1},{""tier_name"":""4 Syringes"",""price"":800,""sessions"":1},{""tier_name"":""5-9 Syringes (per syringe)"",""price"":750,""sessions"":1},{""tier_name"":""10+ Syringes (per syringe)"",""price"":700,""sessions"":1}]","active","695962d18e63e78819d51644","2026-01-03T18:41:21.146000","2026-01-03T19:12:01.210000","695939a556b8082002a35a69","renukajackson1@gmail.com","false"
"[]","false","false","Treatment Package","O SHOT & O SHOT COUPLES","O Shot & O Shot Couples Package","","false","[{""tier_name"":""Couples Package"",""price"":1999,""sessions"":1}]","active","695962bc75df8049afedcb87","2026-01-03T18:41:00.283000","2026-01-03T19:12:01.210000","695939a556b8082002a35a69","renukajackson1@gmail.com","false"
"[]","false","false","Procedure","LABIAPLASTY SURGERY - MINORA","Labiaplasty Surgery - Minora","","false","[{""tier_name"":""Minora"",""price"":3950,""sessions"":1}]","active","695962bc75df8049afedcb8e","2026-01-03T18:41:00.283000","2026-01-03T19:12:01.210000","695939a556b8082002a35a69","renukajackson1@gmail.com","false"
"[]","false","false","Treatment Package","TIRZEPATIDE THERAPY","Tirzepatide Therapy","","false","[{""tier_name"":""2.5mg or 5mg weekly"",""price"":150,""sessions"":1},{""tier_name"":""7.5mg or 10mg weekly"",""price"":200,""sessions"":1},{""tier_name"":""12.5mg or 15mg weekly"",""price"":250,""sessions"":1},{""tier_name"":""Initial Visit & Labs & ECG"",""price"":199,""sessions"":1}]","active","695962bc75df8049afedcb93","2026-01-03T18:41:00.283000","2026-01-03T19:12:01.210000","695939a556b8082002a35a69","renukajackson1@gmail.com","false"
"[]","false","false","Procedure","NOVASURE ABLATION","Endometrial Ablation","","false","[{""tier_name"":""Ablation"",""price"":2200,""sessions"":1}]","active","695962bc75df8049afedcb8a","2026-01-03T18:41:00.283000","2026-01-03T19:12:01.210000","695939a556b8082002a35a69","renukajackson1@gmail.com","false"
"[]","false","false","Treatment Package","P SHOT & P SHOT COUPLES","P Shot & P Shot Couples Package","","false","[{""tier_name"":""Couples Package"",""price"":2999,""sessions"":1}]","active","695962bc75df8049afedcb88","2026-01-03T18:41:00.283000","2026-01-03T19:12:01.210000","695939a556b8082002a35a69","renukajackson1@gmail.com","false"
"[]","false","false","Treatment Package","HGH PEPTIDE THERAPY","HGH Peptide Therapy. Labs: Initial $195, Follow Up $150 (self pay)","","false","[{""tier_name"":""1 Month"",""price"":325,""sessions"":1},{""tier_name"":""3 Months"",""price"":825,""sessions"":3},{""tier_name"":""Initial Consult"",""price"":125,""sessions"":1},{""tier_name"":""Initial Labs (self pay)"",""price"":195,""sessions"":1},{""tier_name"":""Follow Up Labs (self pay)"",""price"":150,""sessions"":1}]","active","695962bc75df8049afedcb7e","2026-01-03T18:41:00.283000","2026-01-03T19:12:01.210000","695939a556b8082002a35a69","renukajackson1@gmail.com","false"
"[]","false","false","Procedure","PERINEOPLASTY & RECTOCELE","Perineoplasty & Rectocele Procedure","","false","[{""tier_name"":""Procedure"",""price"":3000,""sessions"":1}]","active","695962bc75df8049afedcb89","2026-01-03T18:41:00.283000","2026-01-03T19:12:01.210000","695939a556b8082002a35a69","renukajackson1@gmail.com","false"
"[]","false","false","Treatment Package","NAD+ & HGH PEPTIDE THERAPY","NAD+ & HGH Peptide Therapy","","false","[{""tier_name"":""1 Month"",""price"":495,""sessions"":1}]","active","695962bc75df8049afedcb7d","2026-01-03T18:41:00.283000","2026-01-03T19:12:01.210000","695939a556b8082002a35a69","renukajackson1@gmail.com","false"
"[]","false","false","Procedure","LABIAPLASTY SURGERY - MAJORA & MINORA","Labiaplasty Surgery - Majora & Minora","","false","[{""tier_name"":""Majora & Minora"",""price"":4800,""sessions"":1}]","active","695962bc75df8049afedcb8f","2026-01-03T18:41:00.283000","2026-01-03T19:12:01.210000","695939a556b8082002a35a69","renukajackson1@gmail.com","false"
"[]","false","false","Procedure","LABIAPLASTY SURGERY - MINORA & CLITORAL HOOD","Labiaplasty Surgery - Minora & Clitoral Hood","","false","[{""tier_name"":""Minora & Clitoral Hood"",""price"":4800,""sessions"":1}]","active","695962bc75df8049afedcb90","2026-01-03T18:41:00.283000","2026-01-03T19:12:01.210000","695939a556b8082002a35a69","renukajackson1@gmail.com","false"
"[]","false","false","Procedure","O SHOT | ORGASM SHOT","O Shot (Orgasm Shot) - PRF/PRP Procedure","","false","[{""tier_name"":""First Treatment"",""price"":1200,""sessions"":1},{""tier_name"":""2nd under 12 months"",""price"":800,""sessions"":1}]","active","695962bc75df8049afedcb84","2026-01-03T18:41:00.283000","2026-01-03T19:12:01.210000","695939a556b8082002a35a69","renukajackson1@gmail.com","false"
"[]","false","false","Procedure","EARLOBE SURGICAL RECONTOURING","Earlobe Surgical Recontouring","","false","[{""tier_name"":""Single Ear"",""price"":900,""sessions"":1},{""tier_name"":""Both Ears"",""price"":1500,""sessions"":1}]","active","695962bc75df8049afedcb8d","2026-01-03T18:41:00.283000","2026-01-03T19:12:01.210000","695939a556b8082002a35a69","renukajackson1@gmail.com","false"
"[]","false","false","Procedure","EARLOBE SURGICAL TEAR REPAIR","Earlobe Surgical Tear Repair","","false","[{""tier_name"":""Single Ear"",""price"":700,""sessions"":1},{""tier_name"":""Both Ears"",""price"":1000,""sessions"":1}]","active","695962bc75df8049afedcb8b","2026-01-03T18:41:00.283000","2026-01-03T19:12:01.210000","695939a556b8082002a35a69","renukajackson1@gmail.com","false"
"[]","false","false","Procedure","EARLOBE REVOLUMIZING","Earlobe Revolumizing","","false","[{""tier_name"":""Starting Price"",""price"":600,""sessions"":1}]","active","695962bc75df8049afedcb8c","2026-01-03T18:41:00.283000","2026-01-03T19:12:01.210000","695939a556b8082002a35a69","renukajackson1@gmail.com","false"
"[]","false","false","Procedure","VAGINAL REJUVENATION","Vaginal Rejuvenation - Price may vary","","false","[{""tier_name"":""Starting Price"",""price"":4000,""sessions"":1}]","active","695962bc75df8049afedcb91","2026-01-03T18:41:00.283000","2026-01-03T19:12:01.210000","695939a556b8082002a35a69","renukajackson1@gmail.com","false"
"[]","false","false","Procedure","VAMPIRE FACIAL + VIRTUERF","Vampire Facial with VirtueRF - PRF/PRP Procedure","","false","[{""tier_name"":""Single Treatment"",""price"":1000,""sessions"":1},{""tier_name"":""3 Treatments"",""price"":2400,""sessions"":3}]","active","695962bc75df8049afedcb7f","2026-01-03T18:41:00.283000","2026-01-03T19:12:01.210000","695939a556b8082002a35a69","renukajackson1@gmail.com","false"
"[]","false","false","Treatment Package","O SHOT & P SHOT COUPLES","O Shot & P Shot Couples Package","","false","[{""tier_name"":""Couples Package"",""price"":2499,""sessions"":1}]","active","695962bc75df8049afedcb86","2026-01-03T18:41:00.283000","2026-01-03T19:12:01.210000","695939a556b8082002a35a69","renukajackson1@gmail.com","false"
"[]","false","false","Treatment Package","SEMAGLUTIDE THERAPY","Semaglutide Therapy - Weekly Injection Combo","","false","[{""tier_name"":""Weekly Injection Combo"",""price"":135,""sessions"":1},{""tier_name"":""Initial Visit & Labs & ECG"",""price"":199,""sessions"":1}]","active","695962bc75df8049afedcb92","2026-01-03T18:41:00.283000","2026-01-03T19:12:01.210000","695939a556b8082002a35a69","renukajackson1@gmail.com","false"
"[]","false","false","Procedure","P SHOT | PRIAPUS SHOT","P Shot (Priapus Shot) - PRF/PRP Procedure","","false","[{""tier_name"":""First Treatment"",""price"":1900,""sessions"":1},{""tier_name"":""2nd under 12 months"",""price"":1200,""sessions"":1}]","active","695962bc75df8049afedcb85","2026-01-03T18:41:00.283000","2026-01-03T19:12:01.210000","695939a556b8082002a35a69","renukajackson1@gmail.com","false"
"[]","false","false","Procedure","VAMPIRE FACELIFT OR HANDS","Vampire Facelift or Hands - PRF/PRP Procedure","","false","[{""tier_name"":""Single Treatment"",""price"":1500,""sessions"":1},{""tier_name"":""3 Treatments"",""price"":3600,""sessions"":3}]","active","695962bc75df8049afedcb80","2026-01-03T18:41:00.283000","2026-01-03T19:12:01.210000","695939a556b8082002a35a69","renukajackson1@gmail.com","false"
"[]","false","false","Procedure","HEMORRHOIDECTOMY","Hemorrhoidectomy","","false","[{""tier_name"":""Each Session"",""price"":850,""sessions"":1}]","active","695962bc75df8049afedcb95","2026-01-03T18:41:00.283000","2026-01-03T19:12:01.210000","695939a556b8082002a35a69","renukajackson1@gmail.com","false"
"[]","false","false","Procedure","LIPOPLASTY EXCISION","Surgical Excision - Price may vary","","false","[{""tier_name"":""Starting Price"",""price"":3500,""sessions"":1}]","active","695962bc75df8049afedcb94","2026-01-03T18:41:00.283000","2026-01-03T19:12:01.210000","695939a556b8082002a35a69","renukajackson1@gmail.com","false"
"[]","false","false","Procedure","HORMONE MICRODOSE SHOT THERAPY","Hormone Microdose Shot Therapy. Labs: Initial $250, Follow Up $198 (self pay)","","false","[{""tier_name"":""1x Weekly"",""price"":39.95,""sessions"":1},{""tier_name"":""2x Weekly"",""price"":49.95,""sessions"":1},{""tier_name"":""Initial Labs (self pay)"",""price"":250,""sessions"":1},{""tier_name"":""Follow Up Labs (self pay)"",""price"":198,""sessions"":1}]","active","6959627d0349e57bb3bb5380","2026-01-03T18:39:57.601000","2026-01-03T19:12:01.210000","695939a556b8082002a35a69","renukajackson1@gmail.com","false"
"[]","false","false","Procedure","TESTOSTERONE PELLET THERAPY","Testosterone Pellet Therapy - Pellets & Insertion. Labs: Initial $225, Follow Up $150 (self pay)","","false","[{""tier_name"":""Pellets & Insertion"",""price"":750,""sessions"":1},{""tier_name"":""Initial Labs (self pay)"",""price"":225,""sessions"":1},{""tier_name"":""Follow Up Labs (self pay)"",""price"":150,""sessions"":1}]","active","6959627d0349e57bb3bb537e","2026-01-03T18:39:57.601000","2026-01-03T19:12:01.210000","695939a556b8082002a35a69","renukajackson1@gmail.com","false"
"[]","false","false","Product","TESTOSTERONE INJECTIONS - 100MG","Testosterone Injection 100mg","","false","[{""tier_name"":""Per Injection"",""price"":39.95,""sessions"":1}]","active","6959627d0349e57bb3bb537c","2026-01-03T18:39:57.601000","2026-01-03T19:12:01.210000","695939a556b8082002a35a69","renukajackson1@gmail.com","false"
"[]","false","false","Procedure","HORMONE PELLET THERAPY","Hormone Pellet Therapy - Pellets & Insertion. Labs: Initial $250, Follow Up $198 (self pay)","","false","[{""tier_name"":""Pellets & Insertion"",""price"":425,""sessions"":1},{""tier_name"":""Initial Labs (self pay)"",""price"":250,""sessions"":1},{""tier_name"":""Follow Up Labs (self pay)"",""price"":198,""sessions"":1}]","active","6959627d0349e57bb3bb537f","2026-01-03T18:39:57.601000","2026-01-03T19:12:01.210000","695939a556b8082002a35a69","renukajackson1@gmail.com","false"
"[]","false","false","Product","TESTOSTERONE INJECTIONS - 200MG","Testosterone Injection 200mg","","false","[{""tier_name"":""Per Injection"",""price"":39.95,""sessions"":1}]","active","6959627d0349e57bb3bb537d","2026-01-03T18:39:57.601000","2026-01-03T19:12:01.210000","695939a556b8082002a35a69","renukajackson1@gmail.com","false"
"[]","false","false","Procedure","ACOUSTIC WAVE THERAPY","Acoustic Wave Therapy for Men's Health","","false","[{""tier_name"":""1 Treatment"",""price"":450,""sessions"":1},{""tier_name"":""6 Treatments"",""price"":2400,""sessions"":6},{""tier_name"":""12 Treatments"",""price"":4400,""sessions"":12},{""tier_name"":""6 Txs + 1 P Shot"",""price"":3900,""sessions"":6},{""tier_name"":""12 Txs + 2 P Shots"",""price"":7400,""sessions"":12}]","active","6959627d0349e57bb3bb537b","2026-01-03T18:39:57.601000","2026-01-03T19:12:01.210000","695939a556b8082002a35a69","renukajackson1@gmail.com","false"
"[]","false","false","Procedure","TCA MEDICAL PEEL","TCA Medical Peel","","true","[{""tier_name"":""1 Area"",""price"":1000,""sessions"":1},{""tier_name"":""Additional Area"",""price"":250,""sessions"":1}]","active","6959627d0349e57bb3bb5381","2026-01-03T18:39:57.601000","2026-01-03T19:12:01.210000","695939a556b8082002a35a69","renukajackson1@gmail.com","false"
"[]","false","false","Procedure","G SPOT SHOT","Hyaluronic Filler Enhancement","","false","[{""tier_name"":""G Spot Shot"",""price"":1000,""sessions"":1}]","active","6959625cef2db420be702b73","2026-01-03T18:39:24.088000","2026-01-03T19:12:01.210000","695939a556b8082002a35a69","renukajackson1@gmail.com","false"
"[]","false","false","Product","KYBELLA INJECTABLE","Kybella Injectable","","false","[{""tier_name"":""Per Vial"",""price"":650,""sessions"":1}]","active","6959625cef2db420be702b6f","2026-01-03T18:39:24.088000","2026-01-03T19:12:01.210000","695939a556b8082002a35a69","renukajackson1@gmail.com","false"
"[]","false","false","Procedure","PENILE GIRTH ENHANCEMENT - RESTYLANE","Penile Girth Enhancement with Restylane","","false","[{""tier_name"":""1 Syringe"",""price"":800,""sessions"":1},{""tier_name"":""4 Syringes"",""price"":2950,""sessions"":1},{""tier_name"":""6 Syringes"",""price"":4350,""sessions"":1},{""tier_name"":""8 Syringes"",""price"":5700,""sessions"":1},{""tier_name"":""10 Syringes"",""price"":6900,""sessions"":1},{""tier_name"":""12 Syringes"",""price"":7800,""sessions"":1},{""tier_name"":""15 Syringes"",""price"":9500,""sessions"":1}]","active","6959625cef2db420be702b76","2026-01-03T18:39:24.088000","2026-01-03T19:12:01.210000","695939a556b8082002a35a69","renukajackson1@gmail.com","false"
"[]","false","false","Procedure","PENILE GIRTH ENHANCEMENT - JUVEDERM","Penile Girth Enhancement with Juvederm","","false","[{""tier_name"":""1 Syringe"",""price"":850,""sessions"":1},{""tier_name"":""4 Syringes"",""price"":3300,""sessions"":1},{""tier_name"":""6 Syringes"",""price"":4800,""sessions"":1},{""tier_name"":""8 Syringes"",""price"":6200,""sessions"":1},{""tier_name"":""10 Syringes"",""price"":7500,""sessions"":1},{""tier_name"":""12 Syringes"",""price"":8900,""sessions"":1},{""tier_name"":""15 Syringes"",""price"":10500,""sessions"":1}]","active","6959625cef2db420be702b77","2026-01-03T18:39:24.088000","2026-01-03T19:12:01.210000","695939a556b8082002a35a69","renukajackson1@gmail.com","false"
"[]","false","false","Procedure","DYSPORT HYPERHIDROSIS TX","Dysport Hyperhidrosis Treatment - 100 unit treatment. Additional units @$12 each, individual dose varies","","false","[{""tier_name"":""100 Unit Treatment"",""price"":1000,""sessions"":1}]","active","6959625cef2db420be702b72","2026-01-03T18:39:24.088000","2026-01-03T19:12:01.210000","695939a556b8082002a35a69","renukajackson1@gmail.com","false"
"[]","false","false","Procedure","LABIAL REVOLUMIZING - JUVEDERM","Labial Revolumizing with Juvederm","","false","[{""tier_name"":""2cc"",""price"":1600,""sessions"":1},{""tier_name"":""3cc"",""price"":2300,""sessions"":1}]","active","6959625cef2db420be702b75","2026-01-03T18:39:24.088000","2026-01-03T19:12:01.210000","695939a556b8082002a35a69","renukajackson1@gmail.com","false"
"[]","false","false","Product","SCULPTRA - PLLA INJECTABLE","Sculptra PLLA Injectable","","false","[{""tier_name"":""1 Vial"",""price"":750,""sessions"":1},{""tier_name"":""4 Vials"",""price"":2800,""sessions"":1},{""tier_name"":""6 Vials"",""price"":4200,""sessions"":1}]","active","6959625cef2db420be702b6e","2026-01-03T18:39:24.088000","2026-01-03T19:12:01.210000","695939a556b8082002a35a69","renukajackson1@gmail.com","false"
"[]","false","false","Procedure","LABIAL REVOLUMIZING - RESTYLANE","Labial Revolumizing with Restylane","","false","[{""tier_name"":""2cc"",""price"":1500,""sessions"":1},{""tier_name"":""3cc"",""price"":2100,""sessions"":1}]","active","6959625cef2db420be702b74","2026-01-03T18:39:24.088000","2026-01-03T19:12:01.210000","695939a556b8082002a35a69","renukajackson1@gmail.com","false"
"[]","false","false","Procedure","PDO THREADS | NOVATHREAD","PDO Threads NovaThread - Customized Treatment","","false","[{""tier_name"":""Customized"",""price"":250,""sessions"":1}]","active","6959625cef2db420be702b70","2026-01-03T18:39:24.088000","2026-01-03T19:12:01.210000","695939a556b8082002a35a69","renukajackson1@gmail.com","false"
"[]","false","false","Procedure","SCLEROTHERAPY","Sclerotherapy Treatment","","false","[{""tier_name"":""20 Minute Session"",""price"":400,""sessions"":1},{""tier_name"":""3 Sessions"",""price"":1000,""sessions"":3}]","active","6959625cef2db420be702b71","2026-01-03T18:39:24.088000","2026-01-03T19:12:01.210000","695939a556b8082002a35a69","renukajackson1@gmail.com","false"
"[]","false","false","Product","BOTOX NEUROMODULATOR","Botox Neuromodulator","","false","[{""tier_name"":""Per Unit"",""price"":13,""sessions"":1}]","active","695962335e4130cae69524d9","2026-01-03T18:38:43.884000","2026-01-03T19:12:01.210000","695939a556b8082002a35a69","renukajackson1@gmail.com","false"
"[]","false","false","Product","XEOMIN NEUROMODULATOR","Xeomin Neuromodulator","","false","[{""tier_name"":""Per Unit"",""price"":12,""sessions"":1}]","active","695962335e4130cae69524d8","2026-01-03T18:38:43.884000","2026-01-03T19:12:01.210000","695939a556b8082002a35a69","renukajackson1@gmail.com","false"
"[]","false","false","Product","JUVEAU NEUROMODULATOR","Juveau Neuromodulator","","false","[{""tier_name"":""Per Unit"",""price"":13,""sessions"":1}]","active","695962335e4130cae69524da","2026-01-03T18:38:43.884000","2026-01-03T19:12:01.210000","695939a556b8082002a35a69","renukajackson1@gmail.com","false"
"[]","false","false","Product","DAXXIFY NEUROMODULATOR","Daxxify Neuromodulator","","false","[{""tier_name"":""Per Unit"",""price"":13,""sessions"":1}]","active","695962335e4130cae69524db","2026-01-03T18:38:43.884000","2026-01-03T19:12:01.210000","695939a556b8082002a35a69","renukajackson1@gmail.com","false"
"[]","false","false","Product","DYSPORT NEUROMODULATOR","Dysport Neuromodulator","","false","[{""tier_name"":""Per Unit"",""price"":12,""sessions"":1}]","active","695962335e4130cae69524d7","2026-01-03T18:38:43.884000","2026-01-03T19:12:01.210000","695939a556b8082002a35a69","renukajackson1@gmail.com","false"
"[]","false","false","Product","JUVEDERM DERMAL FILLER","Juvederm Brand Dermal Filler","","false","[{""tier_name"":""Per Syringe"",""price"":800,""sessions"":1}]","active","69596207e6a47da9c21eebba","2026-01-03T18:37:59.493000","2026-01-03T19:12:01.210000","695939a556b8082002a35a69","renukajackson1@gmail.com","false"
"[]","false","false","Product","RESTYLANE DERMAL FILLER","Restylane Brand Dermal Filler","","false","[{""tier_name"":""Per Syringe"",""price"":725,""sessions"":1}]","active","69596207e6a47da9c21eebb8","2026-01-03T18:37:59.493000","2026-01-03T19:12:01.210000","695939a556b8082002a35a69","renukajackson1@gmail.com","false"
"[]","false","false","Product","RADIESSE DERMAL FILLER","Radiesse Brand Dermal Filler","","false","[{""tier_name"":""Per Syringe"",""price"":750,""sessions"":1}]","active","69596207e6a47da9c21eebb9","2026-01-03T18:37:59.493000","2026-01-03T19:12:01.210000","695939a556b8082002a35a69","renukajackson1@gmail.com","false"
"[]","false","false","Procedure","PRECISIONTX HYPERHIDROSIS","PrecisionTx Sweat Gland Ablation Treatment","","false","[{""tier_name"":""1st Treatment"",""price"":2500,""sessions"":1},{""tier_name"":""2nd Treatment"",""price"":1750,""sessions"":1}]","active","695961ea208fd8547b159551","2026-01-03T18:37:30.476000","2026-01-03T19:12:01.210000","695939a556b8082002a35a69","renukajackson1@gmail.com","false"
"[]","false","false","Procedure","MCL31 DERMABLATE LASER-ABLATION","Growth & Spot Laser Treatment. Includes 1 Noon Aftercare Kit with single treatment or package","","true","[{""tier_name"":""1-5 Spots"",""price"":200,""sessions"":1},{""tier_name"":""6-10 Spots"",""price"":300,""sessions"":1},{""tier_name"":""11-20 Spots"",""price"":500,""sessions"":1}]","active","695961ea208fd8547b15954f","2026-01-03T18:37:30.476000","2026-01-03T19:12:01.210000","695939a556b8082002a35a69","renukajackson1@gmail.com","false"
"[]","false","false","Procedure","EZ GEL PRF + ALBUMIN","EZ Gel PRF + Albumin treatment. We provide individual quotes for other areas & volumes","","true","[{""tier_name"":""Eyes or Single Small Area (1 Tx)"",""price"":1000,""sessions"":1},{""tier_name"":""Eyes or Single Small Area (2 Tx)"",""price"":1600,""sessions"":2},{""tier_name"":""Eyes or Single Small Area (3 Tx)"",""price"":2100,""sessions"":3},{""tier_name"":""Face or Larger Area (1 Tx)"",""price"":1500,""sessions"":1},{""tier_name"":""Face or Larger Area (2 Tx)"",""price"":2500,""sessions"":2},{""tier_name"":""Face or Larger Area (3 Tx)"",""price"":3500,""sessions"":3}]","active","695961ea208fd8547b159550","2026-01-03T18:37:30.476000","2026-01-03T19:12:01.210000","695939a556b8082002a35a69","renukajackson1@gmail.com","false"
"[]","false","false","Procedure","JULIET/V-LASE INTIMATE LASER","Juliet/V-Lase Intimate Laser Treatment","","true","[{""tier_name"":""Vaginal (inner) (1 Tx)"",""price"":900,""sessions"":1},{""tier_name"":""Vaginal (inner) (2 Tx)"",""price"":1600,""sessions"":2},{""tier_name"":""Vaginal (inner) (3 Tx)"",""price"":2100,""sessions"":3},{""tier_name"":""Labial (outer) (1 Tx)"",""price"":500,""sessions"":1},{""tier_name"":""Labial (outer) (2 Tx)"",""price"":900,""sessions"":2},{""tier_name"":""Labial (outer) (3 Tx)"",""price"":1200,""sessions"":3}]","active","695961d3938215877ee11c8c","2026-01-03T18:37:07.644000","2026-01-03T19:12:01.210000","695939a556b8082002a35a69","renukajackson1@gmail.com","false"
"[]","false","false","Procedure","CHROME REVIVO OR DEFINE","Chrome Revivo or Define. Includes 1 Noon Aftercare Kit with single treatment or package","","true","[{""tier_name"":""1 Area (1 Tx)"",""price"":1350,""sessions"":1},{""tier_name"":""1 Area (3 Tx)"",""price"":3100,""sessions"":3}]","active","6959611b8fdd5f2fb447a2dc","2026-01-03T18:34:03.989000","2026-01-03T19:12:01.210000","695939a556b8082002a35a69","renukajackson1@gmail.com","false"
"[]","false","false","Procedure","CHROME NATURA PEEL LASER","Chrome Natura Peel Laser","","false","[{""tier_name"":""Face (1 Tx)"",""price"":500,""sessions"":1},{""tier_name"":""Face (3 Tx)"",""price"":1200,""sessions"":3}]","active","6959611b8fdd5f2fb447a2d9","2026-01-03T18:34:03.989000","2026-01-03T19:12:01.210000","695939a556b8082002a35a69","renukajackson1@gmail.com","false"
"[]","false","false","Procedure","CHROME PIGMENT SPOTS","Chrome Pigment Spots treatment","","true","[{""tier_name"":""Small 1-5 spots (1 Tx)"",""price"":150,""sessions"":1},{""tier_name"":""Small 1-5 spots (3 Tx)"",""price"":300,""sessions"":3},{""tier_name"":""Medium 6-10 spots (1 Tx)"",""price"":250,""sessions"":1},{""tier_name"":""Medium 6-10 spots (3 Tx)"",""price"":600,""sessions"":3},{""tier_name"":""Large 11-20 spots (1 Tx)"",""price"":350,""sessions"":1},{""tier_name"":""Large 11-20 spots (3 Tx)"",""price"":900,""sessions"":3}]","active","6959611b8fdd5f2fb447a2df","2026-01-03T18:34:03.989000","2026-01-03T19:12:01.210000","695939a556b8082002a35a69","renukajackson1@gmail.com","false"
"[]","false","false","Procedure","CHROME IPL","Chrome IPL laser treatment","","true","[{""tier_name"":""Face OR Neck OR Chest (1 Tx)"",""price"":400,""sessions"":1},{""tier_name"":""Face OR Neck OR Chest (3 Tx)"",""price"":900,""sessions"":3},{""tier_name"":""Face & Neck OR Scalp (1 Tx)"",""price"":600,""sessions"":1},{""tier_name"":""Face & Neck OR Scalp (3 Tx)"",""price"":1500,""sessions"":3},{""tier_name"":""Face & Neck & Chest (1 Tx)"",""price"":800,""sessions"":1},{""tier_name"":""Face & Neck & Chest (3 Tx)"",""price"":2000,""sessions"":3},{""tier_name"":""Arms OR 1/2 Legs OR Back (1 Tx)"",""price"":1000,""sessions"":1},{""tier_name"":""Arms OR 1/2 Legs OR Back (3 Tx)"",""price"":2400,""sessions"":3}]","active","6959611b8fdd5f2fb447a2dd","2026-01-03T18:34:03.989000","2026-01-03T19:12:01.210000","695939a556b8082002a35a69","renukajackson1@gmail.com","false"
"[]","false","false","Procedure","CHROME REFRESH","Chrome Refresh. Includes 1 Noon Aftercare Kit with single treatment or package","","true","[{""tier_name"":""1 Area (1 Tx)"",""price"":1100,""sessions"":1},{""tier_name"":""1 Area (3 Tx)"",""price"":2500,""sessions"":3}]","active","6959611b8fdd5f2fb447a2db","2026-01-03T18:34:03.989000","2026-01-03T19:12:01.210000","695939a556b8082002a35a69","renukajackson1@gmail.com","false"
"[]","false","false","Procedure","CHROME DECOLLETE LASER","Chrome Decollete Laser. Includes 1 Noon Aftercare Kit with single treatment or package","","false","[{""tier_name"":""Chest (1 Tx)"",""price"":900,""sessions"":1},{""tier_name"":""Chest (3 Tx)"",""price"":1900,""sessions"":3}]","active","6959611b8fdd5f2fb447a2da","2026-01-03T18:34:03.989000","2026-01-03T19:12:01.210000","695939a556b8082002a35a69","renukajackson1@gmail.com","false"
"[]","false","false","Procedure","CHROME VASCULAR LASER","Chrome Vascular Laser treatment","","true","[{""tier_name"":""1 Area (eg. 1/2 leg, face) (1 Tx)"",""price"":400,""sessions"":1},{""tier_name"":""1 Area (eg. 1/2 leg, face) (2 Tx)"",""price"":700,""sessions"":2}]","active","6959611b8fdd5f2fb447a2d8","2026-01-03T18:34:03.989000","2026-01-03T19:12:01.210000","695939a556b8082002a35a69","renukajackson1@gmail.com","false"
"[]","false","false","Procedure","CHROME TATTOO REMOVAL","Chrome Tattoo Removal laser treatment. Ask us about larger tattoos","","true","[{""tier_name"":""Small 1-3 inches (1 Tx)"",""price"":150,""sessions"":1},{""tier_name"":""Small 1-3 inches (8 Tx)"",""price"":1000,""sessions"":8},{""tier_name"":""Medium 4-5 inches (1 Tx)"",""price"":250,""sessions"":1},{""tier_name"":""Medium 4-5 inches (8 Tx)"",""price"":1600,""sessions"":8},{""tier_name"":""Large 6-7 inches (1 Tx)"",""price"":350,""sessions"":1},{""tier_name"":""Large 6-7 inches (8 Tx)"",""price"":2400,""sessions"":8}]","active","6959611b8fdd5f2fb447a2de","2026-01-03T18:34:03.989000","2026-01-03T19:12:01.210000","695939a556b8082002a35a69","renukajackson1@gmail.com","false"
"[]","false","false","Procedure","SUBNOVII PLASMA PEN - RF+ PLASMA FIBROBLAST TX","SubNovii Plasma Pen RF+ Plasma Fibroblast Treatment","","true","[{""tier_name"":""Mouth OR Jaw OR Tragus"",""price"":900,""sessions"":1},{""tier_name"":""Forehead OR Crow's Feet OR Brow"",""price"":1200,""sessions"":1},{""tier_name"":""Full Eyes OR Chest OR Neck"",""price"":2000,""sessions"":1},{""tier_name"":""Mouth & Jaw & Neck"",""price"":3000,""sessions"":1},{""tier_name"":""Full Eyes & Face & Neck"",""price"":4000,""sessions"":1}]","active","695960926ce1b7262dd6dad9","2026-01-03T18:31:46.342000","2026-01-03T19:12:01.210000","695939a556b8082002a35a69","renukajackson1@gmail.com","false"
"[]","false","false","Procedure","VIRTUE SMART RF MICRONEEDLING","Virtue Smart RF Microneedling. Includes 1 Noon Aftercare Kit with single treatment or package","","true","[{""tier_name"":""Face OR Neck OR Chest (1 Tx)"",""price"":950,""sessions"":1},{""tier_name"":""Face OR Neck OR Chest (3 Tx)"",""price"":2200,""sessions"":3},{""tier_name"":""Face & Neck (1 Tx)"",""price"":1150,""sessions"":1},{""tier_name"":""Face & Neck (3 Tx)"",""price"":2600,""sessions"":3},{""tier_name"":""Face & Neck & Chest (1 Tx)"",""price"":1350,""sessions"":1},{""tier_name"":""Face & Neck & Chest (3 Tx)"",""price"":3100,""sessions"":3},{""tier_name"":""Upper Arms OR Flanks (1 Tx)"",""price"":1600,""sessions"":1},{""tier_name"":""Upper Arms OR Flanks (3 Tx)"",""price"":3700,""sessions"":3},{""tier_name"":""Abdomen OR Hips OR Inner/Outer Thighs OR Buttocks (1 Tx)"",""price"":950,""sessions"":1},{""tier_name"":""Abdomen OR Hips OR Inner/Outer Thighs OR Buttocks (3 Tx)"",""price"":2200,""sessions"":3},{""tier_name"":""Scars OR Stretch Marks (from)"",""price"":950,""sessions"":1}]","active","69595f9351ee0b41959e840d","2026-01-03T18:27:31.943000","2026-01-03T19:12:01.210000","695939a556b8082002a35a69","renukajackson1@gmail.com","false"
"[]","false","false","Procedure","VIRTUE EXACT RF","Virtue Exact RF. Comes with cream for aftercare","","true","[{""tier_name"":""Peri Orbital Eye Bags OR Festoons (1 Tx)"",""price"":2250,""sessions"":1},{""tier_name"":""Peri Orbital Eye Bags OR Festoons (3 Tx)"",""price"":3600,""sessions"":3},{""tier_name"":""Submental (1 Tx)"",""price"":1750,""sessions"":1},{""tier_name"":""Submental (3 Tx)"",""price"":2800,""sessions"":3}]","active","69595f9351ee0b41959e840e","2026-01-03T18:27:31.943000","2026-01-03T19:12:01.210000","695939a556b8082002a35a69","renukajackson1@gmail.com","false"
"[]","false","false","Procedure","VIRTUE DEEP RF","Virtue Deep RF. Comes with cream for aftercare","","true","[{""tier_name"":""Submental OR Buccal (1 Tx)"",""price"":2500,""sessions"":1},{""tier_name"":""Submental OR Buccal (3 Tx)"",""price"":4000,""sessions"":3},{""tier_name"":""Upper Arms OR Flanks (1 Tx)"",""price"":750,""sessions"":1},{""tier_name"":""Upper Arms OR Flanks (3 Tx)"",""price"":1600,""sessions"":3},{""tier_name"":""Abdomen OR Hips OR Inner/Outer Thighs OR Buttocks (1 Tx)"",""price"":1350,""sessions"":1},{""tier_name"":""Abdomen OR Hips OR Inner/Outer Thighs OR Buttocks (3 Tx)"",""price"":3100,""sessions"":3},{""tier_name"":""Underarm Hyperhidrosis Tx (1 Tx)"",""price"":800,""sessions"":1},{""tier_name"":""Underarm Hyperhidrosis Tx (3 Tx)"",""price"":2100,""sessions"":3}]","active","69595f9351ee0b41959e840f","2026-01-03T18:27:31.943000","2026-01-03T19:12:01.210000","695939a556b8082002a35a69","renukajackson1@gmail.com","false"
"[]","false","false","Procedure","TETRA FRACTIONAL CO2","Tetra Fractional CO2 laser. Includes Exosomes for each treatment","","true","[{""tier_name"":""Face OR Neck OR Chest (1 Tx)"",""price"":2200,""sessions"":1},{""tier_name"":""Face & Neck (1 Tx)"",""price"":2500,""sessions"":1},{""tier_name"":""Face & Neck & Chest (1 Tx)"",""price"":2800,""sessions"":1},{""tier_name"":""Upper & Lower Eyelids (1 Tx)"",""price"":1200,""sessions"":1},{""tier_name"":""Upper & Lower Eyelids (3 Tx)"",""price"":2700,""sessions"":3}]","active","69595f5068183bcabeb8b24f","2026-01-03T18:26:24.069000","2026-01-03T19:12:01.210000","695939a556b8082002a35a69","renukajackson1@gmail.com","false"
"[]","false","false","Procedure","COOLPEEL FRACTIONAL CO2","CoolPeel Fractional CO2 laser. Includes 1 Noon Aftercare Kit and Exosomes with each treatment","","true","[{""tier_name"":""Face, Neck OR Chest (1 Tx)"",""price"":1200,""sessions"":1},{""tier_name"":""Face, Neck OR Chest (3 Tx)"",""price"":3000,""sessions"":3},{""tier_name"":""Face, Neck OR Chest (5 Tx)"",""price"":4600,""sessions"":5},{""tier_name"":""Face & Neck (1 Tx)"",""price"":1600,""sessions"":1},{""tier_name"":""Face & Neck (3 Tx)"",""price"":3700,""sessions"":3},{""tier_name"":""Face & Neck (5 Tx)"",""price"":5800,""sessions"":5},{""tier_name"":""Face & Neck & Chest (1 Tx)"",""price"":1900,""sessions"":1},{""tier_name"":""Face & Neck & Chest (3 Tx)"",""price"":4300,""sessions"":3},{""tier_name"":""Face & Neck & Chest (5 Tx)"",""price"":6600,""sessions"":5},{""tier_name"":""Upper & Lower Eyelids (1 Tx)"",""price"":900,""sessions"":1},{""tier_name"":""Upper & Lower Eyelids (3 Tx)"",""price"":2100,""sessions"":3}]","active","69595eedf38a00357c69378f","2026-01-03T18:24:45.488000","2026-01-03T19:12:01.210000","695939a556b8082002a35a69","renukajackson1@gmail.com","false"
"[]","false","false","Treatment Package","ULTIMATE DUO COMBO - VIRTUE RF+COOLPEEL","Virtue RF + CoolPeel combo. Includes 1 Noon Aftercare Kit and Exosomes each treatment","","true","[{""tier_name"":""Face OR Neck OR Chest (1 Tx)"",""price"":1900,""sessions"":1},{""tier_name"":""Face OR Neck OR Chest (3 Tx)"",""price"":4750,""sessions"":3},{""tier_name"":""Face & Neck (1 Tx)"",""price"":2150,""sessions"":1},{""tier_name"":""Face & Neck (3 Tx)"",""price"":5500,""sessions"":3},{""tier_name"":""Face & Neck & Chest (1 Tx)"",""price"":2650,""sessions"":1},{""tier_name"":""Face & Neck & Chest (3 Tx)"",""price"":7000,""sessions"":3},{""tier_name"":""Arms OR 1/2 Legs (1 Tx)"",""price"":2900,""sessions"":1},{""tier_name"":""Arms OR 1/2 Legs (3 Tx)"",""price"":7600,""sessions"":3}]","active","69595d7a0c0b2391e83cbcc9","2026-01-03T18:18:34.805000","2026-01-03T19:12:01.210000","695939a556b8082002a35a69","renukajackson1@gmail.com","false"
"[]","false","false","Treatment Package","TRILOGY COMBO - VIRTUERF+COOLPEEL+SUBNOVII","Virtue RF + CoolPeel + SubNovii combo. Includes 1 Noon Aftercare Kit. +2 adds 1 more CoolPeel & 1 more Virtue RF","","true","[{""tier_name"":""Face OR Neck OR Chest (1 Tx)"",""price"":2800,""sessions"":1},{""tier_name"":""Face OR Neck OR Chest (+2 Tx)"",""price"":3800,""sessions"":3},{""tier_name"":""Face & Neck (1 Tx)"",""price"":3300,""sessions"":1},{""tier_name"":""Face & Neck (+2 Tx)"",""price"":4500,""sessions"":3},{""tier_name"":""Face & Neck & Chest (1 Tx)"",""price"":4000,""sessions"":1},{""tier_name"":""Face & Neck & Chest (+2 Tx)"",""price"":5500,""sessions"":3}]","active","69595d7a0c0b2391e83cbccb","2026-01-03T18:18:34.805000","2026-01-03T19:12:01.210000","695939a556b8082002a35a69","renukajackson1@gmail.com","false"
"[]","false","false","Treatment Package","GLOW H2O COMBO - SKINWAVE+VIRTUERF","SkinWave + Virtue RF combo. Includes 1 Noon Aftercare Kit","","true","[{""tier_name"":""Face OR Neck OR Chest (1 Tx)"",""price"":1050,""sessions"":1},{""tier_name"":""Face OR Neck OR Chest (3 Tx)"",""price"":2500,""sessions"":3},{""tier_name"":""Face & Neck (1 Tx)"",""price"":1150,""sessions"":1},{""tier_name"":""Face & Neck (3 Tx)"",""price"":2700,""sessions"":3},{""tier_name"":""Face & Neck & Chest (1 Tx)"",""price"":1350,""sessions"":1},{""tier_name"":""Face & Neck & Chest (3 Tx)"",""price"":3100,""sessions"":3}]","active","69595d7a0c0b2391e83cbccc","2026-01-03T18:18:34.805000","2026-01-03T19:12:01.210000","695939a556b8082002a35a69","renukajackson1@gmail.com","false"
"[]","false","false","Treatment Package","RENEW & REJUVENATE COMBO - SKINWAVE+VIRTUERF+SUBNOVII","SkinWave + Virtue RF + SubNovii combo. Includes 1 Noon Aftercare Kit","","true","[{""tier_name"":""Face OR Neck OR Chest (1 Tx)"",""price"":2300,""sessions"":1},{""tier_name"":""Face OR Neck OR Chest (3 Tx)"",""price"":5500,""sessions"":3},{""tier_name"":""Face & Neck (1 Tx)"",""price"":2500,""sessions"":1},{""tier_name"":""Face & Neck (3 Tx)"",""price"":5900,""sessions"":3},{""tier_name"":""Face & Neck & Chest (1 Tx)"",""price"":2700,""sessions"":1},{""tier_name"":""Face & Neck & Chest (3 Tx)"",""price"":6500,""sessions"":3}]","active","69595d7a0c0b2391e83cbcce","2026-01-03T18:18:34.805000","2026-01-03T19:12:01.210000","695939a556b8082002a35a69","renukajackson1@gmail.com","false"
"[]","false","false","Treatment Package","COLLAGEN COMBO - VIRTUERF+SUBNOVII","Virtue RF + SubNovii combo. Includes 1 Noon Aftercare Kit","","true","[{""tier_name"":""Mouth OR Jaw OR Tragus"",""price"":1300,""sessions"":1},{""tier_name"":""Forehead OR Crow's Feet OR Brow"",""price"":1600,""sessions"":1},{""tier_name"":""Full Eyes OR Chest OR Neck"",""price"":2400,""sessions"":1},{""tier_name"":""Mouth & Jaw & Neck"",""price"":3400,""sessions"":1},{""tier_name"":""Full Eyes & Face & Neck"",""price"":4500,""sessions"":1}]","active","69595d7a0c0b2391e83cbccf","2026-01-03T18:18:34.805000","2026-01-03T19:12:01.210000","695939a556b8082002a35a69","renukajackson1@gmail.com","false"
"[]","false","false","Treatment Package","EYE 360 COMBO - VIRTUE EXACT RF+SUBNOVII","Virtue Exact RF + SubNovii eye treatment combo. *Eye 360 combo gets 1 Subnovii Kit and 1 xact cream - NO NOON Aftercare Kit","","true","[{""tier_name"":""Full Eye - Upper & Lower"",""price"":3850,""sessions"":1},{""tier_name"":""Under Eye"",""price"":2850,""sessions"":1}]","active","69595d7a0c0b2391e83cbcd1","2026-01-03T18:18:34.805000","2026-01-03T19:12:01.210000","695939a556b8082002a35a69","renukajackson1@gmail.com","false"
"[]","false","false","Treatment Package","VIBRANCE COMBO - COOLPEEL+SUBNOVII","CoolPeel + SubNovii combo. Includes 1 Noon Aftercare Kit","","true","[{""tier_name"":""Mouth OR Jaw OR Tragus"",""price"":1200,""sessions"":1},{""tier_name"":""Forehead OR Crow's Feet OR Brow"",""price"":1500,""sessions"":1},{""tier_name"":""Full Eyes OR Chest OR Neck"",""price"":2300,""sessions"":1},{""tier_name"":""Mouth & Jaw & Neck"",""price"":3300,""sessions"":1},{""tier_name"":""Full Eyes & Face & Neck"",""price"":4300,""sessions"":1}]","active","69595d7a0c0b2391e83cbcd0","2026-01-03T18:18:34.805000","2026-01-03T19:12:01.210000","695939a556b8082002a35a69","renukajackson1@gmail.com","false"
"[]","false","false","Procedure","MOTUS PL - PIGMENT & BROWN SPOTS","Motus AZ+ painless laser treatment for pigment and brown spots","","true","[{""tier_name"":""Face OR Neck OR Chest (1 Tx)"",""price"":250,""sessions"":1},{""tier_name"":""Face OR Neck OR Chest (3 Tx)"",""price"":600,""sessions"":3},{""tier_name"":""Face & Neck & Chest (1 Tx)"",""price"":350,""sessions"":1},{""tier_name"":""Face & Neck & Chest (3 Tx)"",""price"":900,""sessions"":3},{""tier_name"":""Arms OR 1/2 Legs OR Back (1 Tx)"",""price"":450,""sessions"":1},{""tier_name"":""Arms OR 1/2 Legs OR Back (3 Tx)"",""price"":1050,""sessions"":3}]","active","69595c4d7ca20b4d2cf1573c","2026-01-03T18:13:33.710000","2026-01-03T19:12:01.210000","695939a556b8082002a35a69","renukajackson1@gmail.com","false"
"[]","false","false","Procedure","MOTUS AZ+ LASER HAIR REDUCTION","Motus AZ+ laser hair reduction treatment","","true","[{""tier_name"":""Lower Face OR Ears OR Toes (1 Tx)"",""price"":100,""sessions"":1},{""tier_name"":""Lower Face OR Ears OR Toes (8 Tx)"",""price"":650,""sessions"":8},{""tier_name"":""Lower Face OR Ears OR Toes (Additional)"",""price"":70,""sessions"":1},{""tier_name"":""Underarms, Neck OR Full Face (1 Tx)"",""price"":150,""sessions"":1},{""tier_name"":""Underarms, Neck OR Full Face (8 Tx)"",""price"":1000,""sessions"":8},{""tier_name"":""Underarms, Neck OR Full Face (Additional)"",""price"":100,""sessions"":1},{""tier_name"":""Bikini, Scalp OR Forearms (1 Tx)"",""price"":200,""sessions"":1},{""tier_name"":""Bikini, Scalp OR Forearms (8 Tx)"",""price"":1300,""sessions"":8},{""tier_name"":""Bikini, Scalp OR Forearms (Additional)"",""price"":140,""sessions"":1},{""tier_name"":""Brazilian OR Abdomen (1 Tx)"",""price"":250,""sessions"":1},{""tier_name"":""Brazilian OR Abdomen (8 Tx)"",""price"":1700,""sessions"":8},{""tier_name"":""Brazilian OR Abdomen (Additional)"",""price"":175,""sessions"":1},{""tier_name"":""1/2 Leg, Arms, Chest OR Back (1 Tx)"",""price"":350,""sessions"":1},{""tier_name"":""1/2 Leg, Arms, Chest OR Back (8 Tx)"",""price"":2400,""sessions"":8},{""tier_name"":""1/2 Leg, Arms, Chest OR Back (Additional)"",""price"":240,""sessions"":1},{""tier_name"":""Full Legs (1 Tx)"",""price"":450,""sessions"":1},{""tier_name"":""Full Legs (8 Tx)"",""price"":3000,""sessions"":8},{""tier_name"":""Full Legs (Additional)"",""price"":300,""sessions"":1}]","active","69595c4d7ca20b4d2cf15740","2026-01-03T18:13:33.710000","2026-01-03T19:12:01.210000","695939a556b8082002a35a69","renukajackson1@gmail.com","false"
"[]","false","false","Procedure","MOTUS GLO PHOTO COLLAGEN BOOST","Motus Glo photo collagen boost treatment","","true","[{""tier_name"":""Face OR Neck OR Chest (1 Tx)"",""price"":600,""sessions"":1},{""tier_name"":""Face OR Neck OR Chest (3 Tx)"",""price"":1200,""sessions"":3},{""tier_name"":""Face & Neck & Chest (1 Tx)"",""price"":900,""sessions"":1},{""tier_name"":""Face & Neck & Chest (3 Tx)"",""price"":2100,""sessions"":3},{""tier_name"":""1/2 Legs OR Arms OR Back (1 Tx)"",""price"":1200,""sessions"":1},{""tier_name"":""1/2 Legs OR Arms OR Back (3 Tx)"",""price"":3000,""sessions"":3}]","active","69595c4d7ca20b4d2cf1573f","2026-01-03T18:13:33.710000","2026-01-03T19:12:01.210000","695939a556b8082002a35a69","renukajackson1@gmail.com","false"
"[]","false","false","Procedure","MOTUS VL - BROKEN VESSELS & ROSACEA","Motus AZ+ treatment for broken vessels and rosacea","","false","[{""tier_name"":""Facial (1 Tx)"",""price"":350,""sessions"":1},{""tier_name"":""Facial (3 Tx)"",""price"":900,""sessions"":3}]","active","69595c4d7ca20b4d2cf1573e","2026-01-03T18:13:33.710000","2026-01-03T19:12:01.210000","695939a556b8082002a35a69","renukajackson1@gmail.com","false"
"[]","false","false","Procedure","MOTUS SL - SKIN RESURFACING & SCARS","Motus AZ+ skin resurfacing and scar treatment","","true","[{""tier_name"":""Face OR 1 Area (1 Tx)"",""price"":350,""sessions"":1},{""tier_name"":""Face OR 1 Area (3 Tx)"",""price"":900,""sessions"":3}]","active","69595c4d7ca20b4d2cf1573d","2026-01-03T18:13:33.710000","2026-01-03T19:12:01.210000","695939a556b8082002a35a69","renukajackson1@gmail.com","false"
"[]","true","true","Procedure","Botox","Botox treatment per unit","","true","[{""tier_name"":""Per Unit"",""price"":13,""sessions"":1}]","active","695953c738b9830858e50fe8","2026-01-03T17:37:11.548000","2026-01-03T19:12:01.210000","695939a556b8082002a35a69","renukajackson1@gmail.com","false"
"[]","true","false","Procedure","Bioidentical Hormone Pellet Therapy","3-6 month hormone pellet insertion","[""Hormone Therapy""]","false","[{""tier_name"":""Women"",""price"":425,""sessions"":1,""unit_type"":""sessions""},{""tier_name"":""Men"",""price"":750,""sessions"":1,""unit_type"":""sessions""}]","active","695953c738b9830858e50fe5","2026-01-03T17:37:11.548000","2026-01-03T20:23:07.266000","695939a556b8082002a35a69","renukajackson1@gmail.com","false"